title,text,rating,date,username,verified,source
,"Since I started using this card, I haven't had any problems. The start was a bit bumpy because the first card never arrived. But the second card came as promised. Transfers are straightforward, and i... See more",,2026-03-20T12:01:04.000Z,TH,False,Trustpilot
,I have experienced hackers.on free wifi even changing software giving.me.wierd bills to pay and revolut have uncomplicated my digital life and got.good.invest options not to get rich but to have revol... See more,,2026-03-20T17:44:05.000Z,BH,False,Trustpilot
,"I find revolut so easy to use and everything transaction is immediately available to see on the app
 I find it so handy when travelling as it saves me having to get different currencies each time I t... See more",,2026-03-20T20:14:10.000Z,ML,False,Trustpilot
,Fast money transfer processing enabling GBP to be moved to Euro accounts and then transferred to private Euro account in a couple of minutes.  When money is needed abroad quickly this has been extreme... See more,,2026-03-20T09:02:17.000Z,PE,False,Trustpilot
,"Easy sign up, almost instant availability, easy to add funds and prompt delivery of physical card. I’m using mine routinely and so far have no grounds to grumble.",,2026-03-20T19:43:02.000Z,GS,False,Trustpilot
,"Loving my new revolut card and app, I can see exactly what I spend, its easy to transfer money on to my app/ card/ phone
Revolut keeps me up to date with everything. 
Highly recommend especially if... See more",,2026-03-20T09:30:33.000Z,SA,False,Trustpilot
,I was astounded by how excellent this banking app is. Revolut boasts a modern design and is incredibly user-friendly. Everything operates swiftly and seamlessly. I highly recommend it to anyone seekin... See more,,2026-03-20T19:49:48.000Z,KH,False,Trustpilot
,I only use my Revolut Card while on holiday. I top it up before we go then watch the transactions every day so I always know just how much I have spent! Whether in the USA or Europe it’s been a godsen... See more,,2026-03-20T16:32:55.000Z,LM,False,Trustpilot
,"Sometimes there are errors paying or withdrawing money or adding money from PayPal to the Debit Card. Stimmt Service fees are low and not paying a penny per month. 

Very good experience and pricing... See more",,2026-03-20T02:02:48.000Z,EH,False,Trustpilot
,Revolut has made everyday banking feel simple and stress‑free for me. Very quick signup and onboarding.  Everyday use is smooth with instant notifications after every transaction.  Excellent for trave... See more,,2026-03-20T20:24:38.000Z,KA,False,Trustpilot
,"Foreign exchange facility is so great. Rates are always better than other banks and using it is seamless. This is on top of all the other benefits of Revolut, bill sharing, instant transfers etc",,2026-03-20T23:56:23.000Z,EJ,False,Trustpilot
,"Super easy to use, makes me feel safe,can use it anytime to send money to my kids or elsewhere when I don't feel like using other card! No secret charges, highly recommend!",,2026-03-20T20:08:19.000Z,ΚA,False,Trustpilot
,"I find it very convenient to send/receive payments between friends and relatives. I also like the savings funds in different currencies, the rates are attractive and it's so easy to transfer money. It... See more",,2026-03-20T18:21:38.000Z,JA,False,Trustpilot
,I have been. Rev customer for about 10 years and I think it’s a fabulous financial accessory. I love the fact that I can carry money in multiple currencies which helps greatly when I’m travelling to a... See more,,2026-03-18T21:24:51.000Z,GM,False,Trustpilot
,"I find the app so easy to use, text of what has been spend and the amount left in the account helps with budgeting finances therefore stops over spending.",,2026-03-20T18:22:47.000Z,AG,False,Trustpilot
,The App is easy to use I'm hoping nothing changes when the transfer to a bank is fully intact. This has better features than regular banks.,,2026-03-20T19:56:05.000Z,TE,False,Trustpilot
,"My Revolut card meant that topping up the local currency as required could not be a simpler process.
It is a remarkably efficient way of managing funds and a budget when travelling.",,2026-03-19T11:00:22.000Z,JC,False,Trustpilot
,Very quick and efficient service with competitive exchange rates offered when transferring £s to €s.  Payments are made quickly and funds arrive promptly,,2026-03-19T11:45:19.000Z,IE,False,Trustpilot
,"This is the worst bank i have ever had, they’re literally chasing and harassing me and many other people i have talked to for every transaction as little as 50usd and even equivalent small transfers t... See more",,2026-03-20T10:16:40.000Z,MQ,False,Trustpilot
,"I am satisfied with Revolut. However:
Over the past two and a half weeks, I was in Germany arranging a funeral. Unfortunately, card payments were not accepted, so I had to withdraw cash. I was disa... See more",,2026-03-20T19:15:27.000Z,ZV,False,Trustpilot
,"Perfect app, very clear, with instant payments. Never had an issue or any kind of error. There’s nothing I can find that isn’t good.",,2026-03-20T08:28:20.000Z,CH,False,Trustpilot
,"Easy to use, no additional charges and able to use so many currencies 
Will need to migrate more cash into the account to cover",,2026-03-21T04:08:03.000Z,JK,False,Trustpilot
,"I’ve been using Revolut and it’s been great so far. The app is easy to use, fast and perfect for managing money, especially for regular use. Everything from payments to budgeting feels simple and conv... See more",,2026-03-20T03:09:34.000Z,IA,False,Trustpilot
,The main issue is transaction dispute due to continued issues with merchant delivery. I submitted a transaction dispute and was emailed saying it would take 3 days to receive an outcome. Day 2 Rev... See more,,2026-03-19T16:02:16.000Z,TA,False,Trustpilot
,"Think very carefully before opening an account with this lot. I started to save money with Revolut, for a holiday to south east Asia. To use the card abroad. With the conflict in the Middle East, my h... See more",,2026-03-19T11:34:15.000Z,SC,False,Trustpilot
,Very quick and easy and no delays in making the transfers - I used to use Wise but started to experience hours in making the transfer rather than the seconds they predicted,,2026-03-20T04:49:32.000Z,SB,False,Trustpilot
,"It’s so easy to use. Friendly environment. I send money to Mexico every month from the Netherlands and I trust you 100% on the fees, speed and currency! Sooooo happy to be part of Revolut.",,2026-03-20T22:37:32.000Z,AM,False,Trustpilot
,"Revolut is by far one of the worst banks I have ever dealt with.

I simply tried to transfer money from my Portuguese bank account to buy cryptocurrency and send it to my Binance account. We’r... See more",,2026-03-19T18:26:59.000Z,Fedor Kiselev,False,Trustpilot
,"Love this card spend  at home.e and on holidays, love that you can put money on it for holidays. I have recommended this card to loads of my friends they love ,love the app it's excellent.",,2026-03-20T05:55:11.000Z,MJ,False,Trustpilot
,"Revolut stands out for maintaining a reliable and well-managed transaction system, giving users confidence when handling payments and transfers. The platform is also consistently updated, and what mak... See more",,2026-03-20T20:34:48.000Z,OK,False,Trustpilot
,I love Revolut online accounts on thing I will like to review my online trading to be transfer on it and every time I have to activate something like put money,,2026-03-20T19:37:05.000Z,PP,False,Trustpilot
,"Revolut is very convenient , and gives a prompt service . This company is doing very well and is impeccabile .
Thank you !",,2026-03-20T10:03:21.000Z,IC,False,Trustpilot
,"Love Revolut.  I earn sterling but live in Ireland, so it’s a fantastic bank for currency exchange.  So easy to use.",,2026-03-20T19:54:27.000Z,RO,False,Trustpilot
,Easy to use no charge while i was away  abroard in Turkey at atm machine good confersion rate,,2026-03-20T20:07:07.000Z,RO,False,Trustpilot
,"Great banking app, includes other services and rewards as well that help a lot, especially for people living in a foreign country!!",,2026-03-20T19:49:08.000Z,CM,False,Trustpilot
,I am satisfied with the service of Revolut. I hope the fees are goning to be kept low in the future at least as much as it is now.,,2026-03-20T08:31:56.000Z,BA,False,Trustpilot
,"Very fast and professional team, smooth app and I have received an amazing offer for my house mortgage!",,2026-03-20T15:39:29.000Z,IJ,False,Trustpilot
,"I have been trying to delete a partially created Revolut account; they only have my e-mail, phone number, and name. Despite this, they have been sending me repeated emails for months, requesting more... See more",,2026-03-20T14:56:08.000Z,GL,False,Trustpilot
,"I got a worse account conditions since my account was transferred to Hungary.  I have to pay 0,5 percent transfer fees...",,2026-03-20T13:30:44.000Z,GK,False,Trustpilot
,"Best bank i can't wait to open a business account with Revolut 
Try it you will not be disappointed",,2026-03-20T19:41:09.000Z,AN,False,Trustpilot
,I've been using Revolut for about 2 1/2 years now. No complaints. Once they saved me from a semi-scam subscription service by automatically blocking the payment and then asking me whether to allow i... See more,,2026-03-20T05:18:45.000Z,JK,False,Trustpilot
,"Best Payments/ Financial/ Banking App I have ever used, Fast transit, great benefits for free version, Highly recommended for everyone, I hope this app get to the north African market. will make your... See more",,2026-03-19T19:36:44.000Z,MB,False,Trustpilot
,The card arrived  diligently. Account fees are reasonnable. Easy to use and to learn how to invest.,,2026-03-20T20:38:05.000Z,CA,False,Trustpilot
,Very user friendly all payments/purchases a click away.I will be availing of more of your services in the near future.,,2026-03-20T23:01:42.000Z,DA,False,Trustpilot
,"Easy to use, fast and reliable. Looking forward to upgrading my plan and getting even more benefits.",,2026-03-20T08:59:20.000Z,IV,False,Trustpilot
,Fourth day that i can't login into my account and i can't use my money. Revolut support continues to ask me sending them a video recording when trying to login. I tell them that i don't have a second... See more,,2026-03-20T18:21:25.000Z,MS,False,Trustpilot
,Feel confident when using card abroad and great that you give an immediate update of account status even checking that the user is the card owner after several purchases when tapping card.,,2026-03-20T19:40:32.000Z,MC,False,Trustpilot
,I have know worries using my card. And it's easy to explain to people how to keep a check on your balance and to add extra money,,2026-03-20T20:05:29.000Z,CW,False,Trustpilot
,It’s just a user friendly bank and the other pillar banks are now beginning to copy them.,,2026-03-20T20:31:29.000Z,AH,False,Trustpilot
,Simple and understandable communication in all areas. I feel safe and so does my money.,,2026-03-20T21:08:38.000Z,AJ,False,Trustpilot
,"Really happy with the service I am receiving.
Revolut seems to be the best Online account.",,2026-03-20T20:51:04.000Z,GS,False,Trustpilot
,I love the no and low fees for getting foreign currency and sending money abroad. Having this card is a game changer.,,2026-03-19T19:42:52.000Z,Jill Aisher,False,Trustpilot
,"I've never had a problem with anything including spending, saving and/or loans. My main worry is that I can't go into a branch if something does go wrong. Otherwise I would consider moving my business... See more",,2026-03-19T23:34:58.000Z,TM,False,Trustpilot
,Been using for over 3 years and its amazing especially sending money for my family overseas.,,2026-03-20T19:39:14.000Z,MV,False,Trustpilot
Great application,"Great application, easy and useful!",,2026-03-27T16:00:11.000Z,YU,False,Trustpilot
Best,Super Bank!,,2026-03-27T15:49:08.000Z,CI,False,Trustpilot
Je to super účet,Je to super účet,,2026-03-27T15:41:44.000Z,MP,False,Trustpilot
It's have convenient banking system,More informative and helpful,,2026-03-27T15:03:19.000Z,ZK,False,Trustpilot
Application conviviale rien a dire de…,Application conviviale rien a dire de particulier.Point noir : retrait payant au dab                       Trop de publicité,,2026-03-27T14:53:19.000Z,PI,False,Trustpilot
I can’t seem to get into my revolut…,I can’t seem to get into my revolut app. It says a security alert,,2026-03-27T14:51:25.000Z,RM,False,Trustpilot
Payment taken from my card while walking through  Euston Station!!,"Having travelled from Stoke-on-trent to Euston, myself and 4 friends were assisted   at Euston Station and driven and escorted to the taxi rank. I nipped to the toilet then walked back to the taxi which  took us to Fenchurch Station. I had walked no more than 50 meters in less than 5 minutes. I did not either buy a ticket or travel on the Underground but  a charge of  £9.40 for an Underground ticket was charged to my card. When is disputed this I was told I must have given my details to someone, I had the card and my phone in my bag!! I was not happy with either the way the dispute was handled or the outcome!",,2026-03-27T14:48:32.000Z,SG,False,Trustpilot
Very easy to use,Very easy to use. Instant transactions appear on your phone.Very easy to top up funds.This card is amazing when travelling .,,2026-03-27T14:33:30.000Z,FA,False,Trustpilot
Very good,Very good..,,2026-03-27T14:23:44.000Z,MB,False,Trustpilot
It’s a great way to keep track of all…,It’s a great way to keep track of all your transactions in real time.,,2026-03-27T14:06:08.000Z,DA,False,Trustpilot
Im really like and love this revolut…,Im really like and love this revolut Its great to be part of this company thank you so much and I appreciate that,,2026-03-27T14:01:26.000Z,YD,False,Trustpilot
It was very easy to transfer currencies.,It was easy to transfer money from pound sterling to foreign currency and to top up the card . It was linked to another payment system abroad and was easy to link snd use.,,2026-03-27T13:59:01.000Z,PK,False,Trustpilot
The first worry free banking ever.,The first worry free banking ever.,,2026-03-27T13:57:20.000Z,AN,False,Trustpilot
Yes 😌,Good nice pince,,2026-03-27T13:51:07.000Z,ÁR,False,Trustpilot
Powerful but simple to use,"Easy, effective and reliable mechanisms for management of accounts. Simple access to investments and crypto all seamlessly linked.  Ability to quickly flex between different currencies at the market rate is hugely attractive to frequent travellers.",,2026-03-27T13:12:54.000Z,VB,False,Trustpilot
Very disappointed,"Very disappointed, after submitting a dispute for purchasing something which never arrived and having to go back and forth with Revolut and the retailer (Bolt medical) I’m still waiting on a refund despite submitting clear evidence that Bolt medical are at fault and they sent a screenshot showing they accepted the dispute. Revolut have still not refunded and whenever I try to talk to someone it feels like AI.",,2026-03-27T13:09:00.000Z,KI,False,Trustpilot
good morning since when I'm be using…,good morning since when I'm be using this bank everything is going nice I love it I want to keeping my bank going if you guys have anything for me should not fair to let me know thank you,,2026-03-27T13:05:44.000Z,RO,False,Trustpilot
Easy and efficient,Easy and efficient. Perfect,,2026-03-27T13:04:35.000Z,KK,False,Trustpilot
,"Since I started using this card, I haven't had any problems. The start was a bit bumpy because the first card never arrived. But the second card came as promised. Transfers are straightforward, and i... See more",,2026-03-20T12:01:04.000Z,TH,False,Trustpilot
,I have experienced hackers.on free wifi even changing software giving.me.wierd bills to pay and revolut have uncomplicated my digital life and got.good.invest options not to get rich but to have revol... See more,,2026-03-20T17:44:05.000Z,BH,False,Trustpilot
,"I find revolut so easy to use and everything transaction is immediately available to see on the app
 I find it so handy when travelling as it saves me having to get different currencies each time I t... See more",,2026-03-20T20:14:10.000Z,ML,False,Trustpilot
,Fast money transfer processing enabling GBP to be moved to Euro accounts and then transferred to private Euro account in a couple of minutes.  When money is needed abroad quickly this has been extreme... See more,,2026-03-20T09:02:17.000Z,PE,False,Trustpilot
,"Easy sign up, almost instant availability, easy to add funds and prompt delivery of physical card. I’m using mine routinely and so far have no grounds to grumble.",,2026-03-20T19:43:02.000Z,GS,False,Trustpilot
,"Loving my new revolut card and app, I can see exactly what I spend, its easy to transfer money on to my app/ card/ phone
Revolut keeps me up to date with everything. 
Highly recommend especially if... See more",,2026-03-20T09:30:33.000Z,SA,False,Trustpilot
,I was astounded by how excellent this banking app is. Revolut boasts a modern design and is incredibly user-friendly. Everything operates swiftly and seamlessly. I highly recommend it to anyone seekin... See more,,2026-03-20T19:49:48.000Z,KH,False,Trustpilot
,I only use my Revolut Card while on holiday. I top it up before we go then watch the transactions every day so I always know just how much I have spent! Whether in the USA or Europe it’s been a godsen... See more,,2026-03-20T16:32:55.000Z,LM,False,Trustpilot
,"Sometimes there are errors paying or withdrawing money or adding money from PayPal to the Debit Card. Stimmt Service fees are low and not paying a penny per month. 

Very good experience and pricing... See more",,2026-03-20T02:02:48.000Z,EH,False,Trustpilot
,Revolut has made everyday banking feel simple and stress‑free for me. Very quick signup and onboarding.  Everyday use is smooth with instant notifications after every transaction.  Excellent for trave... See more,,2026-03-20T20:24:38.000Z,KA,False,Trustpilot
,"Foreign exchange facility is so great. Rates are always better than other banks and using it is seamless. This is on top of all the other benefits of Revolut, bill sharing, instant transfers etc",,2026-03-20T23:56:23.000Z,EJ,False,Trustpilot
,"Super easy to use, makes me feel safe,can use it anytime to send money to my kids or elsewhere when I don't feel like using other card! No secret charges, highly recommend!",,2026-03-20T20:08:19.000Z,ΚA,False,Trustpilot
,"I find it very convenient to send/receive payments between friends and relatives. I also like the savings funds in different currencies, the rates are attractive and it's so easy to transfer money. It... See more",,2026-03-20T18:21:38.000Z,JA,False,Trustpilot
,I have been. Rev customer for about 10 years and I think it’s a fabulous financial accessory. I love the fact that I can carry money in multiple currencies which helps greatly when I’m travelling to a... See more,,2026-03-18T21:24:51.000Z,GM,False,Trustpilot
,"I find the app so easy to use, text of what has been spend and the amount left in the account helps with budgeting finances therefore stops over spending.",,2026-03-20T18:22:47.000Z,AG,False,Trustpilot
,The App is easy to use I'm hoping nothing changes when the transfer to a bank is fully intact. This has better features than regular banks.,,2026-03-20T19:56:05.000Z,TE,False,Trustpilot
,"My Revolut card meant that topping up the local currency as required could not be a simpler process.
It is a remarkably efficient way of managing funds and a budget when travelling.",,2026-03-19T11:00:22.000Z,JC,False,Trustpilot
,Very quick and efficient service with competitive exchange rates offered when transferring £s to €s.  Payments are made quickly and funds arrive promptly,,2026-03-19T11:45:19.000Z,IE,False,Trustpilot
,"This is the worst bank i have ever had, they’re literally chasing and harassing me and many other people i have talked to for every transaction as little as 50usd and even equivalent small transfers t... See more",,2026-03-20T10:16:40.000Z,MQ,False,Trustpilot
,"I am satisfied with Revolut. However:
Over the past two and a half weeks, I was in Germany arranging a funeral. Unfortunately, card payments were not accepted, so I had to withdraw cash. I was disa... See more",,2026-03-20T19:15:27.000Z,ZV,False,Trustpilot
,"Perfect app, very clear, with instant payments. Never had an issue or any kind of error. There’s nothing I can find that isn’t good.",,2026-03-20T08:28:20.000Z,CH,False,Trustpilot
,"Easy to use, no additional charges and able to use so many currencies 
Will need to migrate more cash into the account to cover",,2026-03-21T04:08:03.000Z,JK,False,Trustpilot
,"I’ve been using Revolut and it’s been great so far. The app is easy to use, fast and perfect for managing money, especially for regular use. Everything from payments to budgeting feels simple and conv... See more",,2026-03-20T03:09:34.000Z,IA,False,Trustpilot
,The main issue is transaction dispute due to continued issues with merchant delivery. I submitted a transaction dispute and was emailed saying it would take 3 days to receive an outcome. Day 2 Rev... See more,,2026-03-19T16:02:16.000Z,TA,False,Trustpilot
,"Think very carefully before opening an account with this lot. I started to save money with Revolut, for a holiday to south east Asia. To use the card abroad. With the conflict in the Middle East, my h... See more",,2026-03-19T11:34:15.000Z,SC,False,Trustpilot
,Very quick and easy and no delays in making the transfers - I used to use Wise but started to experience hours in making the transfer rather than the seconds they predicted,,2026-03-20T04:49:32.000Z,SB,False,Trustpilot
,"It’s so easy to use. Friendly environment. I send money to Mexico every month from the Netherlands and I trust you 100% on the fees, speed and currency! Sooooo happy to be part of Revolut.",,2026-03-20T22:37:32.000Z,AM,False,Trustpilot
,"Revolut is by far one of the worst banks I have ever dealt with.

I simply tried to transfer money from my Portuguese bank account to buy cryptocurrency and send it to my Binance account. We’r... See more",,2026-03-19T18:26:59.000Z,Fedor Kiselev,False,Trustpilot
,"Love this card spend  at home.e and on holidays, love that you can put money on it for holidays. I have recommended this card to loads of my friends they love ,love the app it's excellent.",,2026-03-20T05:55:11.000Z,MJ,False,Trustpilot
,"Revolut stands out for maintaining a reliable and well-managed transaction system, giving users confidence when handling payments and transfers. The platform is also consistently updated, and what mak... See more",,2026-03-20T20:34:48.000Z,OK,False,Trustpilot
,I love Revolut online accounts on thing I will like to review my online trading to be transfer on it and every time I have to activate something like put money,,2026-03-20T19:37:05.000Z,PP,False,Trustpilot
,"Revolut is very convenient , and gives a prompt service . This company is doing very well and is impeccabile .
Thank you !",,2026-03-20T10:03:21.000Z,IC,False,Trustpilot
,"Love Revolut.  I earn sterling but live in Ireland, so it’s a fantastic bank for currency exchange.  So easy to use.",,2026-03-20T19:54:27.000Z,RO,False,Trustpilot
,Easy to use no charge while i was away  abroard in Turkey at atm machine good confersion rate,,2026-03-20T20:07:07.000Z,RO,False,Trustpilot
,"Great banking app, includes other services and rewards as well that help a lot, especially for people living in a foreign country!!",,2026-03-20T19:49:08.000Z,CM,False,Trustpilot
,I am satisfied with the service of Revolut. I hope the fees are goning to be kept low in the future at least as much as it is now.,,2026-03-20T08:31:56.000Z,BA,False,Trustpilot
,"Very fast and professional team, smooth app and I have received an amazing offer for my house mortgage!",,2026-03-20T15:39:29.000Z,IJ,False,Trustpilot
,"I have been trying to delete a partially created Revolut account; they only have my e-mail, phone number, and name. Despite this, they have been sending me repeated emails for months, requesting more... See more",,2026-03-20T14:56:08.000Z,GL,False,Trustpilot
,"I got a worse account conditions since my account was transferred to Hungary.  I have to pay 0,5 percent transfer fees...",,2026-03-20T13:30:44.000Z,GK,False,Trustpilot
,"Best bank i can't wait to open a business account with Revolut 
Try it you will not be disappointed",,2026-03-20T19:41:09.000Z,AN,False,Trustpilot
,I've been using Revolut for about 2 1/2 years now. No complaints. Once they saved me from a semi-scam subscription service by automatically blocking the payment and then asking me whether to allow i... See more,,2026-03-20T05:18:45.000Z,JK,False,Trustpilot
,"Best Payments/ Financial/ Banking App I have ever used, Fast transit, great benefits for free version, Highly recommended for everyone, I hope this app get to the north African market. will make your... See more",,2026-03-19T19:36:44.000Z,MB,False,Trustpilot
,The card arrived  diligently. Account fees are reasonnable. Easy to use and to learn how to invest.,,2026-03-20T20:38:05.000Z,CA,False,Trustpilot
,Very user friendly all payments/purchases a click away.I will be availing of more of your services in the near future.,,2026-03-20T23:01:42.000Z,DA,False,Trustpilot
,"Easy to use, fast and reliable. Looking forward to upgrading my plan and getting even more benefits.",,2026-03-20T08:59:20.000Z,IV,False,Trustpilot
,Fourth day that i can't login into my account and i can't use my money. Revolut support continues to ask me sending them a video recording when trying to login. I tell them that i don't have a second... See more,,2026-03-20T18:21:25.000Z,MS,False,Trustpilot
,Feel confident when using card abroad and great that you give an immediate update of account status even checking that the user is the card owner after several purchases when tapping card.,,2026-03-20T19:40:32.000Z,MC,False,Trustpilot
,I have know worries using my card. And it's easy to explain to people how to keep a check on your balance and to add extra money,,2026-03-20T20:05:29.000Z,CW,False,Trustpilot
,It’s just a user friendly bank and the other pillar banks are now beginning to copy them.,,2026-03-20T20:31:29.000Z,AH,False,Trustpilot
,Simple and understandable communication in all areas. I feel safe and so does my money.,,2026-03-20T21:08:38.000Z,AJ,False,Trustpilot
,"Really happy with the service I am receiving.
Revolut seems to be the best Online account.",,2026-03-20T20:51:04.000Z,GS,False,Trustpilot
,I love the no and low fees for getting foreign currency and sending money abroad. Having this card is a game changer.,,2026-03-19T19:42:52.000Z,Jill Aisher,False,Trustpilot
,"I've never had a problem with anything including spending, saving and/or loans. My main worry is that I can't go into a branch if something does go wrong. Otherwise I would consider moving my business... See more",,2026-03-19T23:34:58.000Z,TM,False,Trustpilot
,Been using for over 3 years and its amazing especially sending money for my family overseas.,,2026-03-20T19:39:14.000Z,MV,False,Trustpilot
Well done Revolut,"It is very convenient to shop online. As well as traveling, everything works fast and stable.Well, I must say that there is a lot of intrusive promotion.",,2026-03-27T12:39:30.000Z,Nshan Avagyan,False,Trustpilot
The Magic of Universal Energy,"Revolut is perfect for the ever day spend, easy sending money to loved ones and while travelling. My card was damaged and it was easy enough to get it replaced while still having access to my account through the phone. Like it, love it, use it, it has it all.",,2026-03-27T12:33:30.000Z,MA,False,Trustpilot
Great Service,Great Service which has made my financial and exchange transactions so simple and speedy. The ease and cost of exchange service is the best I have experienced in 20 years.,,2026-03-27T12:23:36.000Z,Jeff Benton,False,Trustpilot
I have had very smooth transaction…,I have had very smooth transaction through them .,,2026-03-27T12:05:06.000Z,NP,False,Trustpilot
the risk and the best way to invest,My experience with Revokut is very good. I can send receive money and also pay and earn discounts and benefits.,,2026-03-27T11:59:39.000Z,NS,False,Trustpilot
Great experience!!,Great experience!!,,2026-03-27T11:54:20.000Z,GC,False,Trustpilot
Trustable,"Trustable,  good customer care service.",,2026-03-27T11:44:54.000Z,PF,False,Trustpilot
Great,I like it Revolut,,2026-03-27T11:35:29.000Z,MF,False,Trustpilot
Love how money goes in so quike and…,Love how money goes in so quike and also all.ur money u can get out,,2026-03-27T11:32:19.000Z,CJ,False,Trustpilot
They don't even deserve a 1-star,"They don't even deserve a 1-starThis company locked me out of my account on 10th Of march, under the cause of ""secuirity checks"" which they decided to conduct because I tried to pay off my revolut balance. It has been 17 days now WITHOUT any progress or update with regards my case. Their support is useless, all they do is copy-paste a generic response using AI.They don't care what I am going to eat, drink or put in my car.  They don't care about their clients, all they do is take your money, hold it for unforseenable amount of time and there is literally nothing you can do about it.They are the worst company, they don't give  you the choice to withdraw your funds and close down your account. They steal your money like a tyrannical dragon and refuse to give it back indefinitely.",,2026-03-27T11:27:53.000Z,Anthony Lovatt,False,Trustpilot
"Ok, with some concers","Ok, but for the RevPoints, there should be more options for spending in more ways.",,2026-03-27T11:22:11.000Z,CD,False,Trustpilot
Easy to use app,Easy to use app. Can check if payment went out immediately. Peace of mind abroad rather than carrying cash,,2026-03-27T11:15:22.000Z,MG,False,Trustpilot
Very easy to use,Very easy to use,,2026-03-27T11:12:38.000Z,LO,False,Trustpilot
Good enough Ig,Good enough,,2026-03-27T11:05:08.000Z,RG,False,Trustpilot
I enjoying using Revolut thank and more…,I enjoying using Revolut thank and more power god bless,,2026-03-27T10:54:23.000Z,YB,False,Trustpilot
Revolut,"A lot of abilities, comfy to use, great support: totally satisfy.",,2026-03-27T10:39:53.000Z,Yulia On Ice,False,Trustpilot
,"Since I started using this card, I haven't had any problems. The start was a bit bumpy because the first card never arrived. But the second card came as promised. Transfers are straightforward, and i... See more",,2026-03-20T12:01:04.000Z,TH,False,Trustpilot
,I have experienced hackers.on free wifi even changing software giving.me.wierd bills to pay and revolut have uncomplicated my digital life and got.good.invest options not to get rich but to have revol... See more,,2026-03-20T17:44:05.000Z,BH,False,Trustpilot
,"I find revolut so easy to use and everything transaction is immediately available to see on the app
 I find it so handy when travelling as it saves me having to get different currencies each time I t... See more",,2026-03-20T20:14:10.000Z,ML,False,Trustpilot
,Fast money transfer processing enabling GBP to be moved to Euro accounts and then transferred to private Euro account in a couple of minutes.  When money is needed abroad quickly this has been extreme... See more,,2026-03-20T09:02:17.000Z,PE,False,Trustpilot
,"Easy sign up, almost instant availability, easy to add funds and prompt delivery of physical card. I’m using mine routinely and so far have no grounds to grumble.",,2026-03-20T19:43:02.000Z,GS,False,Trustpilot
,"Loving my new revolut card and app, I can see exactly what I spend, its easy to transfer money on to my app/ card/ phone
Revolut keeps me up to date with everything. 
Highly recommend especially if... See more",,2026-03-20T09:30:33.000Z,SA,False,Trustpilot
,I was astounded by how excellent this banking app is. Revolut boasts a modern design and is incredibly user-friendly. Everything operates swiftly and seamlessly. I highly recommend it to anyone seekin... See more,,2026-03-20T19:49:48.000Z,KH,False,Trustpilot
,I only use my Revolut Card while on holiday. I top it up before we go then watch the transactions every day so I always know just how much I have spent! Whether in the USA or Europe it’s been a godsen... See more,,2026-03-20T16:32:55.000Z,LM,False,Trustpilot
,"Sometimes there are errors paying or withdrawing money or adding money from PayPal to the Debit Card. Stimmt Service fees are low and not paying a penny per month. 

Very good experience and pricing... See more",,2026-03-20T02:02:48.000Z,EH,False,Trustpilot
,Revolut has made everyday banking feel simple and stress‑free for me. Very quick signup and onboarding.  Everyday use is smooth with instant notifications after every transaction.  Excellent for trave... See more,,2026-03-20T20:24:38.000Z,KA,False,Trustpilot
,"Foreign exchange facility is so great. Rates are always better than other banks and using it is seamless. This is on top of all the other benefits of Revolut, bill sharing, instant transfers etc",,2026-03-20T23:56:23.000Z,EJ,False,Trustpilot
,"Super easy to use, makes me feel safe,can use it anytime to send money to my kids or elsewhere when I don't feel like using other card! No secret charges, highly recommend!",,2026-03-20T20:08:19.000Z,ΚA,False,Trustpilot
,"I find it very convenient to send/receive payments between friends and relatives. I also like the savings funds in different currencies, the rates are attractive and it's so easy to transfer money. It... See more",,2026-03-20T18:21:38.000Z,JA,False,Trustpilot
,I have been. Rev customer for about 10 years and I think it’s a fabulous financial accessory. I love the fact that I can carry money in multiple currencies which helps greatly when I’m travelling to a... See more,,2026-03-18T21:24:51.000Z,GM,False,Trustpilot
,"I find the app so easy to use, text of what has been spend and the amount left in the account helps with budgeting finances therefore stops over spending.",,2026-03-20T18:22:47.000Z,AG,False,Trustpilot
,The App is easy to use I'm hoping nothing changes when the transfer to a bank is fully intact. This has better features than regular banks.,,2026-03-20T19:56:05.000Z,TE,False,Trustpilot
,"My Revolut card meant that topping up the local currency as required could not be a simpler process.
It is a remarkably efficient way of managing funds and a budget when travelling.",,2026-03-19T11:00:22.000Z,JC,False,Trustpilot
,Very quick and efficient service with competitive exchange rates offered when transferring £s to €s.  Payments are made quickly and funds arrive promptly,,2026-03-19T11:45:19.000Z,IE,False,Trustpilot
,"This is the worst bank i have ever had, they’re literally chasing and harassing me and many other people i have talked to for every transaction as little as 50usd and even equivalent small transfers t... See more",,2026-03-20T10:16:40.000Z,MQ,False,Trustpilot
,"I am satisfied with Revolut. However:
Over the past two and a half weeks, I was in Germany arranging a funeral. Unfortunately, card payments were not accepted, so I had to withdraw cash. I was disa... See more",,2026-03-20T19:15:27.000Z,ZV,False,Trustpilot
,"Perfect app, very clear, with instant payments. Never had an issue or any kind of error. There’s nothing I can find that isn’t good.",,2026-03-20T08:28:20.000Z,CH,False,Trustpilot
,"Easy to use, no additional charges and able to use so many currencies 
Will need to migrate more cash into the account to cover",,2026-03-21T04:08:03.000Z,JK,False,Trustpilot
,"I’ve been using Revolut and it’s been great so far. The app is easy to use, fast and perfect for managing money, especially for regular use. Everything from payments to budgeting feels simple and conv... See more",,2026-03-20T03:09:34.000Z,IA,False,Trustpilot
,The main issue is transaction dispute due to continued issues with merchant delivery. I submitted a transaction dispute and was emailed saying it would take 3 days to receive an outcome. Day 2 Rev... See more,,2026-03-19T16:02:16.000Z,TA,False,Trustpilot
,"Think very carefully before opening an account with this lot. I started to save money with Revolut, for a holiday to south east Asia. To use the card abroad. With the conflict in the Middle East, my h... See more",,2026-03-19T11:34:15.000Z,SC,False,Trustpilot
,Very quick and easy and no delays in making the transfers - I used to use Wise but started to experience hours in making the transfer rather than the seconds they predicted,,2026-03-20T04:49:32.000Z,SB,False,Trustpilot
,"It’s so easy to use. Friendly environment. I send money to Mexico every month from the Netherlands and I trust you 100% on the fees, speed and currency! Sooooo happy to be part of Revolut.",,2026-03-20T22:37:32.000Z,AM,False,Trustpilot
,"Revolut is by far one of the worst banks I have ever dealt with.

I simply tried to transfer money from my Portuguese bank account to buy cryptocurrency and send it to my Binance account. We’r... See more",,2026-03-19T18:26:59.000Z,Fedor Kiselev,False,Trustpilot
,"Love this card spend  at home.e and on holidays, love that you can put money on it for holidays. I have recommended this card to loads of my friends they love ,love the app it's excellent.",,2026-03-20T05:55:11.000Z,MJ,False,Trustpilot
,"Revolut stands out for maintaining a reliable and well-managed transaction system, giving users confidence when handling payments and transfers. The platform is also consistently updated, and what mak... See more",,2026-03-20T20:34:48.000Z,OK,False,Trustpilot
,I love Revolut online accounts on thing I will like to review my online trading to be transfer on it and every time I have to activate something like put money,,2026-03-20T19:37:05.000Z,PP,False,Trustpilot
,"Revolut is very convenient , and gives a prompt service . This company is doing very well and is impeccabile .
Thank you !",,2026-03-20T10:03:21.000Z,IC,False,Trustpilot
,"Love Revolut.  I earn sterling but live in Ireland, so it’s a fantastic bank for currency exchange.  So easy to use.",,2026-03-20T19:54:27.000Z,RO,False,Trustpilot
,Easy to use no charge while i was away  abroard in Turkey at atm machine good confersion rate,,2026-03-20T20:07:07.000Z,RO,False,Trustpilot
,"Great banking app, includes other services and rewards as well that help a lot, especially for people living in a foreign country!!",,2026-03-20T19:49:08.000Z,CM,False,Trustpilot
,I am satisfied with the service of Revolut. I hope the fees are goning to be kept low in the future at least as much as it is now.,,2026-03-20T08:31:56.000Z,BA,False,Trustpilot
,"Very fast and professional team, smooth app and I have received an amazing offer for my house mortgage!",,2026-03-20T15:39:29.000Z,IJ,False,Trustpilot
,"I have been trying to delete a partially created Revolut account; they only have my e-mail, phone number, and name. Despite this, they have been sending me repeated emails for months, requesting more... See more",,2026-03-20T14:56:08.000Z,GL,False,Trustpilot
,"I got a worse account conditions since my account was transferred to Hungary.  I have to pay 0,5 percent transfer fees...",,2026-03-20T13:30:44.000Z,GK,False,Trustpilot
,"Best bank i can't wait to open a business account with Revolut 
Try it you will not be disappointed",,2026-03-20T19:41:09.000Z,AN,False,Trustpilot
,I've been using Revolut for about 2 1/2 years now. No complaints. Once they saved me from a semi-scam subscription service by automatically blocking the payment and then asking me whether to allow i... See more,,2026-03-20T05:18:45.000Z,JK,False,Trustpilot
,"Best Payments/ Financial/ Banking App I have ever used, Fast transit, great benefits for free version, Highly recommended for everyone, I hope this app get to the north African market. will make your... See more",,2026-03-19T19:36:44.000Z,MB,False,Trustpilot
,The card arrived  diligently. Account fees are reasonnable. Easy to use and to learn how to invest.,,2026-03-20T20:38:05.000Z,CA,False,Trustpilot
,Very user friendly all payments/purchases a click away.I will be availing of more of your services in the near future.,,2026-03-20T23:01:42.000Z,DA,False,Trustpilot
,"Easy to use, fast and reliable. Looking forward to upgrading my plan and getting even more benefits.",,2026-03-20T08:59:20.000Z,IV,False,Trustpilot
,Fourth day that i can't login into my account and i can't use my money. Revolut support continues to ask me sending them a video recording when trying to login. I tell them that i don't have a second... See more,,2026-03-20T18:21:25.000Z,MS,False,Trustpilot
,Feel confident when using card abroad and great that you give an immediate update of account status even checking that the user is the card owner after several purchases when tapping card.,,2026-03-20T19:40:32.000Z,MC,False,Trustpilot
,I have know worries using my card. And it's easy to explain to people how to keep a check on your balance and to add extra money,,2026-03-20T20:05:29.000Z,CW,False,Trustpilot
,It’s just a user friendly bank and the other pillar banks are now beginning to copy them.,,2026-03-20T20:31:29.000Z,AH,False,Trustpilot
,Simple and understandable communication in all areas. I feel safe and so does my money.,,2026-03-20T21:08:38.000Z,AJ,False,Trustpilot
,"Really happy with the service I am receiving.
Revolut seems to be the best Online account.",,2026-03-20T20:51:04.000Z,GS,False,Trustpilot
,I love the no and low fees for getting foreign currency and sending money abroad. Having this card is a game changer.,,2026-03-19T19:42:52.000Z,Jill Aisher,False,Trustpilot
,"I've never had a problem with anything including spending, saving and/or loans. My main worry is that I can't go into a branch if something does go wrong. Otherwise I would consider moving my business... See more",,2026-03-19T23:34:58.000Z,TM,False,Trustpilot
,Been using for over 3 years and its amazing especially sending money for my family overseas.,,2026-03-20T19:39:14.000Z,MV,False,Trustpilot
Ease of use and accepted in all of the…,"Ease of use and accepted in all of the vendors during my time in South Africa,",,2026-03-27T10:37:56.000Z,PA,False,Trustpilot
Perfect,Perfect job!,,2026-03-27T10:32:28.000Z,OG,False,Trustpilot
Easy and best,Easy and best,,2026-03-27T10:29:49.000Z,CU,False,Trustpilot
Easy to use,Easy to use. Flexible.,,2026-03-27T10:21:13.000Z,AN,False,Trustpilot
Fast and Friendly,"Fast, user friendly.",,2026-03-27T10:12:09.000Z,EJ,False,Trustpilot
I love that it’s easy,"I love that it’s easy, useful and safe",,2026-03-27T10:05:21.000Z,LD,False,Trustpilot
yes!!,yes! goood !,,2026-03-27T10:04:05.000Z,DI,False,Trustpilot
User friendly,"Easy to handle, secure, quick and transparent",,2026-03-27T10:03:05.000Z,CU,False,Trustpilot
Excellent,Very good and helpful!,,2026-03-27T09:57:29.000Z,AL,False,Trustpilot
Quite easy to navigate app,"Quite easy to navigate app, sometime struggle to find a couple things. I mainly use it for travel use, is so simple to exchange to different currency.",,2026-03-27T09:45:05.000Z,EW,False,Trustpilot
Good,It Is soo good,,2026-03-27T09:41:26.000Z,LN,False,Trustpilot
Ver easy to use,Ver easy to use,,2026-03-27T09:38:28.000Z,CU,False,Trustpilot
Easy use,"Easy use, analytical preview of transactions",,2026-03-27T09:34:45.000Z,MZ,False,Trustpilot
Efficiency,It’s very efficient in replying to queries and it’s easy manage the online banking aspect,,2026-03-27T09:29:24.000Z,RF,False,Trustpilot
User friendly,"An easy way to do transactions, without the hassle of queueing, or even taking out your card from your pocket...modern strategically thought and user friendly",,2026-03-27T09:20:04.000Z,AC,False,Trustpilot
Really easy to set up,"Really easy to set up, easy to use, intuitive, app is so clear.",,2026-03-27T09:07:47.000Z,RH,False,Trustpilot
Easy to use abroad,"Easy to use abroad, and affordable",,2026-03-27T09:03:14.000Z,CO,False,Trustpilot
This platform extremely fraudulent,"This platform extremely fraudulent. Excessive commission for crypto transaction ,so exagerated fee for fiat exchange. Market price manupulation.Even more they not responsibile at all  to client capital and minimum real support not performed by them except some junior assistant that trying to waste the client time without any real resolutions and progress. Almost 2 months ago I transfered fund from another my personal portfoglio to my Revolut account and they complet stolen it without any responsibility,finally by legal procedure I am going a head.Fake bank and not trustfully. AVOID IT.",,2026-03-27T09:01:37.000Z,Hamidreza SAEIDI MARZANGOO,False,Trustpilot
Satisfection,Works great.,,2026-03-27T08:52:36.000Z,MB,False,Trustpilot
,"Since I started using this card, I haven't had any problems. The start was a bit bumpy because the first card never arrived. But the second card came as promised. Transfers are straightforward, and i... See more",,2026-03-20T12:01:04.000Z,TH,False,Trustpilot
,I have experienced hackers.on free wifi even changing software giving.me.wierd bills to pay and revolut have uncomplicated my digital life and got.good.invest options not to get rich but to have revol... See more,,2026-03-20T17:44:05.000Z,BH,False,Trustpilot
,"I find revolut so easy to use and everything transaction is immediately available to see on the app
 I find it so handy when travelling as it saves me having to get different currencies each time I t... See more",,2026-03-20T20:14:10.000Z,ML,False,Trustpilot
,Fast money transfer processing enabling GBP to be moved to Euro accounts and then transferred to private Euro account in a couple of minutes.  When money is needed abroad quickly this has been extreme... See more,,2026-03-20T09:02:17.000Z,PE,False,Trustpilot
,"Easy sign up, almost instant availability, easy to add funds and prompt delivery of physical card. I’m using mine routinely and so far have no grounds to grumble.",,2026-03-20T19:43:02.000Z,GS,False,Trustpilot
,"Loving my new revolut card and app, I can see exactly what I spend, its easy to transfer money on to my app/ card/ phone
Revolut keeps me up to date with everything. 
Highly recommend especially if... See more",,2026-03-20T09:30:33.000Z,SA,False,Trustpilot
,I was astounded by how excellent this banking app is. Revolut boasts a modern design and is incredibly user-friendly. Everything operates swiftly and seamlessly. I highly recommend it to anyone seekin... See more,,2026-03-20T19:49:48.000Z,KH,False,Trustpilot
,I only use my Revolut Card while on holiday. I top it up before we go then watch the transactions every day so I always know just how much I have spent! Whether in the USA or Europe it’s been a godsen... See more,,2026-03-20T16:32:55.000Z,LM,False,Trustpilot
,"Sometimes there are errors paying or withdrawing money or adding money from PayPal to the Debit Card. Stimmt Service fees are low and not paying a penny per month. 

Very good experience and pricing... See more",,2026-03-20T02:02:48.000Z,EH,False,Trustpilot
,Revolut has made everyday banking feel simple and stress‑free for me. Very quick signup and onboarding.  Everyday use is smooth with instant notifications after every transaction.  Excellent for trave... See more,,2026-03-20T20:24:38.000Z,KA,False,Trustpilot
,"Foreign exchange facility is so great. Rates are always better than other banks and using it is seamless. This is on top of all the other benefits of Revolut, bill sharing, instant transfers etc",,2026-03-20T23:56:23.000Z,EJ,False,Trustpilot
,"Super easy to use, makes me feel safe,can use it anytime to send money to my kids or elsewhere when I don't feel like using other card! No secret charges, highly recommend!",,2026-03-20T20:08:19.000Z,ΚA,False,Trustpilot
,"I find it very convenient to send/receive payments between friends and relatives. I also like the savings funds in different currencies, the rates are attractive and it's so easy to transfer money. It... See more",,2026-03-20T18:21:38.000Z,JA,False,Trustpilot
,I have been. Rev customer for about 10 years and I think it’s a fabulous financial accessory. I love the fact that I can carry money in multiple currencies which helps greatly when I’m travelling to a... See more,,2026-03-18T21:24:51.000Z,GM,False,Trustpilot
,"I find the app so easy to use, text of what has been spend and the amount left in the account helps with budgeting finances therefore stops over spending.",,2026-03-20T18:22:47.000Z,AG,False,Trustpilot
,The App is easy to use I'm hoping nothing changes when the transfer to a bank is fully intact. This has better features than regular banks.,,2026-03-20T19:56:05.000Z,TE,False,Trustpilot
,"My Revolut card meant that topping up the local currency as required could not be a simpler process.
It is a remarkably efficient way of managing funds and a budget when travelling.",,2026-03-19T11:00:22.000Z,JC,False,Trustpilot
,Very quick and efficient service with competitive exchange rates offered when transferring £s to €s.  Payments are made quickly and funds arrive promptly,,2026-03-19T11:45:19.000Z,IE,False,Trustpilot
,"This is the worst bank i have ever had, they’re literally chasing and harassing me and many other people i have talked to for every transaction as little as 50usd and even equivalent small transfers t... See more",,2026-03-20T10:16:40.000Z,MQ,False,Trustpilot
,"I am satisfied with Revolut. However:
Over the past two and a half weeks, I was in Germany arranging a funeral. Unfortunately, card payments were not accepted, so I had to withdraw cash. I was disa... See more",,2026-03-20T19:15:27.000Z,ZV,False,Trustpilot
,"Perfect app, very clear, with instant payments. Never had an issue or any kind of error. There’s nothing I can find that isn’t good.",,2026-03-20T08:28:20.000Z,CH,False,Trustpilot
,"Easy to use, no additional charges and able to use so many currencies 
Will need to migrate more cash into the account to cover",,2026-03-21T04:08:03.000Z,JK,False,Trustpilot
,"I’ve been using Revolut and it’s been great so far. The app is easy to use, fast and perfect for managing money, especially for regular use. Everything from payments to budgeting feels simple and conv... See more",,2026-03-20T03:09:34.000Z,IA,False,Trustpilot
,The main issue is transaction dispute due to continued issues with merchant delivery. I submitted a transaction dispute and was emailed saying it would take 3 days to receive an outcome. Day 2 Rev... See more,,2026-03-19T16:02:16.000Z,TA,False,Trustpilot
,"Think very carefully before opening an account with this lot. I started to save money with Revolut, for a holiday to south east Asia. To use the card abroad. With the conflict in the Middle East, my h... See more",,2026-03-19T11:34:15.000Z,SC,False,Trustpilot
,Very quick and easy and no delays in making the transfers - I used to use Wise but started to experience hours in making the transfer rather than the seconds they predicted,,2026-03-20T04:49:32.000Z,SB,False,Trustpilot
,"It’s so easy to use. Friendly environment. I send money to Mexico every month from the Netherlands and I trust you 100% on the fees, speed and currency! Sooooo happy to be part of Revolut.",,2026-03-20T22:37:32.000Z,AM,False,Trustpilot
,"Revolut is by far one of the worst banks I have ever dealt with.

I simply tried to transfer money from my Portuguese bank account to buy cryptocurrency and send it to my Binance account. We’r... See more",,2026-03-19T18:26:59.000Z,Fedor Kiselev,False,Trustpilot
,"Love this card spend  at home.e and on holidays, love that you can put money on it for holidays. I have recommended this card to loads of my friends they love ,love the app it's excellent.",,2026-03-20T05:55:11.000Z,MJ,False,Trustpilot
,"Revolut stands out for maintaining a reliable and well-managed transaction system, giving users confidence when handling payments and transfers. The platform is also consistently updated, and what mak... See more",,2026-03-20T20:34:48.000Z,OK,False,Trustpilot
,I love Revolut online accounts on thing I will like to review my online trading to be transfer on it and every time I have to activate something like put money,,2026-03-20T19:37:05.000Z,PP,False,Trustpilot
,"Revolut is very convenient , and gives a prompt service . This company is doing very well and is impeccabile .
Thank you !",,2026-03-20T10:03:21.000Z,IC,False,Trustpilot
,"Love Revolut.  I earn sterling but live in Ireland, so it’s a fantastic bank for currency exchange.  So easy to use.",,2026-03-20T19:54:27.000Z,RO,False,Trustpilot
,Easy to use no charge while i was away  abroard in Turkey at atm machine good confersion rate,,2026-03-20T20:07:07.000Z,RO,False,Trustpilot
,"Great banking app, includes other services and rewards as well that help a lot, especially for people living in a foreign country!!",,2026-03-20T19:49:08.000Z,CM,False,Trustpilot
,I am satisfied with the service of Revolut. I hope the fees are goning to be kept low in the future at least as much as it is now.,,2026-03-20T08:31:56.000Z,BA,False,Trustpilot
,"Very fast and professional team, smooth app and I have received an amazing offer for my house mortgage!",,2026-03-20T15:39:29.000Z,IJ,False,Trustpilot
,"I have been trying to delete a partially created Revolut account; they only have my e-mail, phone number, and name. Despite this, they have been sending me repeated emails for months, requesting more... See more",,2026-03-20T14:56:08.000Z,GL,False,Trustpilot
,"I got a worse account conditions since my account was transferred to Hungary.  I have to pay 0,5 percent transfer fees...",,2026-03-20T13:30:44.000Z,GK,False,Trustpilot
,"Best bank i can't wait to open a business account with Revolut 
Try it you will not be disappointed",,2026-03-20T19:41:09.000Z,AN,False,Trustpilot
,I've been using Revolut for about 2 1/2 years now. No complaints. Once they saved me from a semi-scam subscription service by automatically blocking the payment and then asking me whether to allow i... See more,,2026-03-20T05:18:45.000Z,JK,False,Trustpilot
,"Best Payments/ Financial/ Banking App I have ever used, Fast transit, great benefits for free version, Highly recommended for everyone, I hope this app get to the north African market. will make your... See more",,2026-03-19T19:36:44.000Z,MB,False,Trustpilot
,The card arrived  diligently. Account fees are reasonnable. Easy to use and to learn how to invest.,,2026-03-20T20:38:05.000Z,CA,False,Trustpilot
,Very user friendly all payments/purchases a click away.I will be availing of more of your services in the near future.,,2026-03-20T23:01:42.000Z,DA,False,Trustpilot
,"Easy to use, fast and reliable. Looking forward to upgrading my plan and getting even more benefits.",,2026-03-20T08:59:20.000Z,IV,False,Trustpilot
,Fourth day that i can't login into my account and i can't use my money. Revolut support continues to ask me sending them a video recording when trying to login. I tell them that i don't have a second... See more,,2026-03-20T18:21:25.000Z,MS,False,Trustpilot
,Feel confident when using card abroad and great that you give an immediate update of account status even checking that the user is the card owner after several purchases when tapping card.,,2026-03-20T19:40:32.000Z,MC,False,Trustpilot
,I have know worries using my card. And it's easy to explain to people how to keep a check on your balance and to add extra money,,2026-03-20T20:05:29.000Z,CW,False,Trustpilot
,It’s just a user friendly bank and the other pillar banks are now beginning to copy them.,,2026-03-20T20:31:29.000Z,AH,False,Trustpilot
,Simple and understandable communication in all areas. I feel safe and so does my money.,,2026-03-20T21:08:38.000Z,AJ,False,Trustpilot
,"Really happy with the service I am receiving.
Revolut seems to be the best Online account.",,2026-03-20T20:51:04.000Z,GS,False,Trustpilot
,I love the no and low fees for getting foreign currency and sending money abroad. Having this card is a game changer.,,2026-03-19T19:42:52.000Z,Jill Aisher,False,Trustpilot
,"I've never had a problem with anything including spending, saving and/or loans. My main worry is that I can't go into a branch if something does go wrong. Otherwise I would consider moving my business... See more",,2026-03-19T23:34:58.000Z,TM,False,Trustpilot
,Been using for over 3 years and its amazing especially sending money for my family overseas.,,2026-03-20T19:39:14.000Z,MV,False,Trustpilot
My experience with Revolut has been…,"My experience with Revolut has been exceptionally positive, offering seamless usability across various locations. Each transaction consistently provides cashback, making it an indispensable and convenient financial tool.",,2026-03-27T08:41:24.000Z,MY,False,Trustpilot
Easy to use,The app and the transfers works perfect,,2026-03-27T08:41:10.000Z,CU,False,Trustpilot
Great app.,"Great app.Friendly interface, multiple helpful comands to manage the money in different fiat / crypto. Easy acces and secure.",,2026-03-27T08:23:14.000Z,NI,False,Trustpilot
Excellent tech,"Excellent tech, very responsive and so useful when abroad in mitigating currency exchange fees",,2026-03-27T08:16:06.000Z,AF,False,Trustpilot
I like this app and I use it all the…,I like this app and I use it all the time.,,2026-03-27T07:53:06.000Z,TG,False,Trustpilot
Moyen de payement international,"Pas de soucis à l'étranger, super simple",,2026-03-27T07:44:35.000Z,GL,False,Trustpilot
Very easy to use and convenient when…,Very easy to use and convenient when purchasing in different currencies.,,2026-03-27T07:31:45.000Z,MM,False,Trustpilot
Excelent,Excelent! Nimic de reproșat.,,2026-03-27T07:04:25.000Z,MA,False,Trustpilot
Super ales gut 👍,Super ales gut 👍,,2026-03-27T06:52:54.000Z,CS,False,Trustpilot
Hassel free travel money soultion,"I got Revolut initially for my job, I travel a lot and use many different types of currencies, so being able to switch currencies for no fee was perfect. Then I started using it for going on vacation with my family and the exchange rate from GBP to USD was great. I upgraded to the Metal plan and I got two free youth accounts so I also use it for teaching my kids money management. When I spend, I collect Rev points and I can use these to get free airport lounges and such. With the metal plan I also get a free Nord VPN account which is very handy for travelling as well.",,2026-03-27T06:45:34.000Z,MS,False,Trustpilot
Lied about compensation,After a long drawn out process they offered me £75 compensation and to close my account - which I agreed … but 2 weeks later still waiting for the compensation … never use them gotta question a “bank” who takes over 3 weeks to process a small payment of £75 which they promised their customer,,2026-03-27T06:41:44.000Z,Nicky Specter Virdee,False,Trustpilot
Great service,Great service,,2026-03-27T06:10:16.000Z,SM,False,Trustpilot
Seem less Banking Experience,Seem less Banking Experience,,2026-03-27T06:00:06.000Z,FK,False,Trustpilot
,"Since I started using this card, I haven't had any problems. The start was a bit bumpy because the first card never arrived. But the second card came as promised. Transfers are straightforward, and i... See more",,2026-03-20T12:01:04.000Z,TH,False,Trustpilot
,I have experienced hackers.on free wifi even changing software giving.me.wierd bills to pay and revolut have uncomplicated my digital life and got.good.invest options not to get rich but to have revol... See more,,2026-03-20T17:44:05.000Z,BH,False,Trustpilot
,"I find revolut so easy to use and everything transaction is immediately available to see on the app
 I find it so handy when travelling as it saves me having to get different currencies each time I t... See more",,2026-03-20T20:14:10.000Z,ML,False,Trustpilot
,Fast money transfer processing enabling GBP to be moved to Euro accounts and then transferred to private Euro account in a couple of minutes.  When money is needed abroad quickly this has been extreme... See more,,2026-03-20T09:02:17.000Z,PE,False,Trustpilot
,"Easy sign up, almost instant availability, easy to add funds and prompt delivery of physical card. I’m using mine routinely and so far have no grounds to grumble.",,2026-03-20T19:43:02.000Z,GS,False,Trustpilot
,"Loving my new revolut card and app, I can see exactly what I spend, its easy to transfer money on to my app/ card/ phone
Revolut keeps me up to date with everything. 
Highly recommend especially if... See more",,2026-03-20T09:30:33.000Z,SA,False,Trustpilot
,I was astounded by how excellent this banking app is. Revolut boasts a modern design and is incredibly user-friendly. Everything operates swiftly and seamlessly. I highly recommend it to anyone seekin... See more,,2026-03-20T19:49:48.000Z,KH,False,Trustpilot
,I only use my Revolut Card while on holiday. I top it up before we go then watch the transactions every day so I always know just how much I have spent! Whether in the USA or Europe it’s been a godsen... See more,,2026-03-20T16:32:55.000Z,LM,False,Trustpilot
,"Sometimes there are errors paying or withdrawing money or adding money from PayPal to the Debit Card. Stimmt Service fees are low and not paying a penny per month. 

Very good experience and pricing... See more",,2026-03-20T02:02:48.000Z,EH,False,Trustpilot
,Revolut has made everyday banking feel simple and stress‑free for me. Very quick signup and onboarding.  Everyday use is smooth with instant notifications after every transaction.  Excellent for trave... See more,,2026-03-20T20:24:38.000Z,KA,False,Trustpilot
,"Foreign exchange facility is so great. Rates are always better than other banks and using it is seamless. This is on top of all the other benefits of Revolut, bill sharing, instant transfers etc",,2026-03-20T23:56:23.000Z,EJ,False,Trustpilot
,"Super easy to use, makes me feel safe,can use it anytime to send money to my kids or elsewhere when I don't feel like using other card! No secret charges, highly recommend!",,2026-03-20T20:08:19.000Z,ΚA,False,Trustpilot
,"I find it very convenient to send/receive payments between friends and relatives. I also like the savings funds in different currencies, the rates are attractive and it's so easy to transfer money. It... See more",,2026-03-20T18:21:38.000Z,JA,False,Trustpilot
,I have been. Rev customer for about 10 years and I think it’s a fabulous financial accessory. I love the fact that I can carry money in multiple currencies which helps greatly when I’m travelling to a... See more,,2026-03-18T21:24:51.000Z,GM,False,Trustpilot
,"I find the app so easy to use, text of what has been spend and the amount left in the account helps with budgeting finances therefore stops over spending.",,2026-03-20T18:22:47.000Z,AG,False,Trustpilot
,The App is easy to use I'm hoping nothing changes when the transfer to a bank is fully intact. This has better features than regular banks.,,2026-03-20T19:56:05.000Z,TE,False,Trustpilot
,"My Revolut card meant that topping up the local currency as required could not be a simpler process.
It is a remarkably efficient way of managing funds and a budget when travelling.",,2026-03-19T11:00:22.000Z,JC,False,Trustpilot
,Very quick and efficient service with competitive exchange rates offered when transferring £s to €s.  Payments are made quickly and funds arrive promptly,,2026-03-19T11:45:19.000Z,IE,False,Trustpilot
,"This is the worst bank i have ever had, they’re literally chasing and harassing me and many other people i have talked to for every transaction as little as 50usd and even equivalent small transfers t... See more",,2026-03-20T10:16:40.000Z,MQ,False,Trustpilot
,"I am satisfied with Revolut. However:
Over the past two and a half weeks, I was in Germany arranging a funeral. Unfortunately, card payments were not accepted, so I had to withdraw cash. I was disa... See more",,2026-03-20T19:15:27.000Z,ZV,False,Trustpilot
,"Perfect app, very clear, with instant payments. Never had an issue or any kind of error. There’s nothing I can find that isn’t good.",,2026-03-20T08:28:20.000Z,CH,False,Trustpilot
,"Easy to use, no additional charges and able to use so many currencies 
Will need to migrate more cash into the account to cover",,2026-03-21T04:08:03.000Z,JK,False,Trustpilot
,"I’ve been using Revolut and it’s been great so far. The app is easy to use, fast and perfect for managing money, especially for regular use. Everything from payments to budgeting feels simple and conv... See more",,2026-03-20T03:09:34.000Z,IA,False,Trustpilot
,The main issue is transaction dispute due to continued issues with merchant delivery. I submitted a transaction dispute and was emailed saying it would take 3 days to receive an outcome. Day 2 Rev... See more,,2026-03-19T16:02:16.000Z,TA,False,Trustpilot
,"Think very carefully before opening an account with this lot. I started to save money with Revolut, for a holiday to south east Asia. To use the card abroad. With the conflict in the Middle East, my h... See more",,2026-03-19T11:34:15.000Z,SC,False,Trustpilot
,Very quick and easy and no delays in making the transfers - I used to use Wise but started to experience hours in making the transfer rather than the seconds they predicted,,2026-03-20T04:49:32.000Z,SB,False,Trustpilot
,"It’s so easy to use. Friendly environment. I send money to Mexico every month from the Netherlands and I trust you 100% on the fees, speed and currency! Sooooo happy to be part of Revolut.",,2026-03-20T22:37:32.000Z,AM,False,Trustpilot
,"Revolut is by far one of the worst banks I have ever dealt with.

I simply tried to transfer money from my Portuguese bank account to buy cryptocurrency and send it to my Binance account. We’r... See more",,2026-03-19T18:26:59.000Z,Fedor Kiselev,False,Trustpilot
,"Love this card spend  at home.e and on holidays, love that you can put money on it for holidays. I have recommended this card to loads of my friends they love ,love the app it's excellent.",,2026-03-20T05:55:11.000Z,MJ,False,Trustpilot
,"Revolut stands out for maintaining a reliable and well-managed transaction system, giving users confidence when handling payments and transfers. The platform is also consistently updated, and what mak... See more",,2026-03-20T20:34:48.000Z,OK,False,Trustpilot
,I love Revolut online accounts on thing I will like to review my online trading to be transfer on it and every time I have to activate something like put money,,2026-03-20T19:37:05.000Z,PP,False,Trustpilot
,"Revolut is very convenient , and gives a prompt service . This company is doing very well and is impeccabile .
Thank you !",,2026-03-20T10:03:21.000Z,IC,False,Trustpilot
,"Love Revolut.  I earn sterling but live in Ireland, so it’s a fantastic bank for currency exchange.  So easy to use.",,2026-03-20T19:54:27.000Z,RO,False,Trustpilot
,Easy to use no charge while i was away  abroard in Turkey at atm machine good confersion rate,,2026-03-20T20:07:07.000Z,RO,False,Trustpilot
,"Great banking app, includes other services and rewards as well that help a lot, especially for people living in a foreign country!!",,2026-03-20T19:49:08.000Z,CM,False,Trustpilot
,I am satisfied with the service of Revolut. I hope the fees are goning to be kept low in the future at least as much as it is now.,,2026-03-20T08:31:56.000Z,BA,False,Trustpilot
,"Very fast and professional team, smooth app and I have received an amazing offer for my house mortgage!",,2026-03-20T15:39:29.000Z,IJ,False,Trustpilot
,"I have been trying to delete a partially created Revolut account; they only have my e-mail, phone number, and name. Despite this, they have been sending me repeated emails for months, requesting more... See more",,2026-03-20T14:56:08.000Z,GL,False,Trustpilot
,"I got a worse account conditions since my account was transferred to Hungary.  I have to pay 0,5 percent transfer fees...",,2026-03-20T13:30:44.000Z,GK,False,Trustpilot
,"Best bank i can't wait to open a business account with Revolut 
Try it you will not be disappointed",,2026-03-20T19:41:09.000Z,AN,False,Trustpilot
,I've been using Revolut for about 2 1/2 years now. No complaints. Once they saved me from a semi-scam subscription service by automatically blocking the payment and then asking me whether to allow i... See more,,2026-03-20T05:18:45.000Z,JK,False,Trustpilot
,"Best Payments/ Financial/ Banking App I have ever used, Fast transit, great benefits for free version, Highly recommended for everyone, I hope this app get to the north African market. will make your... See more",,2026-03-19T19:36:44.000Z,MB,False,Trustpilot
,The card arrived  diligently. Account fees are reasonnable. Easy to use and to learn how to invest.,,2026-03-20T20:38:05.000Z,CA,False,Trustpilot
,Very user friendly all payments/purchases a click away.I will be availing of more of your services in the near future.,,2026-03-20T23:01:42.000Z,DA,False,Trustpilot
,"Easy to use, fast and reliable. Looking forward to upgrading my plan and getting even more benefits.",,2026-03-20T08:59:20.000Z,IV,False,Trustpilot
,Fourth day that i can't login into my account and i can't use my money. Revolut support continues to ask me sending them a video recording when trying to login. I tell them that i don't have a second... See more,,2026-03-20T18:21:25.000Z,MS,False,Trustpilot
,Feel confident when using card abroad and great that you give an immediate update of account status even checking that the user is the card owner after several purchases when tapping card.,,2026-03-20T19:40:32.000Z,MC,False,Trustpilot
,I have know worries using my card. And it's easy to explain to people how to keep a check on your balance and to add extra money,,2026-03-20T20:05:29.000Z,CW,False,Trustpilot
,It’s just a user friendly bank and the other pillar banks are now beginning to copy them.,,2026-03-20T20:31:29.000Z,AH,False,Trustpilot
,Simple and understandable communication in all areas. I feel safe and so does my money.,,2026-03-20T21:08:38.000Z,AJ,False,Trustpilot
,"Really happy with the service I am receiving.
Revolut seems to be the best Online account.",,2026-03-20T20:51:04.000Z,GS,False,Trustpilot
,I love the no and low fees for getting foreign currency and sending money abroad. Having this card is a game changer.,,2026-03-19T19:42:52.000Z,Jill Aisher,False,Trustpilot
,"I've never had a problem with anything including spending, saving and/or loans. My main worry is that I can't go into a branch if something does go wrong. Otherwise I would consider moving my business... See more",,2026-03-19T23:34:58.000Z,TM,False,Trustpilot
,Been using for over 3 years and its amazing especially sending money for my family overseas.,,2026-03-20T19:39:14.000Z,MV,False,Trustpilot
Very good for frequent travellers,Very happy with the use in various countries with different currency,,2026-03-27T05:33:41.000Z,AP,False,Trustpilot
Very satisfied.,"I have Revolute card which I use for online shopping. Great experience, never any problem. Once when I needed their help about a bill and it was resolved quickly and with no issues. Very satisfied.",,2026-03-27T05:32:45.000Z,AN,False,Trustpilot
Feature packed.,So far so good. Very impressive app and features. I have used similar accounts but Revolut seems to be more rewarding and plenty of options for saving and investing.,,2026-03-27T03:30:46.000Z,SN,False,Trustpilot
Efficient and pragmatic,Efficient and pragmatic,,2026-03-27T02:18:26.000Z,CG,False,Trustpilot
It's working everywhere,It's working everywhere,,2026-03-27T01:50:33.000Z,PG,False,Trustpilot
Excellent and very efficient,Excellent and very efficient,,2026-03-27T01:40:38.000Z,BE,False,Trustpilot
I'm happy with your service,I'm happy with your service,,2026-03-27T01:29:16.000Z,MM,False,Trustpilot
Quick transfers,"Quick transfers, convenient & easy",,2026-03-27T01:22:49.000Z,elizabeth connolly,False,Trustpilot
Top experimenten,Very helpful world wide,,2026-03-27T00:51:22.000Z,ME,False,Trustpilot
Love it,Love itLove the free subscriptions it comes with and love how easy it is to use,,2026-03-27T00:47:41.000Z,MP,False,Trustpilot
It’s a very reliable online bank,"It’s a very reliable online bank, and the time that it takes for transactions to be approved is minimal. I’m really happy with the fact that I have a possibility to devide into multiple saving categories. I have also noticed that it is a very careful with my data and trying to protect my personal information(for example if I’m on a call while opening the app there is a warning that it’s not revolut that is calling me and that I should be careful not to give anyone my data) I’m overall very happy with this and I recommend it wholeheartedly.",,2026-03-27T00:47:38.000Z,LI,False,Trustpilot
Finally a bank app that actually works,"I finally decided to try Revolut for my trip abroad last week and I'm honestly impressed. Usually, I hate dealing with exchange rates and hidden bank fees, but using the app to swap currencies was super smooth. The virtual cards also gave me some peace of mind while shopping on sites I didn't fully trust. There was a tiny delay getting my physical card in the mail, but the digital one worked immediately so it wasn't a huge deal. Definitely my new travel essential.",,2026-03-27T00:42:43.000Z,sayed sayed,False,Trustpilot
Loving using Revolut,Loving using Revolut. It’s so easy to transfer money and the savings account has fantastic interest rate.,,2026-03-27T00:12:29.000Z,LA,False,Trustpilot
Verry good. Easy to use.,Verry good.  easy to use around the world travelling. shopping. Im verry happy with revolut service. Thank you.,,2026-03-27T00:02:38.000Z,KK,False,Trustpilot
Very simple,"Very simple, suoer easy",,2026-03-26T23:50:04.000Z,TH,False,Trustpilot
,"Since I started using this card, I haven't had any problems. The start was a bit bumpy because the first card never arrived. But the second card came as promised. Transfers are straightforward, and i... See more",,2026-03-20T12:01:04.000Z,TH,False,Trustpilot
,I have experienced hackers.on free wifi even changing software giving.me.wierd bills to pay and revolut have uncomplicated my digital life and got.good.invest options not to get rich but to have revol... See more,,2026-03-20T17:44:05.000Z,BH,False,Trustpilot
,"I find revolut so easy to use and everything transaction is immediately available to see on the app
 I find it so handy when travelling as it saves me having to get different currencies each time I t... See more",,2026-03-20T20:14:10.000Z,ML,False,Trustpilot
,Fast money transfer processing enabling GBP to be moved to Euro accounts and then transferred to private Euro account in a couple of minutes.  When money is needed abroad quickly this has been extreme... See more,,2026-03-20T09:02:17.000Z,PE,False,Trustpilot
,"Easy sign up, almost instant availability, easy to add funds and prompt delivery of physical card. I’m using mine routinely and so far have no grounds to grumble.",,2026-03-20T19:43:02.000Z,GS,False,Trustpilot
,"Loving my new revolut card and app, I can see exactly what I spend, its easy to transfer money on to my app/ card/ phone
Revolut keeps me up to date with everything. 
Highly recommend especially if... See more",,2026-03-20T09:30:33.000Z,SA,False,Trustpilot
,I was astounded by how excellent this banking app is. Revolut boasts a modern design and is incredibly user-friendly. Everything operates swiftly and seamlessly. I highly recommend it to anyone seekin... See more,,2026-03-20T19:49:48.000Z,KH,False,Trustpilot
,I only use my Revolut Card while on holiday. I top it up before we go then watch the transactions every day so I always know just how much I have spent! Whether in the USA or Europe it’s been a godsen... See more,,2026-03-20T16:32:55.000Z,LM,False,Trustpilot
,"Sometimes there are errors paying or withdrawing money or adding money from PayPal to the Debit Card. Stimmt Service fees are low and not paying a penny per month. 

Very good experience and pricing... See more",,2026-03-20T02:02:48.000Z,EH,False,Trustpilot
,Revolut has made everyday banking feel simple and stress‑free for me. Very quick signup and onboarding.  Everyday use is smooth with instant notifications after every transaction.  Excellent for trave... See more,,2026-03-20T20:24:38.000Z,KA,False,Trustpilot
,"Foreign exchange facility is so great. Rates are always better than other banks and using it is seamless. This is on top of all the other benefits of Revolut, bill sharing, instant transfers etc",,2026-03-20T23:56:23.000Z,EJ,False,Trustpilot
,"Super easy to use, makes me feel safe,can use it anytime to send money to my kids or elsewhere when I don't feel like using other card! No secret charges, highly recommend!",,2026-03-20T20:08:19.000Z,ΚA,False,Trustpilot
,"I find it very convenient to send/receive payments between friends and relatives. I also like the savings funds in different currencies, the rates are attractive and it's so easy to transfer money. It... See more",,2026-03-20T18:21:38.000Z,JA,False,Trustpilot
,I have been. Rev customer for about 10 years and I think it’s a fabulous financial accessory. I love the fact that I can carry money in multiple currencies which helps greatly when I’m travelling to a... See more,,2026-03-18T21:24:51.000Z,GM,False,Trustpilot
,"I find the app so easy to use, text of what has been spend and the amount left in the account helps with budgeting finances therefore stops over spending.",,2026-03-20T18:22:47.000Z,AG,False,Trustpilot
,The App is easy to use I'm hoping nothing changes when the transfer to a bank is fully intact. This has better features than regular banks.,,2026-03-20T19:56:05.000Z,TE,False,Trustpilot
,"My Revolut card meant that topping up the local currency as required could not be a simpler process.
It is a remarkably efficient way of managing funds and a budget when travelling.",,2026-03-19T11:00:22.000Z,JC,False,Trustpilot
,Very quick and efficient service with competitive exchange rates offered when transferring £s to €s.  Payments are made quickly and funds arrive promptly,,2026-03-19T11:45:19.000Z,IE,False,Trustpilot
,"This is the worst bank i have ever had, they’re literally chasing and harassing me and many other people i have talked to for every transaction as little as 50usd and even equivalent small transfers t... See more",,2026-03-20T10:16:40.000Z,MQ,False,Trustpilot
,"I am satisfied with Revolut. However:
Over the past two and a half weeks, I was in Germany arranging a funeral. Unfortunately, card payments were not accepted, so I had to withdraw cash. I was disa... See more",,2026-03-20T19:15:27.000Z,ZV,False,Trustpilot
,"Perfect app, very clear, with instant payments. Never had an issue or any kind of error. There’s nothing I can find that isn’t good.",,2026-03-20T08:28:20.000Z,CH,False,Trustpilot
,"Easy to use, no additional charges and able to use so many currencies 
Will need to migrate more cash into the account to cover",,2026-03-21T04:08:03.000Z,JK,False,Trustpilot
,"I’ve been using Revolut and it’s been great so far. The app is easy to use, fast and perfect for managing money, especially for regular use. Everything from payments to budgeting feels simple and conv... See more",,2026-03-20T03:09:34.000Z,IA,False,Trustpilot
,The main issue is transaction dispute due to continued issues with merchant delivery. I submitted a transaction dispute and was emailed saying it would take 3 days to receive an outcome. Day 2 Rev... See more,,2026-03-19T16:02:16.000Z,TA,False,Trustpilot
,"Think very carefully before opening an account with this lot. I started to save money with Revolut, for a holiday to south east Asia. To use the card abroad. With the conflict in the Middle East, my h... See more",,2026-03-19T11:34:15.000Z,SC,False,Trustpilot
,Very quick and easy and no delays in making the transfers - I used to use Wise but started to experience hours in making the transfer rather than the seconds they predicted,,2026-03-20T04:49:32.000Z,SB,False,Trustpilot
,"It’s so easy to use. Friendly environment. I send money to Mexico every month from the Netherlands and I trust you 100% on the fees, speed and currency! Sooooo happy to be part of Revolut.",,2026-03-20T22:37:32.000Z,AM,False,Trustpilot
,"Revolut is by far one of the worst banks I have ever dealt with.

I simply tried to transfer money from my Portuguese bank account to buy cryptocurrency and send it to my Binance account. We’r... See more",,2026-03-19T18:26:59.000Z,Fedor Kiselev,False,Trustpilot
,"Love this card spend  at home.e and on holidays, love that you can put money on it for holidays. I have recommended this card to loads of my friends they love ,love the app it's excellent.",,2026-03-20T05:55:11.000Z,MJ,False,Trustpilot
,"Revolut stands out for maintaining a reliable and well-managed transaction system, giving users confidence when handling payments and transfers. The platform is also consistently updated, and what mak... See more",,2026-03-20T20:34:48.000Z,OK,False,Trustpilot
,I love Revolut online accounts on thing I will like to review my online trading to be transfer on it and every time I have to activate something like put money,,2026-03-20T19:37:05.000Z,PP,False,Trustpilot
,"Revolut is very convenient , and gives a prompt service . This company is doing very well and is impeccabile .
Thank you !",,2026-03-20T10:03:21.000Z,IC,False,Trustpilot
,"Love Revolut.  I earn sterling but live in Ireland, so it’s a fantastic bank for currency exchange.  So easy to use.",,2026-03-20T19:54:27.000Z,RO,False,Trustpilot
,Easy to use no charge while i was away  abroard in Turkey at atm machine good confersion rate,,2026-03-20T20:07:07.000Z,RO,False,Trustpilot
,"Great banking app, includes other services and rewards as well that help a lot, especially for people living in a foreign country!!",,2026-03-20T19:49:08.000Z,CM,False,Trustpilot
,I am satisfied with the service of Revolut. I hope the fees are goning to be kept low in the future at least as much as it is now.,,2026-03-20T08:31:56.000Z,BA,False,Trustpilot
,"Very fast and professional team, smooth app and I have received an amazing offer for my house mortgage!",,2026-03-20T15:39:29.000Z,IJ,False,Trustpilot
,"I have been trying to delete a partially created Revolut account; they only have my e-mail, phone number, and name. Despite this, they have been sending me repeated emails for months, requesting more... See more",,2026-03-20T14:56:08.000Z,GL,False,Trustpilot
,"I got a worse account conditions since my account was transferred to Hungary.  I have to pay 0,5 percent transfer fees...",,2026-03-20T13:30:44.000Z,GK,False,Trustpilot
,"Best bank i can't wait to open a business account with Revolut 
Try it you will not be disappointed",,2026-03-20T19:41:09.000Z,AN,False,Trustpilot
,I've been using Revolut for about 2 1/2 years now. No complaints. Once they saved me from a semi-scam subscription service by automatically blocking the payment and then asking me whether to allow i... See more,,2026-03-20T05:18:45.000Z,JK,False,Trustpilot
,"Best Payments/ Financial/ Banking App I have ever used, Fast transit, great benefits for free version, Highly recommended for everyone, I hope this app get to the north African market. will make your... See more",,2026-03-19T19:36:44.000Z,MB,False,Trustpilot
,The card arrived  diligently. Account fees are reasonnable. Easy to use and to learn how to invest.,,2026-03-20T20:38:05.000Z,CA,False,Trustpilot
,Very user friendly all payments/purchases a click away.I will be availing of more of your services in the near future.,,2026-03-20T23:01:42.000Z,DA,False,Trustpilot
,"Easy to use, fast and reliable. Looking forward to upgrading my plan and getting even more benefits.",,2026-03-20T08:59:20.000Z,IV,False,Trustpilot
,Fourth day that i can't login into my account and i can't use my money. Revolut support continues to ask me sending them a video recording when trying to login. I tell them that i don't have a second... See more,,2026-03-20T18:21:25.000Z,MS,False,Trustpilot
,Feel confident when using card abroad and great that you give an immediate update of account status even checking that the user is the card owner after several purchases when tapping card.,,2026-03-20T19:40:32.000Z,MC,False,Trustpilot
,I have know worries using my card. And it's easy to explain to people how to keep a check on your balance and to add extra money,,2026-03-20T20:05:29.000Z,CW,False,Trustpilot
,It’s just a user friendly bank and the other pillar banks are now beginning to copy them.,,2026-03-20T20:31:29.000Z,AH,False,Trustpilot
,Simple and understandable communication in all areas. I feel safe and so does my money.,,2026-03-20T21:08:38.000Z,AJ,False,Trustpilot
,"Really happy with the service I am receiving.
Revolut seems to be the best Online account.",,2026-03-20T20:51:04.000Z,GS,False,Trustpilot
,I love the no and low fees for getting foreign currency and sending money abroad. Having this card is a game changer.,,2026-03-19T19:42:52.000Z,Jill Aisher,False,Trustpilot
,"I've never had a problem with anything including spending, saving and/or loans. My main worry is that I can't go into a branch if something does go wrong. Otherwise I would consider moving my business... See more",,2026-03-19T23:34:58.000Z,TM,False,Trustpilot
,Been using for over 3 years and its amazing especially sending money for my family overseas.,,2026-03-20T19:39:14.000Z,MV,False,Trustpilot
Easy to use,"Easy to use, reliable and trusted",,2026-03-26T23:44:05.000Z,RA,False,Trustpilot
Tried to send £100 but it is pending…,Tried to send £100 but it is pending for hours???,,2026-03-26T23:37:01.000Z,CU,False,Trustpilot
Very easy too use great options of…,Very easy too use great options of plans and has everything you want from a bank.,,2026-03-26T23:28:53.000Z,JS,False,Trustpilot
Fantastic way to bank.,Very simple service.  Why isn’t all banking as straightforward as Revolut.  Total game changer.  Love the foreign currency exchanger.,,2026-03-26T23:19:56.000Z,CH,False,Trustpilot
#A1 Convenience,ConvenienceSo easy,,2026-03-26T23:17:09.000Z,BR,False,Trustpilot
You guys are doing amazing,"You guys are doing amazing. Everything for what I need the Revolut for works perfectly fine, Payments, Transfers, Exchanges, Travel all is amazing organised.  Thank you all team.",,2026-03-26T23:13:17.000Z,SG,False,Trustpilot
I‘m very happy with the app but,"I‘m very happy with the app. The only thing I can think of: The handling could be more intuitive with a few functions. Example: To check my direct debits or standing orders, I always have to look for the correct path (as I don‘t need it that often, I forget the path, but imo these basic things should be more obv).",,2026-03-26T23:07:43.000Z,LY,False,Trustpilot
Unexpected FX conversion despite sufficient balance,"Recently, my experience with Revolut has been mostly negative, especially when it comes to how they handle complaints.In my case, a single card payment was later split into multiple transactions by the merchant (I purchased flight tickets). The original amount was released back in CZK, so there were sufficient funds available to cover all four transactions. However, although all transactions were in CZK, Revolut internally converted one transaction from CZK to EUR and charged it from my EUR balance, resulting in additional costs. Their explanation was inconsistent and did not reflect how the transaction was actually processed. They claim that one of the transactions was in EUR, but if that were the case, it would have been deducted directly from my EUR balance (which also had sufficient funds) without any conversion.In addition, a weekend exchange fee was applied even though the conversion took place on a weekday (Tuesday). This fee was later refunded, but this situation highlights how inconsistent and poorly designed their system is, raising questions about how these processes are implemented. It is also difficult to understand why this refund is presented as a ""gesture of goodwill"", rather than a correction of an apparent issue.Customer support was generally unhelpful and did not seem to understand the root cause of the issue. I was passed between multiple agents, but the responses felt repetitive and scripted, which made the experience frustrating and difficult to resolve.",,2026-03-26T23:00:38.000Z,Aleš Pouzar,False,Trustpilot
Best online banking system,Best online banking system,,2026-03-26T23:00:26.000Z,MR,False,Trustpilot
Nice and easy,Excellent and swift even international transfer are so easy and quick. It just seems so seamless along with easy and handy interface. That's what represents a great company and customer oriented company. All in all I recommend everybody to must have it wherever applicable.Thanks,,2026-03-26T22:59:07.000Z,LR,False,Trustpilot
It's been a great experience with…,It's been a great experience with Revolut banking.,,2026-03-26T22:56:01.000Z,SD,False,Trustpilot
easy to use,"easy to use, thank you",,2026-03-26T22:50:18.000Z,CU,False,Trustpilot
Positive Review,"Joined up a few years back. Never had an issue about anything, unlike some other financial institutions.  Quick,  efficient, immediate actions and responses.",,2026-03-26T22:42:07.000Z,CO,False,Trustpilot
It's a new experience,It's a new experience. I like it. Everything is done quickly. There are lots of options.,,2026-03-26T22:41:31.000Z,RA,False,Trustpilot
Easy n brilliant way of using revolut…,Easy n brilliant way of using revolut in both savings n spending all round great,,2026-03-26T22:34:53.000Z,PC,False,Trustpilot
Excellent service and quick payment…,Excellent service and quick payment received and send.Thanks revolut,,2026-03-26T22:33:51.000Z,GO,False,Trustpilot
,"Since I started using this card, I haven't had any problems. The start was a bit bumpy because the first card never arrived. But the second card came as promised. Transfers are straightforward, and i... See more",,2026-03-20T12:01:04.000Z,TH,False,Trustpilot
,I have experienced hackers.on free wifi even changing software giving.me.wierd bills to pay and revolut have uncomplicated my digital life and got.good.invest options not to get rich but to have revol... See more,,2026-03-20T17:44:05.000Z,BH,False,Trustpilot
,"I find revolut so easy to use and everything transaction is immediately available to see on the app
 I find it so handy when travelling as it saves me having to get different currencies each time I t... See more",,2026-03-20T20:14:10.000Z,ML,False,Trustpilot
,Fast money transfer processing enabling GBP to be moved to Euro accounts and then transferred to private Euro account in a couple of minutes.  When money is needed abroad quickly this has been extreme... See more,,2026-03-20T09:02:17.000Z,PE,False,Trustpilot
,"Easy sign up, almost instant availability, easy to add funds and prompt delivery of physical card. I’m using mine routinely and so far have no grounds to grumble.",,2026-03-20T19:43:02.000Z,GS,False,Trustpilot
,"Loving my new revolut card and app, I can see exactly what I spend, its easy to transfer money on to my app/ card/ phone
Revolut keeps me up to date with everything. 
Highly recommend especially if... See more",,2026-03-20T09:30:33.000Z,SA,False,Trustpilot
,I was astounded by how excellent this banking app is. Revolut boasts a modern design and is incredibly user-friendly. Everything operates swiftly and seamlessly. I highly recommend it to anyone seekin... See more,,2026-03-20T19:49:48.000Z,KH,False,Trustpilot
,I only use my Revolut Card while on holiday. I top it up before we go then watch the transactions every day so I always know just how much I have spent! Whether in the USA or Europe it’s been a godsen... See more,,2026-03-20T16:32:55.000Z,LM,False,Trustpilot
,"Sometimes there are errors paying or withdrawing money or adding money from PayPal to the Debit Card. Stimmt Service fees are low and not paying a penny per month. 

Very good experience and pricing... See more",,2026-03-20T02:02:48.000Z,EH,False,Trustpilot
,Revolut has made everyday banking feel simple and stress‑free for me. Very quick signup and onboarding.  Everyday use is smooth with instant notifications after every transaction.  Excellent for trave... See more,,2026-03-20T20:24:38.000Z,KA,False,Trustpilot
,"Foreign exchange facility is so great. Rates are always better than other banks and using it is seamless. This is on top of all the other benefits of Revolut, bill sharing, instant transfers etc",,2026-03-20T23:56:23.000Z,EJ,False,Trustpilot
,"Super easy to use, makes me feel safe,can use it anytime to send money to my kids or elsewhere when I don't feel like using other card! No secret charges, highly recommend!",,2026-03-20T20:08:19.000Z,ΚA,False,Trustpilot
,"I find it very convenient to send/receive payments between friends and relatives. I also like the savings funds in different currencies, the rates are attractive and it's so easy to transfer money. It... See more",,2026-03-20T18:21:38.000Z,JA,False,Trustpilot
,I have been. Rev customer for about 10 years and I think it’s a fabulous financial accessory. I love the fact that I can carry money in multiple currencies which helps greatly when I’m travelling to a... See more,,2026-03-18T21:24:51.000Z,GM,False,Trustpilot
,"I find the app so easy to use, text of what has been spend and the amount left in the account helps with budgeting finances therefore stops over spending.",,2026-03-20T18:22:47.000Z,AG,False,Trustpilot
,The App is easy to use I'm hoping nothing changes when the transfer to a bank is fully intact. This has better features than regular banks.,,2026-03-20T19:56:05.000Z,TE,False,Trustpilot
,"My Revolut card meant that topping up the local currency as required could not be a simpler process.
It is a remarkably efficient way of managing funds and a budget when travelling.",,2026-03-19T11:00:22.000Z,JC,False,Trustpilot
,Very quick and efficient service with competitive exchange rates offered when transferring £s to €s.  Payments are made quickly and funds arrive promptly,,2026-03-19T11:45:19.000Z,IE,False,Trustpilot
,"This is the worst bank i have ever had, they’re literally chasing and harassing me and many other people i have talked to for every transaction as little as 50usd and even equivalent small transfers t... See more",,2026-03-20T10:16:40.000Z,MQ,False,Trustpilot
,"I am satisfied with Revolut. However:
Over the past two and a half weeks, I was in Germany arranging a funeral. Unfortunately, card payments were not accepted, so I had to withdraw cash. I was disa... See more",,2026-03-20T19:15:27.000Z,ZV,False,Trustpilot
,"Perfect app, very clear, with instant payments. Never had an issue or any kind of error. There’s nothing I can find that isn’t good.",,2026-03-20T08:28:20.000Z,CH,False,Trustpilot
,"Easy to use, no additional charges and able to use so many currencies 
Will need to migrate more cash into the account to cover",,2026-03-21T04:08:03.000Z,JK,False,Trustpilot
,"I’ve been using Revolut and it’s been great so far. The app is easy to use, fast and perfect for managing money, especially for regular use. Everything from payments to budgeting feels simple and conv... See more",,2026-03-20T03:09:34.000Z,IA,False,Trustpilot
,The main issue is transaction dispute due to continued issues with merchant delivery. I submitted a transaction dispute and was emailed saying it would take 3 days to receive an outcome. Day 2 Rev... See more,,2026-03-19T16:02:16.000Z,TA,False,Trustpilot
,"Think very carefully before opening an account with this lot. I started to save money with Revolut, for a holiday to south east Asia. To use the card abroad. With the conflict in the Middle East, my h... See more",,2026-03-19T11:34:15.000Z,SC,False,Trustpilot
,Very quick and easy and no delays in making the transfers - I used to use Wise but started to experience hours in making the transfer rather than the seconds they predicted,,2026-03-20T04:49:32.000Z,SB,False,Trustpilot
,"It’s so easy to use. Friendly environment. I send money to Mexico every month from the Netherlands and I trust you 100% on the fees, speed and currency! Sooooo happy to be part of Revolut.",,2026-03-20T22:37:32.000Z,AM,False,Trustpilot
,"Revolut is by far one of the worst banks I have ever dealt with.

I simply tried to transfer money from my Portuguese bank account to buy cryptocurrency and send it to my Binance account. We’r... See more",,2026-03-19T18:26:59.000Z,Fedor Kiselev,False,Trustpilot
,"Love this card spend  at home.e and on holidays, love that you can put money on it for holidays. I have recommended this card to loads of my friends they love ,love the app it's excellent.",,2026-03-20T05:55:11.000Z,MJ,False,Trustpilot
,"Revolut stands out for maintaining a reliable and well-managed transaction system, giving users confidence when handling payments and transfers. The platform is also consistently updated, and what mak... See more",,2026-03-20T20:34:48.000Z,OK,False,Trustpilot
,I love Revolut online accounts on thing I will like to review my online trading to be transfer on it and every time I have to activate something like put money,,2026-03-20T19:37:05.000Z,PP,False,Trustpilot
,"Revolut is very convenient , and gives a prompt service . This company is doing very well and is impeccabile .
Thank you !",,2026-03-20T10:03:21.000Z,IC,False,Trustpilot
,"Love Revolut.  I earn sterling but live in Ireland, so it’s a fantastic bank for currency exchange.  So easy to use.",,2026-03-20T19:54:27.000Z,RO,False,Trustpilot
,Easy to use no charge while i was away  abroard in Turkey at atm machine good confersion rate,,2026-03-20T20:07:07.000Z,RO,False,Trustpilot
,"Great banking app, includes other services and rewards as well that help a lot, especially for people living in a foreign country!!",,2026-03-20T19:49:08.000Z,CM,False,Trustpilot
,I am satisfied with the service of Revolut. I hope the fees are goning to be kept low in the future at least as much as it is now.,,2026-03-20T08:31:56.000Z,BA,False,Trustpilot
,"Very fast and professional team, smooth app and I have received an amazing offer for my house mortgage!",,2026-03-20T15:39:29.000Z,IJ,False,Trustpilot
,"I have been trying to delete a partially created Revolut account; they only have my e-mail, phone number, and name. Despite this, they have been sending me repeated emails for months, requesting more... See more",,2026-03-20T14:56:08.000Z,GL,False,Trustpilot
,"I got a worse account conditions since my account was transferred to Hungary.  I have to pay 0,5 percent transfer fees...",,2026-03-20T13:30:44.000Z,GK,False,Trustpilot
,"Best bank i can't wait to open a business account with Revolut 
Try it you will not be disappointed",,2026-03-20T19:41:09.000Z,AN,False,Trustpilot
,I've been using Revolut for about 2 1/2 years now. No complaints. Once they saved me from a semi-scam subscription service by automatically blocking the payment and then asking me whether to allow i... See more,,2026-03-20T05:18:45.000Z,JK,False,Trustpilot
,"Best Payments/ Financial/ Banking App I have ever used, Fast transit, great benefits for free version, Highly recommended for everyone, I hope this app get to the north African market. will make your... See more",,2026-03-19T19:36:44.000Z,MB,False,Trustpilot
,The card arrived  diligently. Account fees are reasonnable. Easy to use and to learn how to invest.,,2026-03-20T20:38:05.000Z,CA,False,Trustpilot
,Very user friendly all payments/purchases a click away.I will be availing of more of your services in the near future.,,2026-03-20T23:01:42.000Z,DA,False,Trustpilot
,"Easy to use, fast and reliable. Looking forward to upgrading my plan and getting even more benefits.",,2026-03-20T08:59:20.000Z,IV,False,Trustpilot
,Fourth day that i can't login into my account and i can't use my money. Revolut support continues to ask me sending them a video recording when trying to login. I tell them that i don't have a second... See more,,2026-03-20T18:21:25.000Z,MS,False,Trustpilot
,Feel confident when using card abroad and great that you give an immediate update of account status even checking that the user is the card owner after several purchases when tapping card.,,2026-03-20T19:40:32.000Z,MC,False,Trustpilot
,I have know worries using my card. And it's easy to explain to people how to keep a check on your balance and to add extra money,,2026-03-20T20:05:29.000Z,CW,False,Trustpilot
,It’s just a user friendly bank and the other pillar banks are now beginning to copy them.,,2026-03-20T20:31:29.000Z,AH,False,Trustpilot
,Simple and understandable communication in all areas. I feel safe and so does my money.,,2026-03-20T21:08:38.000Z,AJ,False,Trustpilot
,"Really happy with the service I am receiving.
Revolut seems to be the best Online account.",,2026-03-20T20:51:04.000Z,GS,False,Trustpilot
,I love the no and low fees for getting foreign currency and sending money abroad. Having this card is a game changer.,,2026-03-19T19:42:52.000Z,Jill Aisher,False,Trustpilot
,"I've never had a problem with anything including spending, saving and/or loans. My main worry is that I can't go into a branch if something does go wrong. Otherwise I would consider moving my business... See more",,2026-03-19T23:34:58.000Z,TM,False,Trustpilot
,Been using for over 3 years and its amazing especially sending money for my family overseas.,,2026-03-20T19:39:14.000Z,MV,False,Trustpilot
I’m missing my number,Pls I miss my number,,2026-03-26T22:29:57.000Z,AM,False,Trustpilot
Best bank,Best bank. Everything is perfect,,2026-03-26T22:26:32.000Z,KU,False,Trustpilot
So fast and helpful,So fast and helpful,,2026-03-26T22:23:03.000Z,VP,False,Trustpilot
transactions,Quick and easy transactions,,2026-03-26T22:20:59.000Z,OK,False,Trustpilot
Its fine as long a security does think…,Its fine as long a security does think its a risk.,,2026-03-26T22:06:09.000Z,SR,False,Trustpilot
transferring money…,"It's so easy to use ,transferring money especially for family",,2026-03-26T22:03:34.000Z,JO,False,Trustpilot
Excellent,Everything according to my expectations,,2026-03-26T21:53:45.000Z,RP,False,Trustpilot
Excelent,SuperGratulations,,2026-03-26T21:52:51.000Z,JK,False,Trustpilot
love using Revolut I find it very handy…,love using Revolut I find it very handy for everyday use especially for transfering money or paying online it really is so easy to use 5 stars,,2026-03-26T21:43:43.000Z,PD,False,Trustpilot
Very easy banking app to use,Very easy banking app to use. Good exchange rates when transferring money to France. Goes immediately. Use our Revolute card when in France . Would highly recommend it,,2026-03-26T21:41:07.000Z,LK,False,Trustpilot
Good,Good ! Nice👍,,2026-03-26T21:38:36.000Z,TA,False,Trustpilot
Great experience with this card,Great experience with this card,,2026-03-26T21:37:03.000Z,MI,False,Trustpilot
Beat banking app,Easy to use app. Much better interest rate for savings compared to leading banks. Rewards are very generous as well,,2026-03-26T21:35:24.000Z,ID,False,Trustpilot
Love the app,"Love the app. The User interface is awesome however the investment feature is not so good compared to other Complete Investment Application. For Payments and usual Transactions, its good.",,2026-03-26T21:33:37.000Z,ZA,False,Trustpilot
Fab secure holiday money solution,"Really great solution that ensures your holiday money is safe, convenient & super easy to access or top up. I believe your spends are always at the current Local Exchange rate which is definitely a bonus. Used Revolution for years all over the world and always goes with me on my travels no matter where.",,2026-03-26T21:24:42.000Z,Customer Martin Davidson,False,Trustpilot
,"Since I started using this card, I haven't had any problems. The start was a bit bumpy because the first card never arrived. But the second card came as promised. Transfers are straightforward, and i... See more",,2026-03-20T12:01:04.000Z,TH,False,Trustpilot
,I have experienced hackers.on free wifi even changing software giving.me.wierd bills to pay and revolut have uncomplicated my digital life and got.good.invest options not to get rich but to have revol... See more,,2026-03-20T17:44:05.000Z,BH,False,Trustpilot
,"I find revolut so easy to use and everything transaction is immediately available to see on the app
 I find it so handy when travelling as it saves me having to get different currencies each time I t... See more",,2026-03-20T20:14:10.000Z,ML,False,Trustpilot
,Fast money transfer processing enabling GBP to be moved to Euro accounts and then transferred to private Euro account in a couple of minutes.  When money is needed abroad quickly this has been extreme... See more,,2026-03-20T09:02:17.000Z,PE,False,Trustpilot
,"Easy sign up, almost instant availability, easy to add funds and prompt delivery of physical card. I’m using mine routinely and so far have no grounds to grumble.",,2026-03-20T19:43:02.000Z,GS,False,Trustpilot
,"Loving my new revolut card and app, I can see exactly what I spend, its easy to transfer money on to my app/ card/ phone
Revolut keeps me up to date with everything. 
Highly recommend especially if... See more",,2026-03-20T09:30:33.000Z,SA,False,Trustpilot
,I was astounded by how excellent this banking app is. Revolut boasts a modern design and is incredibly user-friendly. Everything operates swiftly and seamlessly. I highly recommend it to anyone seekin... See more,,2026-03-20T19:49:48.000Z,KH,False,Trustpilot
,I only use my Revolut Card while on holiday. I top it up before we go then watch the transactions every day so I always know just how much I have spent! Whether in the USA or Europe it’s been a godsen... See more,,2026-03-20T16:32:55.000Z,LM,False,Trustpilot
,"Sometimes there are errors paying or withdrawing money or adding money from PayPal to the Debit Card. Stimmt Service fees are low and not paying a penny per month. 

Very good experience and pricing... See more",,2026-03-20T02:02:48.000Z,EH,False,Trustpilot
,Revolut has made everyday banking feel simple and stress‑free for me. Very quick signup and onboarding.  Everyday use is smooth with instant notifications after every transaction.  Excellent for trave... See more,,2026-03-20T20:24:38.000Z,KA,False,Trustpilot
,"Foreign exchange facility is so great. Rates are always better than other banks and using it is seamless. This is on top of all the other benefits of Revolut, bill sharing, instant transfers etc",,2026-03-20T23:56:23.000Z,EJ,False,Trustpilot
,"Super easy to use, makes me feel safe,can use it anytime to send money to my kids or elsewhere when I don't feel like using other card! No secret charges, highly recommend!",,2026-03-20T20:08:19.000Z,ΚA,False,Trustpilot
,"I find it very convenient to send/receive payments between friends and relatives. I also like the savings funds in different currencies, the rates are attractive and it's so easy to transfer money. It... See more",,2026-03-20T18:21:38.000Z,JA,False,Trustpilot
,I have been. Rev customer for about 10 years and I think it’s a fabulous financial accessory. I love the fact that I can carry money in multiple currencies which helps greatly when I’m travelling to a... See more,,2026-03-18T21:24:51.000Z,GM,False,Trustpilot
,"I find the app so easy to use, text of what has been spend and the amount left in the account helps with budgeting finances therefore stops over spending.",,2026-03-20T18:22:47.000Z,AG,False,Trustpilot
,The App is easy to use I'm hoping nothing changes when the transfer to a bank is fully intact. This has better features than regular banks.,,2026-03-20T19:56:05.000Z,TE,False,Trustpilot
,"My Revolut card meant that topping up the local currency as required could not be a simpler process.
It is a remarkably efficient way of managing funds and a budget when travelling.",,2026-03-19T11:00:22.000Z,JC,False,Trustpilot
,Very quick and efficient service with competitive exchange rates offered when transferring £s to €s.  Payments are made quickly and funds arrive promptly,,2026-03-19T11:45:19.000Z,IE,False,Trustpilot
,"This is the worst bank i have ever had, they’re literally chasing and harassing me and many other people i have talked to for every transaction as little as 50usd and even equivalent small transfers t... See more",,2026-03-20T10:16:40.000Z,MQ,False,Trustpilot
,"I am satisfied with Revolut. However:
Over the past two and a half weeks, I was in Germany arranging a funeral. Unfortunately, card payments were not accepted, so I had to withdraw cash. I was disa... See more",,2026-03-20T19:15:27.000Z,ZV,False,Trustpilot
,"Perfect app, very clear, with instant payments. Never had an issue or any kind of error. There’s nothing I can find that isn’t good.",,2026-03-20T08:28:20.000Z,CH,False,Trustpilot
,"Easy to use, no additional charges and able to use so many currencies 
Will need to migrate more cash into the account to cover",,2026-03-21T04:08:03.000Z,JK,False,Trustpilot
,"I’ve been using Revolut and it’s been great so far. The app is easy to use, fast and perfect for managing money, especially for regular use. Everything from payments to budgeting feels simple and conv... See more",,2026-03-20T03:09:34.000Z,IA,False,Trustpilot
,The main issue is transaction dispute due to continued issues with merchant delivery. I submitted a transaction dispute and was emailed saying it would take 3 days to receive an outcome. Day 2 Rev... See more,,2026-03-19T16:02:16.000Z,TA,False,Trustpilot
,"Think very carefully before opening an account with this lot. I started to save money with Revolut, for a holiday to south east Asia. To use the card abroad. With the conflict in the Middle East, my h... See more",,2026-03-19T11:34:15.000Z,SC,False,Trustpilot
,Very quick and easy and no delays in making the transfers - I used to use Wise but started to experience hours in making the transfer rather than the seconds they predicted,,2026-03-20T04:49:32.000Z,SB,False,Trustpilot
,"It’s so easy to use. Friendly environment. I send money to Mexico every month from the Netherlands and I trust you 100% on the fees, speed and currency! Sooooo happy to be part of Revolut.",,2026-03-20T22:37:32.000Z,AM,False,Trustpilot
,"Revolut is by far one of the worst banks I have ever dealt with.

I simply tried to transfer money from my Portuguese bank account to buy cryptocurrency and send it to my Binance account. We’r... See more",,2026-03-19T18:26:59.000Z,Fedor Kiselev,False,Trustpilot
,"Love this card spend  at home.e and on holidays, love that you can put money on it for holidays. I have recommended this card to loads of my friends they love ,love the app it's excellent.",,2026-03-20T05:55:11.000Z,MJ,False,Trustpilot
,"Revolut stands out for maintaining a reliable and well-managed transaction system, giving users confidence when handling payments and transfers. The platform is also consistently updated, and what mak... See more",,2026-03-20T20:34:48.000Z,OK,False,Trustpilot
,I love Revolut online accounts on thing I will like to review my online trading to be transfer on it and every time I have to activate something like put money,,2026-03-20T19:37:05.000Z,PP,False,Trustpilot
,"Revolut is very convenient , and gives a prompt service . This company is doing very well and is impeccabile .
Thank you !",,2026-03-20T10:03:21.000Z,IC,False,Trustpilot
,"Love Revolut.  I earn sterling but live in Ireland, so it’s a fantastic bank for currency exchange.  So easy to use.",,2026-03-20T19:54:27.000Z,RO,False,Trustpilot
,Easy to use no charge while i was away  abroard in Turkey at atm machine good confersion rate,,2026-03-20T20:07:07.000Z,RO,False,Trustpilot
,"Great banking app, includes other services and rewards as well that help a lot, especially for people living in a foreign country!!",,2026-03-20T19:49:08.000Z,CM,False,Trustpilot
,I am satisfied with the service of Revolut. I hope the fees are goning to be kept low in the future at least as much as it is now.,,2026-03-20T08:31:56.000Z,BA,False,Trustpilot
,"Very fast and professional team, smooth app and I have received an amazing offer for my house mortgage!",,2026-03-20T15:39:29.000Z,IJ,False,Trustpilot
,"I have been trying to delete a partially created Revolut account; they only have my e-mail, phone number, and name. Despite this, they have been sending me repeated emails for months, requesting more... See more",,2026-03-20T14:56:08.000Z,GL,False,Trustpilot
,"I got a worse account conditions since my account was transferred to Hungary.  I have to pay 0,5 percent transfer fees...",,2026-03-20T13:30:44.000Z,GK,False,Trustpilot
,"Best bank i can't wait to open a business account with Revolut 
Try it you will not be disappointed",,2026-03-20T19:41:09.000Z,AN,False,Trustpilot
,I've been using Revolut for about 2 1/2 years now. No complaints. Once they saved me from a semi-scam subscription service by automatically blocking the payment and then asking me whether to allow i... See more,,2026-03-20T05:18:45.000Z,JK,False,Trustpilot
,"Best Payments/ Financial/ Banking App I have ever used, Fast transit, great benefits for free version, Highly recommended for everyone, I hope this app get to the north African market. will make your... See more",,2026-03-19T19:36:44.000Z,MB,False,Trustpilot
,The card arrived  diligently. Account fees are reasonnable. Easy to use and to learn how to invest.,,2026-03-20T20:38:05.000Z,CA,False,Trustpilot
,Very user friendly all payments/purchases a click away.I will be availing of more of your services in the near future.,,2026-03-20T23:01:42.000Z,DA,False,Trustpilot
,"Easy to use, fast and reliable. Looking forward to upgrading my plan and getting even more benefits.",,2026-03-20T08:59:20.000Z,IV,False,Trustpilot
,Fourth day that i can't login into my account and i can't use my money. Revolut support continues to ask me sending them a video recording when trying to login. I tell them that i don't have a second... See more,,2026-03-20T18:21:25.000Z,MS,False,Trustpilot
,Feel confident when using card abroad and great that you give an immediate update of account status even checking that the user is the card owner after several purchases when tapping card.,,2026-03-20T19:40:32.000Z,MC,False,Trustpilot
,I have know worries using my card. And it's easy to explain to people how to keep a check on your balance and to add extra money,,2026-03-20T20:05:29.000Z,CW,False,Trustpilot
,It’s just a user friendly bank and the other pillar banks are now beginning to copy them.,,2026-03-20T20:31:29.000Z,AH,False,Trustpilot
,Simple and understandable communication in all areas. I feel safe and so does my money.,,2026-03-20T21:08:38.000Z,AJ,False,Trustpilot
,"Really happy with the service I am receiving.
Revolut seems to be the best Online account.",,2026-03-20T20:51:04.000Z,GS,False,Trustpilot
,I love the no and low fees for getting foreign currency and sending money abroad. Having this card is a game changer.,,2026-03-19T19:42:52.000Z,Jill Aisher,False,Trustpilot
,"I've never had a problem with anything including spending, saving and/or loans. My main worry is that I can't go into a branch if something does go wrong. Otherwise I would consider moving my business... See more",,2026-03-19T23:34:58.000Z,TM,False,Trustpilot
,Been using for over 3 years and its amazing especially sending money for my family overseas.,,2026-03-20T19:39:14.000Z,MV,False,Trustpilot
Fast and secure transactions,Fast and secure transactions,,2026-03-26T21:23:01.000Z,PA,False,Trustpilot
Great UI,"Great UI, quite intuitive, great service.",,2026-03-26T21:22:16.000Z,PI,False,Trustpilot
I’m empress,Very good app,,2026-03-26T21:18:40.000Z,RB,False,Trustpilot
Super….👍 indispensable,Super….👍 indispensable,,2026-03-26T21:07:17.000Z,CL,False,Trustpilot
I feel safe using revolut card and l…,I feel safe using revolut card and l never regret making this card..The only thing l don't like is that when l want to transfer money on line from revolut to a bank in Cyprus always the charge to transfer,,2026-03-26T21:03:24.000Z,AS,False,Trustpilot
Its really easy to use,"Its really easy to use, changing currencies and being able to set limits",,2026-03-26T21:01:27.000Z,EL,False,Trustpilot
When I travel to Canada I have no…,When I travel to Canada I have no trouble buying anything,,2026-03-26T20:49:22.000Z,LO,False,Trustpilot
Thankyou for a brilliant service.,Thankyou for a brilliant service.,,2026-03-26T20:47:17.000Z,CS,False,Trustpilot
Parfait,Excellente application et services,,2026-03-26T20:43:59.000Z,TB,False,Trustpilot
I don't like rounding up prices and…,I don't like rounding up prices and collecting unnecessary points,,2026-03-26T20:42:06.000Z,GA,False,Trustpilot
"Revolut, exceptional banking",With Revolut i feel super confident with my transactions   It's amazing when you have a system you can actually trust for managing your money. Knowing everything is handled smoothly really brings peace of mind. I've been really impressed with how well-organized it all feels. Definitely makes everyday financial tasks so much easier.,,2026-03-26T20:40:29.000Z,MF,False,Trustpilot
I am completely satisfied,I am completely satisfied,,2026-03-26T20:40:12.000Z,AB,False,Trustpilot
Revolut offers services like no other…,"Revolut offers services like no other banks in my country, and for free.",,2026-03-26T20:37:06.000Z,LA,False,Trustpilot
The EU banking toolbox,Very efficient tool for personal banking in the EU market.,,2026-03-26T20:34:28.000Z,KK,False,Trustpilot
Great service and excellent customer…,Great service and excellent customer service,,2026-03-26T20:29:47.000Z,YF,False,Trustpilot
Great for traveling and paying in other…,Great for traveling and paying in other currencies,,2026-03-26T20:28:00.000Z,SR,False,Trustpilot
,"Since I started using this card, I haven't had any problems. The start was a bit bumpy because the first card never arrived. But the second card came as promised. Transfers are straightforward, and i... See more",,2026-03-20T12:01:04.000Z,TH,False,Trustpilot
,I have experienced hackers.on free wifi even changing software giving.me.wierd bills to pay and revolut have uncomplicated my digital life and got.good.invest options not to get rich but to have revol... See more,,2026-03-20T17:44:05.000Z,BH,False,Trustpilot
,"I find revolut so easy to use and everything transaction is immediately available to see on the app
 I find it so handy when travelling as it saves me having to get different currencies each time I t... See more",,2026-03-20T20:14:10.000Z,ML,False,Trustpilot
,Fast money transfer processing enabling GBP to be moved to Euro accounts and then transferred to private Euro account in a couple of minutes.  When money is needed abroad quickly this has been extreme... See more,,2026-03-20T09:02:17.000Z,PE,False,Trustpilot
,"Easy sign up, almost instant availability, easy to add funds and prompt delivery of physical card. I’m using mine routinely and so far have no grounds to grumble.",,2026-03-20T19:43:02.000Z,GS,False,Trustpilot
,"Loving my new revolut card and app, I can see exactly what I spend, its easy to transfer money on to my app/ card/ phone
Revolut keeps me up to date with everything. 
Highly recommend especially if... See more",,2026-03-20T09:30:33.000Z,SA,False,Trustpilot
,I was astounded by how excellent this banking app is. Revolut boasts a modern design and is incredibly user-friendly. Everything operates swiftly and seamlessly. I highly recommend it to anyone seekin... See more,,2026-03-20T19:49:48.000Z,KH,False,Trustpilot
,I only use my Revolut Card while on holiday. I top it up before we go then watch the transactions every day so I always know just how much I have spent! Whether in the USA or Europe it’s been a godsen... See more,,2026-03-20T16:32:55.000Z,LM,False,Trustpilot
,"Sometimes there are errors paying or withdrawing money or adding money from PayPal to the Debit Card. Stimmt Service fees are low and not paying a penny per month. 

Very good experience and pricing... See more",,2026-03-20T02:02:48.000Z,EH,False,Trustpilot
,Revolut has made everyday banking feel simple and stress‑free for me. Very quick signup and onboarding.  Everyday use is smooth with instant notifications after every transaction.  Excellent for trave... See more,,2026-03-20T20:24:38.000Z,KA,False,Trustpilot
,"Foreign exchange facility is so great. Rates are always better than other banks and using it is seamless. This is on top of all the other benefits of Revolut, bill sharing, instant transfers etc",,2026-03-20T23:56:23.000Z,EJ,False,Trustpilot
,"Super easy to use, makes me feel safe,can use it anytime to send money to my kids or elsewhere when I don't feel like using other card! No secret charges, highly recommend!",,2026-03-20T20:08:19.000Z,ΚA,False,Trustpilot
,"I find it very convenient to send/receive payments between friends and relatives. I also like the savings funds in different currencies, the rates are attractive and it's so easy to transfer money. It... See more",,2026-03-20T18:21:38.000Z,JA,False,Trustpilot
,I have been. Rev customer for about 10 years and I think it’s a fabulous financial accessory. I love the fact that I can carry money in multiple currencies which helps greatly when I’m travelling to a... See more,,2026-03-18T21:24:51.000Z,GM,False,Trustpilot
,"I find the app so easy to use, text of what has been spend and the amount left in the account helps with budgeting finances therefore stops over spending.",,2026-03-20T18:22:47.000Z,AG,False,Trustpilot
,The App is easy to use I'm hoping nothing changes when the transfer to a bank is fully intact. This has better features than regular banks.,,2026-03-20T19:56:05.000Z,TE,False,Trustpilot
,"My Revolut card meant that topping up the local currency as required could not be a simpler process.
It is a remarkably efficient way of managing funds and a budget when travelling.",,2026-03-19T11:00:22.000Z,JC,False,Trustpilot
,Very quick and efficient service with competitive exchange rates offered when transferring £s to €s.  Payments are made quickly and funds arrive promptly,,2026-03-19T11:45:19.000Z,IE,False,Trustpilot
,"This is the worst bank i have ever had, they’re literally chasing and harassing me and many other people i have talked to for every transaction as little as 50usd and even equivalent small transfers t... See more",,2026-03-20T10:16:40.000Z,MQ,False,Trustpilot
,"I am satisfied with Revolut. However:
Over the past two and a half weeks, I was in Germany arranging a funeral. Unfortunately, card payments were not accepted, so I had to withdraw cash. I was disa... See more",,2026-03-20T19:15:27.000Z,ZV,False,Trustpilot
,"Perfect app, very clear, with instant payments. Never had an issue or any kind of error. There’s nothing I can find that isn’t good.",,2026-03-20T08:28:20.000Z,CH,False,Trustpilot
,"Easy to use, no additional charges and able to use so many currencies 
Will need to migrate more cash into the account to cover",,2026-03-21T04:08:03.000Z,JK,False,Trustpilot
,"I’ve been using Revolut and it’s been great so far. The app is easy to use, fast and perfect for managing money, especially for regular use. Everything from payments to budgeting feels simple and conv... See more",,2026-03-20T03:09:34.000Z,IA,False,Trustpilot
,The main issue is transaction dispute due to continued issues with merchant delivery. I submitted a transaction dispute and was emailed saying it would take 3 days to receive an outcome. Day 2 Rev... See more,,2026-03-19T16:02:16.000Z,TA,False,Trustpilot
,"Think very carefully before opening an account with this lot. I started to save money with Revolut, for a holiday to south east Asia. To use the card abroad. With the conflict in the Middle East, my h... See more",,2026-03-19T11:34:15.000Z,SC,False,Trustpilot
,Very quick and easy and no delays in making the transfers - I used to use Wise but started to experience hours in making the transfer rather than the seconds they predicted,,2026-03-20T04:49:32.000Z,SB,False,Trustpilot
,"It’s so easy to use. Friendly environment. I send money to Mexico every month from the Netherlands and I trust you 100% on the fees, speed and currency! Sooooo happy to be part of Revolut.",,2026-03-20T22:37:32.000Z,AM,False,Trustpilot
,"Revolut is by far one of the worst banks I have ever dealt with.

I simply tried to transfer money from my Portuguese bank account to buy cryptocurrency and send it to my Binance account. We’r... See more",,2026-03-19T18:26:59.000Z,Fedor Kiselev,False,Trustpilot
,"Love this card spend  at home.e and on holidays, love that you can put money on it for holidays. I have recommended this card to loads of my friends they love ,love the app it's excellent.",,2026-03-20T05:55:11.000Z,MJ,False,Trustpilot
,"Revolut stands out for maintaining a reliable and well-managed transaction system, giving users confidence when handling payments and transfers. The platform is also consistently updated, and what mak... See more",,2026-03-20T20:34:48.000Z,OK,False,Trustpilot
,I love Revolut online accounts on thing I will like to review my online trading to be transfer on it and every time I have to activate something like put money,,2026-03-20T19:37:05.000Z,PP,False,Trustpilot
,"Revolut is very convenient , and gives a prompt service . This company is doing very well and is impeccabile .
Thank you !",,2026-03-20T10:03:21.000Z,IC,False,Trustpilot
,"Love Revolut.  I earn sterling but live in Ireland, so it’s a fantastic bank for currency exchange.  So easy to use.",,2026-03-20T19:54:27.000Z,RO,False,Trustpilot
,Easy to use no charge while i was away  abroard in Turkey at atm machine good confersion rate,,2026-03-20T20:07:07.000Z,RO,False,Trustpilot
,"Great banking app, includes other services and rewards as well that help a lot, especially for people living in a foreign country!!",,2026-03-20T19:49:08.000Z,CM,False,Trustpilot
,I am satisfied with the service of Revolut. I hope the fees are goning to be kept low in the future at least as much as it is now.,,2026-03-20T08:31:56.000Z,BA,False,Trustpilot
,"Very fast and professional team, smooth app and I have received an amazing offer for my house mortgage!",,2026-03-20T15:39:29.000Z,IJ,False,Trustpilot
,"I have been trying to delete a partially created Revolut account; they only have my e-mail, phone number, and name. Despite this, they have been sending me repeated emails for months, requesting more... See more",,2026-03-20T14:56:08.000Z,GL,False,Trustpilot
,"I got a worse account conditions since my account was transferred to Hungary.  I have to pay 0,5 percent transfer fees...",,2026-03-20T13:30:44.000Z,GK,False,Trustpilot
,"Best bank i can't wait to open a business account with Revolut 
Try it you will not be disappointed",,2026-03-20T19:41:09.000Z,AN,False,Trustpilot
,I've been using Revolut for about 2 1/2 years now. No complaints. Once they saved me from a semi-scam subscription service by automatically blocking the payment and then asking me whether to allow i... See more,,2026-03-20T05:18:45.000Z,JK,False,Trustpilot
,"Best Payments/ Financial/ Banking App I have ever used, Fast transit, great benefits for free version, Highly recommended for everyone, I hope this app get to the north African market. will make your... See more",,2026-03-19T19:36:44.000Z,MB,False,Trustpilot
,The card arrived  diligently. Account fees are reasonnable. Easy to use and to learn how to invest.,,2026-03-20T20:38:05.000Z,CA,False,Trustpilot
,Very user friendly all payments/purchases a click away.I will be availing of more of your services in the near future.,,2026-03-20T23:01:42.000Z,DA,False,Trustpilot
,"Easy to use, fast and reliable. Looking forward to upgrading my plan and getting even more benefits.",,2026-03-20T08:59:20.000Z,IV,False,Trustpilot
,Fourth day that i can't login into my account and i can't use my money. Revolut support continues to ask me sending them a video recording when trying to login. I tell them that i don't have a second... See more,,2026-03-20T18:21:25.000Z,MS,False,Trustpilot
,Feel confident when using card abroad and great that you give an immediate update of account status even checking that the user is the card owner after several purchases when tapping card.,,2026-03-20T19:40:32.000Z,MC,False,Trustpilot
,I have know worries using my card. And it's easy to explain to people how to keep a check on your balance and to add extra money,,2026-03-20T20:05:29.000Z,CW,False,Trustpilot
,It’s just a user friendly bank and the other pillar banks are now beginning to copy them.,,2026-03-20T20:31:29.000Z,AH,False,Trustpilot
,Simple and understandable communication in all areas. I feel safe and so does my money.,,2026-03-20T21:08:38.000Z,AJ,False,Trustpilot
,"Really happy with the service I am receiving.
Revolut seems to be the best Online account.",,2026-03-20T20:51:04.000Z,GS,False,Trustpilot
,I love the no and low fees for getting foreign currency and sending money abroad. Having this card is a game changer.,,2026-03-19T19:42:52.000Z,Jill Aisher,False,Trustpilot
,"I've never had a problem with anything including spending, saving and/or loans. My main worry is that I can't go into a branch if something does go wrong. Otherwise I would consider moving my business... See more",,2026-03-19T23:34:58.000Z,TM,False,Trustpilot
,Been using for over 3 years and its amazing especially sending money for my family overseas.,,2026-03-20T19:39:14.000Z,MV,False,Trustpilot
Everything is clear,"Everything is clear, fast, professional",,2026-03-26T20:27:09.000Z,VI,False,Trustpilot
Find it so good and easy to use and send money to different accounts age friendly for me especially,Very good easy to understand and use even if older sending money easy just a click and hone and arrived in seconds,,2026-03-26T20:27:01.000Z,MC,False,Trustpilot
Very user friendly,"Very user friendly, reliable and hassle free",,2026-03-26T20:23:54.000Z,AF,False,Trustpilot
Very convenient way of holding different currencies.,"The app is friendly, easy to navigate, works well, is clear to see all accounts. It's easy to add funds, exchange for other currencies, view all currencies on one screen. One thing to remember, do not convert currencies on Saturday or Sunday. I think for the standard service user, it would be more useful if funds could be removed via an ATM for a higher amount.",,2026-03-26T20:19:29.000Z,CH,False,Trustpilot
5/5 excellent,"5/5 – Revolut has completely changed how I manage my moneyI've been using Revolut as my primary everyday account for over a year now, and it's honestly one of the best fintech apps out there.The mobile app is incredibly intuitive and clean. Everything from instant notifications and real-time spending breakdowns to budgeting tools and savings vaults is seamlessly designed. I love being able to hold and exchange multiple currencies at competitive rates (especially on weekdays), which has saved me a fortune on trips abroad. Fee-free card spending overseas and fast international transfers are game-changers — I regularly send money to family in Europe with almost no fees and it arrives in seconds.",,2026-03-26T20:19:10.000Z,CM,False,Trustpilot
Super,"It's very convenient to pay by card—you can see the amount withdrawn right away. When I lost my card, the problem was resolved very quickly.",,2026-03-26T20:18:55.000Z,EZ,False,Trustpilot
Someone always listens to concerns,"Someone always listens to concerns, and then offers a solution to the situation.",,2026-03-26T20:17:53.000Z,SL,False,Trustpilot
Dream of a bank to use. Easy simple and fuss free.,"I've been using Revolut since 2018 and I could not be happier with them.From the ease of using it abroad commission free, exchanging currency to know exactly what I have instead of trying to convert it.The pockets and vaults function make it super simple to budget, I don't have to worry about bills being paid, just attach them to a pocket and transfer money when I get paid. All bills get paid on time and I don't have to work out when they come out.",,2026-03-26T20:16:25.000Z,WI,False,Trustpilot
Never let down,"I never had issues using the physical card and the app. They always worked well for me. Anf when I asked for help, I had immediate helpful replies when using chatting with the chatbot and also with an agent.",,2026-03-26T20:15:53.000Z,JG,False,Trustpilot
Very easy to use app,"Very easy to use app, low exchange fees and fast signup",,2026-03-26T20:15:51.000Z,Galen Han,False,Trustpilot
Great card,Great card to have for any currency. You can move money from one account to another with ease.,,2026-03-26T20:11:42.000Z,AS,False,Trustpilot
"Please,keep up the good work!!","I have had no issues with Revolut in the past,trustworthy,efficient and fast service with bank transfers,magnificent exchange rates and ample opportunities for investors.",,2026-03-26T20:08:32.000Z,JN,False,Trustpilot
It does the job without too much fuss,It does the job without too much fuss. It simply works.,,2026-03-26T20:04:52.000Z,CH,False,Trustpilot
Simple and easy to use,"Simple and easy to use, should have got a Revolut card long time ago",,2026-03-26T20:03:40.000Z,DA,False,Trustpilot
Exchanging pounds,I like that I can exchange pounds in euros or romanian money. What I don't like is that I cannot exchange anymore pounds in romanian money and send them in romanian accounts.,,2026-03-26T20:03:18.000Z,MI,False,Trustpilot
Money😉 end relax,I'm very happy for service 👍👍👍,,2026-03-26T20:03:13.000Z,TD,False,Trustpilot
,"Since I started using this card, I haven't had any problems. The start was a bit bumpy because the first card never arrived. But the second card came as promised. Transfers are straightforward, and i... See more",,2026-03-20T12:01:04.000Z,TH,False,Trustpilot
,I have experienced hackers.on free wifi even changing software giving.me.wierd bills to pay and revolut have uncomplicated my digital life and got.good.invest options not to get rich but to have revol... See more,,2026-03-20T17:44:05.000Z,BH,False,Trustpilot
,"I find revolut so easy to use and everything transaction is immediately available to see on the app
 I find it so handy when travelling as it saves me having to get different currencies each time I t... See more",,2026-03-20T20:14:10.000Z,ML,False,Trustpilot
,Fast money transfer processing enabling GBP to be moved to Euro accounts and then transferred to private Euro account in a couple of minutes.  When money is needed abroad quickly this has been extreme... See more,,2026-03-20T09:02:17.000Z,PE,False,Trustpilot
,"Easy sign up, almost instant availability, easy to add funds and prompt delivery of physical card. I’m using mine routinely and so far have no grounds to grumble.",,2026-03-20T19:43:02.000Z,GS,False,Trustpilot
,"Loving my new revolut card and app, I can see exactly what I spend, its easy to transfer money on to my app/ card/ phone
Revolut keeps me up to date with everything. 
Highly recommend especially if... See more",,2026-03-20T09:30:33.000Z,SA,False,Trustpilot
,I was astounded by how excellent this banking app is. Revolut boasts a modern design and is incredibly user-friendly. Everything operates swiftly and seamlessly. I highly recommend it to anyone seekin... See more,,2026-03-20T19:49:48.000Z,KH,False,Trustpilot
,I only use my Revolut Card while on holiday. I top it up before we go then watch the transactions every day so I always know just how much I have spent! Whether in the USA or Europe it’s been a godsen... See more,,2026-03-20T16:32:55.000Z,LM,False,Trustpilot
,"Sometimes there are errors paying or withdrawing money or adding money from PayPal to the Debit Card. Stimmt Service fees are low and not paying a penny per month. 

Very good experience and pricing... See more",,2026-03-20T02:02:48.000Z,EH,False,Trustpilot
,Revolut has made everyday banking feel simple and stress‑free for me. Very quick signup and onboarding.  Everyday use is smooth with instant notifications after every transaction.  Excellent for trave... See more,,2026-03-20T20:24:38.000Z,KA,False,Trustpilot
,"Foreign exchange facility is so great. Rates are always better than other banks and using it is seamless. This is on top of all the other benefits of Revolut, bill sharing, instant transfers etc",,2026-03-20T23:56:23.000Z,EJ,False,Trustpilot
,"Super easy to use, makes me feel safe,can use it anytime to send money to my kids or elsewhere when I don't feel like using other card! No secret charges, highly recommend!",,2026-03-20T20:08:19.000Z,ΚA,False,Trustpilot
,"I find it very convenient to send/receive payments between friends and relatives. I also like the savings funds in different currencies, the rates are attractive and it's so easy to transfer money. It... See more",,2026-03-20T18:21:38.000Z,JA,False,Trustpilot
,I have been. Rev customer for about 10 years and I think it’s a fabulous financial accessory. I love the fact that I can carry money in multiple currencies which helps greatly when I’m travelling to a... See more,,2026-03-18T21:24:51.000Z,GM,False,Trustpilot
,"I find the app so easy to use, text of what has been spend and the amount left in the account helps with budgeting finances therefore stops over spending.",,2026-03-20T18:22:47.000Z,AG,False,Trustpilot
,The App is easy to use I'm hoping nothing changes when the transfer to a bank is fully intact. This has better features than regular banks.,,2026-03-20T19:56:05.000Z,TE,False,Trustpilot
,"My Revolut card meant that topping up the local currency as required could not be a simpler process.
It is a remarkably efficient way of managing funds and a budget when travelling.",,2026-03-19T11:00:22.000Z,JC,False,Trustpilot
,Very quick and efficient service with competitive exchange rates offered when transferring £s to €s.  Payments are made quickly and funds arrive promptly,,2026-03-19T11:45:19.000Z,IE,False,Trustpilot
,"This is the worst bank i have ever had, they’re literally chasing and harassing me and many other people i have talked to for every transaction as little as 50usd and even equivalent small transfers t... See more",,2026-03-20T10:16:40.000Z,MQ,False,Trustpilot
,"I am satisfied with Revolut. However:
Over the past two and a half weeks, I was in Germany arranging a funeral. Unfortunately, card payments were not accepted, so I had to withdraw cash. I was disa... See more",,2026-03-20T19:15:27.000Z,ZV,False,Trustpilot
,"Perfect app, very clear, with instant payments. Never had an issue or any kind of error. There’s nothing I can find that isn’t good.",,2026-03-20T08:28:20.000Z,CH,False,Trustpilot
,"Easy to use, no additional charges and able to use so many currencies 
Will need to migrate more cash into the account to cover",,2026-03-21T04:08:03.000Z,JK,False,Trustpilot
,"I’ve been using Revolut and it’s been great so far. The app is easy to use, fast and perfect for managing money, especially for regular use. Everything from payments to budgeting feels simple and conv... See more",,2026-03-20T03:09:34.000Z,IA,False,Trustpilot
,The main issue is transaction dispute due to continued issues with merchant delivery. I submitted a transaction dispute and was emailed saying it would take 3 days to receive an outcome. Day 2 Rev... See more,,2026-03-19T16:02:16.000Z,TA,False,Trustpilot
,"Think very carefully before opening an account with this lot. I started to save money with Revolut, for a holiday to south east Asia. To use the card abroad. With the conflict in the Middle East, my h... See more",,2026-03-19T11:34:15.000Z,SC,False,Trustpilot
,Very quick and easy and no delays in making the transfers - I used to use Wise but started to experience hours in making the transfer rather than the seconds they predicted,,2026-03-20T04:49:32.000Z,SB,False,Trustpilot
,"It’s so easy to use. Friendly environment. I send money to Mexico every month from the Netherlands and I trust you 100% on the fees, speed and currency! Sooooo happy to be part of Revolut.",,2026-03-20T22:37:32.000Z,AM,False,Trustpilot
,"Revolut is by far one of the worst banks I have ever dealt with.

I simply tried to transfer money from my Portuguese bank account to buy cryptocurrency and send it to my Binance account. We’r... See more",,2026-03-19T18:26:59.000Z,Fedor Kiselev,False,Trustpilot
,"Love this card spend  at home.e and on holidays, love that you can put money on it for holidays. I have recommended this card to loads of my friends they love ,love the app it's excellent.",,2026-03-20T05:55:11.000Z,MJ,False,Trustpilot
,"Revolut stands out for maintaining a reliable and well-managed transaction system, giving users confidence when handling payments and transfers. The platform is also consistently updated, and what mak... See more",,2026-03-20T20:34:48.000Z,OK,False,Trustpilot
,I love Revolut online accounts on thing I will like to review my online trading to be transfer on it and every time I have to activate something like put money,,2026-03-20T19:37:05.000Z,PP,False,Trustpilot
,"Revolut is very convenient , and gives a prompt service . This company is doing very well and is impeccabile .
Thank you !",,2026-03-20T10:03:21.000Z,IC,False,Trustpilot
,"Love Revolut.  I earn sterling but live in Ireland, so it’s a fantastic bank for currency exchange.  So easy to use.",,2026-03-20T19:54:27.000Z,RO,False,Trustpilot
,Easy to use no charge while i was away  abroard in Turkey at atm machine good confersion rate,,2026-03-20T20:07:07.000Z,RO,False,Trustpilot
,"Great banking app, includes other services and rewards as well that help a lot, especially for people living in a foreign country!!",,2026-03-20T19:49:08.000Z,CM,False,Trustpilot
,I am satisfied with the service of Revolut. I hope the fees are goning to be kept low in the future at least as much as it is now.,,2026-03-20T08:31:56.000Z,BA,False,Trustpilot
,"Very fast and professional team, smooth app and I have received an amazing offer for my house mortgage!",,2026-03-20T15:39:29.000Z,IJ,False,Trustpilot
,"I have been trying to delete a partially created Revolut account; they only have my e-mail, phone number, and name. Despite this, they have been sending me repeated emails for months, requesting more... See more",,2026-03-20T14:56:08.000Z,GL,False,Trustpilot
,"I got a worse account conditions since my account was transferred to Hungary.  I have to pay 0,5 percent transfer fees...",,2026-03-20T13:30:44.000Z,GK,False,Trustpilot
,"Best bank i can't wait to open a business account with Revolut 
Try it you will not be disappointed",,2026-03-20T19:41:09.000Z,AN,False,Trustpilot
,I've been using Revolut for about 2 1/2 years now. No complaints. Once they saved me from a semi-scam subscription service by automatically blocking the payment and then asking me whether to allow i... See more,,2026-03-20T05:18:45.000Z,JK,False,Trustpilot
,"Best Payments/ Financial/ Banking App I have ever used, Fast transit, great benefits for free version, Highly recommended for everyone, I hope this app get to the north African market. will make your... See more",,2026-03-19T19:36:44.000Z,MB,False,Trustpilot
,The card arrived  diligently. Account fees are reasonnable. Easy to use and to learn how to invest.,,2026-03-20T20:38:05.000Z,CA,False,Trustpilot
,Very user friendly all payments/purchases a click away.I will be availing of more of your services in the near future.,,2026-03-20T23:01:42.000Z,DA,False,Trustpilot
,"Easy to use, fast and reliable. Looking forward to upgrading my plan and getting even more benefits.",,2026-03-20T08:59:20.000Z,IV,False,Trustpilot
,Fourth day that i can't login into my account and i can't use my money. Revolut support continues to ask me sending them a video recording when trying to login. I tell them that i don't have a second... See more,,2026-03-20T18:21:25.000Z,MS,False,Trustpilot
,Feel confident when using card abroad and great that you give an immediate update of account status even checking that the user is the card owner after several purchases when tapping card.,,2026-03-20T19:40:32.000Z,MC,False,Trustpilot
,I have know worries using my card. And it's easy to explain to people how to keep a check on your balance and to add extra money,,2026-03-20T20:05:29.000Z,CW,False,Trustpilot
,It’s just a user friendly bank and the other pillar banks are now beginning to copy them.,,2026-03-20T20:31:29.000Z,AH,False,Trustpilot
,Simple and understandable communication in all areas. I feel safe and so does my money.,,2026-03-20T21:08:38.000Z,AJ,False,Trustpilot
,"Really happy with the service I am receiving.
Revolut seems to be the best Online account.",,2026-03-20T20:51:04.000Z,GS,False,Trustpilot
,I love the no and low fees for getting foreign currency and sending money abroad. Having this card is a game changer.,,2026-03-19T19:42:52.000Z,Jill Aisher,False,Trustpilot
,"I've never had a problem with anything including spending, saving and/or loans. My main worry is that I can't go into a branch if something does go wrong. Otherwise I would consider moving my business... See more",,2026-03-19T23:34:58.000Z,TM,False,Trustpilot
,Been using for over 3 years and its amazing especially sending money for my family overseas.,,2026-03-20T19:39:14.000Z,MV,False,Trustpilot
I love all about Rovolut,I love all about Rovolut. If my firm would let me I would have it as my main bank. I use it all the times on traveling's. Best bank i ever had,,2026-03-26T20:02:41.000Z,MA,False,Trustpilot
Good service,I like revoult,,2026-03-26T20:01:09.000Z,MM,False,Trustpilot
I cant find the access to deposit cash…,"I cant find the access to deposit cash on my bank,,,",,2026-03-26T20:00:54.000Z,MQ,False,Trustpilot
I LOVE the convenience,I LOVE the convenience. I do not like the weekly allotment I can transfer - it should be increased.,,2026-03-26T20:00:06.000Z,JR,False,Trustpilot
It's really fantastic experience and…,It's really fantastic experience and awesome banking with you. Great job so far and God bless you guys and grant you unlimited customers.,,2026-03-26T19:58:46.000Z,JB,False,Trustpilot
Awesome service,Awesome service. No hussles,,2026-03-26T19:58:41.000Z,PH,False,Trustpilot
Great,Excellent service,,2026-03-26T19:57:28.000Z,AD,False,Trustpilot
It is a very good app.,It is a very good app.,,2026-03-26T19:57:23.000Z,PR,False,Trustpilot
As a person living in Europe i find it…,As a person living in Europe i find it really convenient to use Revolut. I was an Erasmus student who studied in 3 different country. Revolut made my life easier and better than regional banks.,,2026-03-26T19:55:26.000Z,AV,False,Trustpilot
Great overall,"Great interface, easy to get around the different menus and views. The bank offers everything you need from a single point.",,2026-03-26T19:54:57.000Z,MK,False,Trustpilot
Ok ok,Ok IT îs a great app for porno hub,,2026-03-26T19:54:34.000Z,DS,False,Trustpilot
Great until you live abroad,I’ve really enjoyed the ease that revolute operates . I travel alot and revolute worked brilliant untill I was told that  I have to close my account now as I’m currently resident in Monaco for a couple of years and apparently revolute don’t operate there which sounds like nonsense to me.,,2026-03-26T19:52:11.000Z,TO,False,Trustpilot
I am looking for a job,I am looking for a job,,2026-03-26T19:51:55.000Z,JI,False,Trustpilot
Reliable,"Reliable, instant, good exchange rates.",,2026-03-26T19:50:46.000Z,KG,False,Trustpilot
Great for foreign travel!,Great for foreign travel!,,2026-03-26T19:50:05.000Z,JR,False,Trustpilot
Been using revolut for a few years now,Been using revolut for a few years now. Never had a problem.,,2026-03-26T19:49:33.000Z,AM,False,Trustpilot
I am very happy with Revolut,"I am very happy with Revolut, especially the app which is very intuitive and easy to use. I recommend it to everyone!",,2026-03-26T19:49:17.000Z,Rus Adrian,False,Trustpilot
Easy banking,Easy banking,,2026-03-26T19:48:32.000Z,AN,False,Trustpilot
