post_id,title,text,author,score,upvote_ratio,num_comments,date,permalink,subreddit,source
1oqo6lz,Do not trust Revolut with your money,"I've been a paying premium customer for over five years and, until recently, was very satisfied. I even considered making Revolut my primary bank account. Now, I am incredibly thankful that I never did. For weeks, which have now turned into months, my account has been restricted, leaving me completely locked out.

* Trying to pay for things while on vacation abroad Blocked.
* Splitting a bill with friends who covered for me? Blocked.
* Monthly subscriptions tied to my card? Declined.
* Making a simple bank transfer? Impossible.

Fortunately, I have other reliable bank accounts to handle my transactions. Trusting Revolut was likely the biggest financial mistake one could make. For weeks, the ""premium"" support team has told me they can't do anything, nor can they say how long my account will be restricted. Since I've lost all trust in the company and started looking for alternatives, I asked how I could get my money back if I closed the account. Apparently, that is also not possible due to the restriction.

To summarize my situation:
* I have been a premium customer for over five years.
* I never had issues before, was very satisfied, and even convinced others to use Revolut.
* Suddenly, my account was restricted for an ""audit"" without any apparent reason.
* No transactions of any kind are possible.
* I have received no information about the reason, the duration, or anything I can do to resolve it.
*The ""premium"" support has been completely useless.

If I had made Revolut my main bank account, I would be completely screwed right now. As it stands, I'm only half-screwed. I understand the advantages and appeal of Revolut, but I urge you:
limit your funds on the platform to an absolute minimum and use it only for necessities. As you can see from my experience, **you cannot trust Revolut with your money.**",AlphaMaster1337,328,0.85,300,2025-11-07 07:35:08,https://reddit.com/r/Revolut/comments/1oqo6lz/do_not_trust_revolut_with_your_money/,Revolut,Reddit
1ots2dq,My honest take after 2 years using Revolut as my main bank,"Hey everyone,

I don’t post often here and I don’t work for Revolut — but I keep seeing people asking “Can you really use Revolut as your main bank?” so I thought I’d share my personal experience.

It’s been about two years now since I switched to Revolut Ultra. I travel a lot for work, so the lounge access and zero-fee international card were big reasons for the upgrade. Honestly, I’ve been super happy with the service.

Right now I keep over €300k in interest-earning vaults, plus some stocks and my current account — and yes, I use Revolut as my main bank. I’m French, so I still have another traditional bank for my Livret A, LDD, and PEA, but my day-to-day banking is fully on Revolut.

One thing I also want to highlight is the insurance — it’s genuinely impressive. Three weeks ago I rented a car, hit the door right after leaving the parking lot 😬, and got charged €1,900 in damages. I opened a claim through Xcover (Revolut’s insurance partner), which covers up to €2,000 for car rental excess. The process was super easy, and within 48 hours I got reimbursed the full €1,900+.

Of course, there have been a few KYC checks — like when I received a large transfer (around €100k) after a relative passed away — but I find that completely normal. I sent the documents, and Revolut got back to me quickly.

So yeah — just wanted to share that things can go really well for some of us too.

",Alternative_Kale_295,291,0.9,136,2025-11-10 22:26:15,https://reddit.com/r/Revolut/comments/1ots2dq/my_honest_take_after_2_years_using_revolut_as_my/,Revolut,Reddit
1nmx9jx,Revolut became a total disgrace!,"I made an emergency transfer of £2400 to my friend that is currently in the UK. My friend, his wife and 2 small kids got robbed and had only a Wise account card on them left. They are stranded outside without place to stay because they checked out and were about to catch their flight back to Gemany. The money what i sent on 19th of september is  still on hold by Revolut’s payment processor and they cant either Cancel the transaction and return me the money or contact the processor. I can’t cancel it either. My money is with 3rd party company that is their proceesor (they dont want to disclose which company is it) and that company keeps my money for some reason,trasnaction isnt flagged btw, and no one can do anything regarding that. I was lied by some agents that money has gone  and  processed by their side and Wise is one to blame. My friend managed to contact the Wise and i provided him transaction ID but they could not find it in their incoming payments that are on hold. Meanwhile I wanted to test the payment and i sent to my wise account some money, and the transfer gone within the seconds! Then i tried to send again to my friend £1 and that amount is also still pending. Customer service is useless!

As someone who pays €50 for Ultra subscription,i expect that customer service is able to do some things to help me if there is a problem. I couldnt even imagine that i would have this kind of experience! I think i will be closing my account after this is resolved because having revolut account what i am paying for similar price as i pay for my Amex Platinum and to have “service” like this provided is total ridiculous!

This is not how they should treat customers and their assets!! ",Loshmie,0,0.43,42,2025-09-21 17:59:31,https://reddit.com/r/Revolut/comments/1nmx9jx/revolut_became_a_total_disgrace/,Revolut,Reddit
1md7xg4,WARNING ABOUT REVOLUT,"Im going to be brief. Revolut restricted my account for an ongoing total of 90 days, my first i initial contact with support they claimed that restrictions would be lifted within 10 business days. That never happened. I've contacted support almost every other day after that as im in desperate need of my money. Ive asked them to let me know what documents i need to submit so i can do that ASAP. They just gave me dry vague responses as no documents is needed from me at the moment and that i just need to exercise patience month over month. Recently i filed a CFPB complaint about revolut but that rendered useless as revolut fraudulently closed my complaint stating that they are waiting on me to submit documents and that no further action is required of them. When for months and even to this present day they've told me i dont need to submit anything... so im afraid my account is just stuck in limbo and all my money can be considered lost. 


This has caused significant financial stress to me and my family as i lost my job from needing the money in my revolut account to get back to my country. And i am seriously considering getting someone to file a lawsuit against this company, not only for my money but for the ongoing financial distress im being put through to make ends meet in a foreign country because of this companys miscommunication 


They've totally lied about the matter and claimed that they're not liable because their inchat support notified me that documents need to be submitted which is a complete lie... all these AIs ever said to me was to wait no matter what i said to them. 

Who do i reach out to to file a suit?",Dull_Examination_132,218,0.85,161,2025-07-30 15:22:48,https://reddit.com/r/Revolut/comments/1md7xg4/warning_about_revolut/,Revolut,Reddit
1qpqqud,Irish minister grilling Revolut executive over locked out accounts,Irish minister grilling Revolut executive over locked out accounts,DonkeyOfWallStreet,1269,0.99,191,2026-01-28 22:49:52,https://reddit.com/r/Revolut/comments/1qpqqud/irish_minister_grilling_revolut_executive_over/,Revolut,Reddit
1qodzs2,Breaking news: Revolut is actually superb if you’re not shady or do shady stuff (my review as a normal user),"I wanted to share my experience with Revolut because so many people complain here, and you rarely see reviews from those who have zero issues. I was actually one of those people who was very hesitant to sign up after reading the horror stories on this sub.

That being said, I’ve had no issues at all. I transfer in hundreds sometimes thousands of euros per month and split bills with friends outside of Revolut(they just send payments directly to my account via bank transfer). I’ve never had to explain a transfer or provide proof of where the money came from. I use my card for almost everything such as groceries, gas, bills, coffee, and shopping, in other words NORMAL HUMAN behavior.

Revolut is a bank; it’s not some lawless Wild West just because it lacks physical branches. I think many people forget that. You have these dodgy people signing up thinking it’s some deep-web, anonymous platform where they can do whatever they want with privacy, but it’s no different from any other bank. If you do shady shit like suspicious transfers, receiving ridiculously large sums of money that you in turn transfer onwards or spend in matter of days or trying to circumvent sanctions, you absolutely most definitely will get your account locked and funds frozen. I’m almost certain 9/10 posts here complaining about frozen funds fall into one of those buckets.

All in all, Revolut has been great. As for the people saying they don't know why their account was locked, yes they do. They know damn well why it happened, and they’re just playing dumb and throwing a tantrum because they can’t get their sketchy money out anymore that they feel like they are entitled to.",SnowMacaronss,397,0.85,148,2026-01-27 13:35:00,https://reddit.com/r/Revolut/comments/1qodzs2/breaking_news_revolut_is_actually_superb_if_youre/,Revolut,Reddit
1kqjrd7,Be careful with Revolut’s “spare change” feature – I lost over €527 without realizing it,"Hi everyone, I just wanted to share something that happened to me recently in case it helps others avoid the same mistake.

I’ve been using Revolut for years and have always liked it. A few weeks ago (in April), I noticed I had accumulated a lot of Revolut Points. I ended up using 26,000 points to get a discount of around €260 on Iberia flights. I was super happy, thinking I had earned those points through my regular spending with the card.

But today I found out that these points weren’t earned through spending – they were actually purchased without me realizing it. Since September, Revolut had been rounding up my purchases with the spare change feature and using that money to buy points.

After going through my statements, I realized that more than €527, plus some British pounds, had been taken from my account and converted into points over time. I had no idea this was happening. These were very small amounts taken regularly, so they were easy to miss.

Yes, I know it’s my fault for not noticing sooner. But I still feel scammed. In total, I paid over €527 for points and only got about €260 worth of value out of them.

I’ve always recommended Revolut to others, but this experience has really disappointed me. Please check your settings and see if the spare change/round-up feature is enabled – and how it’s being used. You might be losing money without realizing it.
",Calisto-clay,748,0.95,166,2025-05-19 19:50:45,https://reddit.com/r/Revolut/comments/1kqjrd7/be_careful_with_revoluts_spare_change_feature_i/,Revolut,Reddit
1qgop36,Revolut Blocked 30.000€,"First time this happened. I've been a long time user of Revolut, and always try to convince everyone to use it. I convinced my father and he started using the Flexible Cash Funds and so on and liked it. Today he tried to make a 30k€ transaction and Revolut stopped it for ""security reasons"" that should take 3hours to solve. Selfie uploaded and questions answered, all good. Then suddenly the timeframe for review completion jumps to 7 days... Customer care agents can't help at all, Revolut just doesn't care that 30k€ are cative (yes, Revolut didn't even refunded the money to the account!)... Now my father is mad, and should be just not at me xD   
Anyone had a similar experience? Was it solved? How long it took?  
",PS_im_a_wizard,123,0.86,216,2026-01-19 00:07:22,https://reddit.com/r/Revolut/comments/1qgop36/revolut_blocked_30000/,Revolut,Reddit
1qnv75a,Revolut are threatening to block my account over €75 I received.,"Revolut are threatening to freeze my account because I received €75 from a friend for splitting a restaurant bill almost six months ago.

In August, a friend of mine from outside the EU visited me. We went out to eat a couple of times. I paid for the meals, and later he sent me his share back. €75.

Now, almost half a year later, Revolut say they will block my accounts unless I provide ""proof"" for that transfer.

First, I tried to fill out their in-app ""explain this transaction"" form, but there was no option like ""split a bill"" or ""reimbursement."" Then their AI support bot suggested I choose ""gift"". Seriously? It wasn't a gift. It was my friend paying me back.

They also asked how I know my friend and the ""rationale for our relationship."" Honestly, I didn't even remember his last name at the time. I've always just called him by his first name.

They keep requesting documents and information that they should already have. You're my bank. You have more data than I do. I have no idea where I'm supposed to get these PDFs.

They asked me to upload my payslips. I did. It didn't help. So what was the point?

Now they want documents from my friend's bank. But my friend's banking app no longer shows those transactions in history, so he can't generate a PDF for them.

And just to make it worse, I've been dealing with support for about a week now, and I've spoken to around 20 different agents. Absolutely awful experience.

Is this normal, or is Revolut just like this?",Anar1on,86,0.76,200,2026-01-26 22:26:59,https://reddit.com/r/Revolut/comments/1qnv75a/revolut_are_threatening_to_block_my_account_over/,Revolut,Reddit
1m8arr3,"Revolut Randomly locked my account and stole £11,500","Hi everyone, I'm looking for some advice. Revolut randomly decided to lock my account, which contains £11,500 (which I need to pay my employees). Turns out their customer support is literally nothing but brain dead bots that were dropped on their heads as algorithms, which cannot comprehend basic questions and pretend to just transfer customers from department to department. My accountant is preparing an official complaint, and my solicitor had advised me to get in contact with as many people as possible who have had this happen to them. I will be forced to let employees go next month if this money is not released, so any advice would be greatly appreciated.

UPDATE: After 90 days and threats of legal action with the financial ombudsman, the money was finally release. This nearly destroyed my business, and is by far the worst experience I have ever had with a bank. Absolutely disgusting behaviour. **I cannot express how much you need to not use this banking app!**",Sensitive_Leopard418,235,0.85,286,2025-07-24 18:32:29,https://reddit.com/r/Revolut/comments/1m8arr3/revolut_randomly_locked_my_account_and_stole_11500/,Revolut,Reddit
1nvxczq,Revolut blocked my salary and now I can not pay my rent,"I am beyond furious right now.

I’m a Revolut Metal user in the UK. Yesterday I got my salary paid into Revolut. 20 minutes later I transferred £500 to Kazakhstan to pay back a debt. Suddenly I get a message that my account is restricted/blocked. No reason given. Just “we can’t tell you why.”

Now all my money is locked. I can’t pay rent, I can’t even buy food. Support is useless – I keep getting copy-paste “our compliance team is reviewing your account” with ZERO timeframe. I’ve paid for Metal “priority support” and guess what? It’s the same nonsense. They’re basically holding my salary hostage and I can’t do a damn thing about it.

It’s my salary, not drug money. I did not gamble or work with crypto. How is this even legal? How can a bank/fintech just freeze someone’s money without explanation, without notice, and leave you stranded? I literally have nothing right now because of them. Has anyone else been through this? How long did it take to get your account back? Did you ever actually get your money? Is there ANY way to force these clowns to move faster? Revolut support is a black hole and I’m starting to think I’ll never see my money again. Absolutely disgusting.",useless_junior,281,0.88,176,2025-10-02 08:35:38,https://reddit.com/r/Revolut/comments/1nvxczq/revolut_blocked_my_salary_and_now_i_can_not_pay/,Revolut,Reddit
1jxmxne,Revolut froze my account right before my trip — now I’m stranded with no money,"Yesterday I was flying to another city for a short holiday. At the airport, I realized my luggage was a few kilos over, so I went to pay the extra fee. My Revolut card got declined. Again and again.
I opened the app and saw:
“Your account is under review. Temporarily blocked. May take up to 9 days.”
No warning. No explanation. And now, I’m in a different city with zero access to my money.
I don’t carry cash. I rely on Revolut — and they just left me stranded.
No way to pay for food, transport, anything. Support is useless. No timeline, no help.
This isn’t just an inconvenience. It’s humiliating and terrifying.
If you use Revolut, please have a backup plan. You do NOT want to end up like this.
Revolut, you completely ruined my trip.
",mo_coder_,329,0.92,251,2025-04-12 18:44:09,https://reddit.com/r/Revolut/comments/1jxmxne/revolut_froze_my_account_right_before_my_trip_now/,Revolut,Reddit
1l44wil,Never rely on Revolut: how I fell for their modern interface and convenience – and ended up locked out of all my money,"**UPDATE 10/06/2025: Access restored after 18 days, Revolut didn’t take any money back, refunded me with 50€ for delay of using Ultra plan and apologized**


**1. It started so well**  
I’m a student living in the EU. I’ve been using Revolut for nearly 2 years. Fast app, stylish UI, modern vibe – I even upgraded to an **Ultra subscription** and moved all my money there, leaving behind my outdated local banks.

Spoiler: **never do that.**

**2. What happened**  
On **May 16**, I received a \~€278 transfer via Revtag. It looked like a totally normal reimbursement after sharing expenses with a group of people I met **in real life** (food, event tickets, that kind of thing).

On **May 23**, my **entire account was frozen**. No warning. No message. No explanation.

**3. I figured it out myself**  
Revolut support didn’t tell me much, only asked about my “relationship” with the sender.  
So I used Revolut’s internal chat to reach out to the person who sent me the money. She told me she’d been **scammed online** and believed she was buying an item from me — but I wasn't selling anything, still her money went to my account.

That’s when I realized: **my account had been unknowingly used as a middleman by fraudsters**.

**4. I told Revolut everything**  
I immediately explained the whole situation, in detail. I even offered to **return the money** multiple times to solve the issue and keep a loss on me. I made it very clear I had **no connection to the scam**, and that I acted in **good faith**.

I thought that would be enough. It wasn’t.

**5. Revolut’s response:**

* “We’ll update you in 10 days.” They didn’t.
* Then: “2 more days.” Still nothing.
* I asked again. All I got was **generic, robotic replies**: *“We understand your frustration. Your case is under review.”*
* **No one asked me for documents. No instructions. No next steps.**
* And eventually... they just **closed the support chats** altogether — so I couldn’t even follow up anymore.

Meanwhile, my **entire account remained frozen** — not just the €278 in question, but **100% of my funds**, including my **interest account (which I fell for too)**.  
As a student, I now have **no access to most of money that I use for rent, tuition, or basic living expenses.** All of it is locked, indefinitely, with no explanation and no help.

**6. Ultra? Doesn’t matter**  
Yes, I pay for **Ultra**. Yes, they promise ""priority support"" and ""exclusive service"".  
Turns out that means **absolutely nothing** when their algorithm flags your account. You get the **same bot replies** as everyone else.

**7. ""Final Response""**  
I submitted a formal complaint to their official email.  
A week later, I got their so-called **“Final Response”** — full of vague legal phrases like *“we did nothing wrong”* and *“hope you understand.”*

They didn’t explain the freeze.  
They didn’t say how to fix it.  
They didn’t give a timeline.  
They basically said: *“we did everything right.”*

**8. I filed a complaint with the Bank of Lithuania**  
Because Revolut Bank UAB is registered and regulated in Lithuania. I had no choice. They gave me **no answers**, **no way forward**, and **no access to my money**.

**9. Why I’m posting this**  
Because I trusted Revolut. I thought it was the future of banking.

But here’s the reality:

At the **first sign of an unusual transaction**, Revolut will **freeze your entire account**, hold **all your funds**, provide **zero transparency**, and treat you like a threat — even if you **cooperate fully**, act in good faith, and try to solve the issue.

And **even if you pay for their top-tier subscription**.

**10. Advice for anyone using Revolut as their main account:**

* Don’t store more than **€50** there.
* Always have a backup account.
* Better yet — use a real bank, higher fees, worse interface but still more reliable. Because when Revolut decides to freeze your account, **you’re completely helpless** — no human help, no appeals, no deadlines.

**TL;DR**  
Trusted Revolut. Used it as my main account. Fully verified. Ultra subscriber. Got flagged due to a scam I wasn’t involved in. Offered to return the money.

Still locked out of all my funds with no timeline.  
No explanation. No resolution. No respect.

UPD1:

**The €278 came from a group of people I had just met at an event — I paid the bill for everyone, and one girl sent me her group’s share. It seemed totally normal: the transfer arrived instantly, and the sender’s name matched how she introduced herself.**

**I had no reason to suspect I was receiving money from a compromised account that would later be flagged as fraud — and that Revolut would freeze my entire account because of it.**

**Shortly after the freeze, I offered to return the money at least 10 times, but Revolut never let me do it. My account is fully locked, so I physically can’t send the funds back — even though I’m actively trying to.**",Longjumping-Put-1522,237,0.8,247,2025-06-05 18:18:52,https://reddit.com/r/Revolut/comments/1l44wil/never_rely_on_revolut_how_i_fell_for_their_modern/,Revolut,Reddit
1mo6473,Getting 500k Euros to my Revolut,"Hey guys I wanted to ask if it is safe to have 500k transferred to my Revolut Bank from my Father. He’s leaving us nearly 2,5 million euros to me and my 14 years old sister and I wanted to put 500k into my Revolut. Is it safe? Can I trust Revolut with that much money? I have German bank account but I love Revolut because of free instant money transfers SEPA and I wanted to book hotels flights and online shopping with that money. Thank you for your help and sorry for my bad Englisch 😁",Denovancarbelo,83,0.71,321,2025-08-12 12:28:27,https://reddit.com/r/Revolut/comments/1mo6473/getting_500k_euros_to_my_revolut/,Revolut,Reddit
1puopfh,"Account restriction with Revolut (Spain) – full timeline, legal context, and warning before using Revolut as your main bank","I am sharing my story to warn the community about the risks of relying on Revolut for your primary personal or business finances in the EU. While Revolut is convenient for travel, their compliance processes can leave you financially stranded for months without any legal recourse.

The Timeline:

• The Lock: 51 days ago, my personal account was restricted for a ""standard review."" I have been a loyal user in Spain, using both Personal and Business accounts.

• The Silence: For over 7 weeks, I was met with automated bot responses and broken promises. I was told multiple times that a resolution would come in ""1-4 days,"" only for the deadline to pass with zero updates.

• The Impact: My funds were frozen, including my Savings (Instant Access). My business operations were paralyzed because Revolut’s internal ""silos"" don't communicate—closing one account often triggers a ""death loop"" for the others.

• The Resolution: I only received a final decision (account closure and fund release) after I filed a formal complaint with the Banco de España (BdE).

Key Warnings for EU Users:

1. Algorithms over Humans: Revolut's AML (Anti-Money Laundering) AI is hyper-sensitive. Simple transfers (like moving funds from your own Business account to Personal) can trigger an indefinite freeze.
2. Support Limitations: Their ""Customer Support"" is largely outsourced and has no power to influence the Compliance department. You will be stuck in a loop of ""scripted empathy.""
3. Regulatory Gaps: While they hold a European Banking License (via Revolut Bank UAB), the distance between the user and the regulator makes it difficult to get fast results unless you know how to escalate to local authorities (like the Bank of Spain).
4. The ""Savings"" Trap: Even ""Instant Access"" savings are not instant when your main account is under review. You lose access to all your liquidity.

My Advice:

• Never keep more than ""walking around money"" in Revolut.

• Always maintain a primary account with a traditional local bank (e.g., BBVA, Santander, CaixaBank). They have physical branches where you can speak to a human.

• If you are locked, don't just wait. File a formal complaint (Hoja de Reclamación) and escalate to your national central bank immediately.

Status: After 51 days of stress, they finally decided to off-board me. I’ve successfully moved my funds to a traditional bank, but the damage to my business and mental health was significant.

Conclusion: Revolut is a great feature, but it is a dangerous bank. Don't let your main livelihood depend on an algorithm that can ghost you for two months.",StopInternational616,116,0.8,148,2025-12-24 14:32:56,https://reddit.com/r/Revolut/comments/1puopfh/account_restriction_with_revolut_spain_full/,Revolut,Reddit
1pt9aep,Received $$ from random account. Now Revolut asks for sending it back,"I recently received a substantial amount of cash from an unknown account with a trading name. I was wondering about this cash and how it reached me.

Now two days later revolut chat send me a message to send it back to the sender or they will forward my details to them to handle it legally.

Is this a known scam or anything I should worry about? Why dont they revert the transaction if I was not the correct receiver?

I have received the messages in app. Anyone experienced this before, that someone send you money accidentally??",raznoah,79,0.84,158,2025-12-22 19:58:10,https://reddit.com/r/Revolut/comments/1pt9aep/received_from_random_account_now_revolut_asks_for/,Revolut,Reddit
1lw80xp,Revolut under investigation by Italian authorities,"Revolut is under investigation by Italian authorities for several reason, one of those is because they block account for several days and weeks without giving enough explanations to customers.

I think that's great because it will finally push revolut to handle better this problem.",Klutzy_Audience_8194,606,0.97,90,2025-07-10 10:06:42,https://reddit.com/r/Revolut/comments/1lw80xp/revolut_under_investigation_by_italian_authorities/,Revolut,Reddit
1qiymgo,Never use Revolut for crypto,I tried to withdraw my bitcoin from my wallet over a month ago now and support just gave me a whole lot off different answers but no solutions it’s been over a month and no solution in sight never Imean never risk doing over 200€ worth of bitcoin on Revolut worst service ever ,Fliptemprr,135,0.78,112,2026-01-21 14:00:16,https://reddit.com/r/Revolut/comments/1qiymgo/never_use_revolut_for_crypto/,Revolut,Reddit
1jxbpja,Revolut holds my €13k - Guide how to get your money back,"Restricted account? Vague auto-replies from customer support? No clear date on when your money will be released?

My Revolut account was recently restricted with €13k stuck inside. It’s been over 7 days, and all I’ve gotten from support is: “We’re reviewing it, please wait.” No explanations. No timeline.

After dealing with this kind of thing many times across banks and payment processors, I’ve learned a few steps you can take to legally and efficiently get your money back.


Here’s what you need to do:


1. Immediately contact support

As soon as your funds are frozen, reach out to support. Ask:
	•	Why your account was restricted
	•	What documents they need
	•	When the review will be completed

If they request documents or explanations, submit them ASAP.


2. If they tell you to wait…

This is where most people get stuck. Here’s how to handle it:
	• Wait a couple of days, then follow up.
	• If they say they’re “still reviewing,” ask for a specific date when the review will be complete.
	• If they refuse or don’t provide one, continue following up every few days.
	• If no progress is made, ask for an official complaint or claim form. Fill it out with as much detail as possible and include all relevant documents.


3. Wait for an official reply

Once you’ve submitted the claim:
	• Revolut typically replies within 15 business days
	• The maximum legal timeframe is 20 business days

If they don’t respond within 20 business days, or they reply without resolving the issue, move to the next step.


4. Escalate your case

At this stage, you have two main options depending on the amount:

a) If the amount is €5,000 or less:

File a case via the European Small Claims Procedure:
https://europa.eu/youreurope/business/dealing-with-customers/solving-disputes/european-small-claims-procedure/index_en.htm

b) If the amount is over €5,000, or you want to avoid court:

Escalate to a regulator:
	• If you’re under UK jurisdiction: Financial Ombudsman (UK)
	• If you’re in the EU: CSSF (Luxembourg)

When filing a complaint, include everything—dates, screenshots, emails, chat logs, documents. The more proof you give, the stronger your case.


5. Public pressure

While you’re waiting on a resolution, spread your case:
	• Share it here on Reddit
	• Post on Revolut’s official Facebook, Twitter/X, Instagram, etc.
	• Comment on their ads or support posts—be visible

Public attention can push things forward faster than private complaints.


6. Final step: consult a lawyer (if nothing works)

If they still won’t return your funds, and none of the above worked, your last resort is legal action with a professional. Each case is unique, and a lawyer can guide you based on your country, amount involved, and specific situation.


I hope this quick guide helps you all get your hard earned money back. This is stressful and it doesn’t matter if it’s a “traveling bank” bank or not. You are the owner of your money and you should have access to it.


P.S. This guide also works for other banks and payment institutions in EU. Feel free to copy most of the steps here.",TomBetter,467,0.94,131,2025-04-12 08:18:51,https://reddit.com/r/Revolut/comments/1jxbpja/revolut_holds_my_13k_guide_how_to_get_your_money/,Revolut,Reddit
1qejgby,My long-term experience with Revolut (since 2016/2017),"I see a lot of negative reviews about Revolut here, especially people saying their accounts get randomly blocked. I wanted to share my own real experience for balance.

I’ve been a Revolut client since 2016 or 2017, and it has been my main bank account for the last 4 years.

The only exception is that my salary goes to another bank account first, but I usually transfer most of it to Revolut right after.

I don’t just use Revolut for small payments. I use:

\- the payment card daily

\- bank transfers (to my own accounts and family members)

\- crypto (buy, sell, send, receive)

\- investments and savings

\- cash deposits and withdrawals

\- pockets (including shared ones with my spouse)

\- a joint account (used for years)

\- a professional account for my freelance activity

\- RevPoints, gift cards, etc.

I also keep most of my money on Revolut. I’m currently a Metal customer, and in the past I’ve been on Plus and Premium as well. As far as I can tell, I’ve always had some kind of paid plan, even if not always the highest one.

I’ve received larger exceptional incoming transfers too (for example \~15k EUR from a company I provided services to), directly on my Revolut account.

Whenever Revolut asked for additional information (tax residency, source of funds, income, etc.), I responded promptly. My tax situation is clean and compliant with local laws.

Over all these years:

\- my account has never been blocked

\- I’ve never had features restricted

\- I was always able to move money freely, including crypto

\- support has been helpful when needed (merchant disputes, administrative documents, general questions, even annoying ones)

Of course, I can’t speak for everyone’s situation. But in my case, Revolut behaves like a normal bank, and I’ve never experienced any “random” blocking without reason.

I’ve recommended Revolut to several family members as well. Most of them now use it as their main or secondary bank account, and none of them have had issues either.

5/5 from my side.",No-Doctor3790,266,0.96,68,2026-01-16 15:46:14,https://reddit.com/r/Revolut/comments/1qejgby/my_longterm_experience_with_revolut_since_20162017/,Revolut,Reddit
1n0oo60,My Revolut account was restricted,My Revolut account has been restricted for 3 weeks now . I’ve done everything I could. I don’t know why they restricted my account. I’ve been chased out of my home and now I live with a friend. I was meant to pay my rent the week they blocked my account: I struggle to eat now and I couldn’t even travel to my work place. I’m really frustrated with this . Please does anyone know what I could do to make them unfreeze my account,No-Car-7903,183,0.88,155,2025-08-26 16:18:00,https://reddit.com/r/Revolut/comments/1n0oo60/my_revolut_account_was_restricted/,Revolut,Reddit
1jw68cr,Revolut Is Withholding $500k—Should I Sue?,"Hi, I’m extremely frustrated with Revolut. Yesterday, I explicitly confirmed with customer service that I could transfer $500k via Fedwire without any transaction limits. The purpose was to temporarily park funds after moving to the U.S., before transferring them to Robinhood.

Today, when I initiated the transfer out, I was suddenly told that Fedwire limits **do** apply. This directly contradicts what I was told. Support responses like “I understand how frustrating this must be” completely miss the point—this isn’t about feelings; it’s about real financial impact. At 4.5% interest, every day of delay costs me $60.

I’m seriously considering legal action for damages based on the misinformation I received ($60 per day of delay). Would appreciate your input—especially if you’ve experienced something similar or know what legal options exist here.

P.S. This is just yet another case that shows that Revolut is really not ready to be anything else than a free payment infrastructure",market_monkey,263,0.91,196,2025-04-10 20:19:00,https://reddit.com/r/Revolut/comments/1jw68cr/revolut_is_withholding_500kshould_i_sue/,Revolut,Reddit
1qh7inn,Revolut referral promotion - Referral link thread,"This is the only thread where it is permitted to post Revolut referral links.

If you are an existing Revolut user and wish to share your referral link, please leave a single comment containing only your referral link below.

Comments are sorted in **contest mode**, meaning they are displayed in a random order to ensure everyone has a fair chance of having their link used.

**Important notes**

- Do not post referral links outside this thread

- Do not spam or post multiple comments

- Any referral links posted elsewhere will be removed

- Referral links are shared at your own discretion and responsibility

- Please note that **your name may be visible to others** as the promoter when your referral link is used

For full details about the Revolut referral program, please review the official terms and conditions [here](https://www.revolut.com/legal/referrals-terms/).

When opening the page, make sure to select your country, as referral terms and rewards may vary depending on your location.",press-app,5,0.73,140,2026-01-19 15:40:50,https://reddit.com/r/Revolut/comments/1qh7inn/revolut_referral_promotion_referral_link_thread/,Revolut,Reddit
1polskq,Revolut Mobile plans available now in Poland and UK,Revolut Mobile plans available now in Poland and UK,meshoo12,106,0.95,114,2025-12-17 03:08:34,https://reddit.com/r/Revolut/comments/1polskq/revolut_mobile_plans_available_now_in_poland_and/,Revolut,Reddit
1mxv5vc,"New rule: if you’re here just to shit on Revolut, you’ll be banned!","Over the past few weeks this subreddit has grown past 100,000 members. That’s a huge milestone - but with growth comes more noise: dramatic low-effort posts, trolling and new/throwaway accounts posting wild claims with zero detail.

This drowns out the real discussions and genuine issues that actually help people. To keep the subreddit useful and constructive, we’re introducing a new rule: if you’re here just to shit on Revolut, you’ll be banned!

This subreddit exists for sharing experiences with Revolut (good and bad), comparing Revolut with other fintechs/banks (Wise, N26, Monzo, bunq, etc.), troubleshooting issues and exchanging advice, discussing Revolut news and feature updates. It is not a place for empty rants, trolling, or trying to stir up flamewars.

## Examples of what we don’t want
	•	“REVOLUT IS A SCAM, THEY’LL STEAL ALL YOUR MONEY!!!”
	•	“Don’t use this garbage, enough said.”
	•	“Only idiots still use Revolut, just go to [competitor].”
	•	“This app is trash, never worked for me, RIP Revolut lol.”

These kinds of posts are dramatic, add no value, and often come from new or throwaway accounts that appear just to stir up drama. That’s an even bigger red flag and will be treated more strictly.

## Examples of what is fine
	•	“My account was frozen due to compliance checks, and I’ve been waiting 2 weeks for funds to be released (ticket #XXXX). For comparison, N26 resolved a similar issue much faster.”
	•	“Having trouble topping up with a debit card (UK resident, Premium plan, iOS 18.2, app v10.1). Support hasn’t replied in 5 days. Anyone else?”
	•	“I switched from Revolut to Wise because the FX rates were better for me. Here’s a quick comparison…”
	•	“I like Feature X in Revolut, but N26 works better for me because of Y. Anyone tried bunq?”

## Why this new rule is here?

As we said, this subreddit recently passed 100,000 members. With that growth comes more empty dramatic posts and spammy low-effort content.

This buries real issues and useful discussions. **The goal of this rule is to maintain quality so genuine users get the help and information they’re looking for.**

## This is not censorship

We are not silencing criticism. Negative experiences and critical discussions are still important here. But posts need to be meaningful and have context. Empty rants and over-the-top titles with zero detail will no longer fly.

## Stricter enforcement

A few weeks ago we introduced a [system where users must acknowledge the rules before posting](https://www.reddit.com/r/Revolut/comments/1mfzode/introducing_a_rule_acknowledgement_system_on/). Since you’ve already confirmed you’ve read them, we’ll now enforce this more strictly: posts breaking this rule will be removed with little discussion, repeat offenders will receive temporary or permanent bans and mods won’t waste time cleaning up pointless drama.

In short:

	•	Criticism - yes. Drama - no.

	•	Competitor comparisons - yes.

	•	Empty, dramatic posts - no.

That’s it.

Keep sharing your experiences - good or bad - but do it in a way that’s useful for the community. **Thanks for helping us keep r/Revolut constructive as we grow past 100k members.**",paskatulas,315,0.75,101,2025-08-23 08:36:45,https://reddit.com/r/Revolut/comments/1mxv5vc/new_rule_if_youre_here_just_to_shit_on_revolut/,Revolut,Reddit
1otc1yn,Revolut Stays is indeed a scam,"It’s now been over a week since I booked my stay through **Revolut Stays**, and the situation has only gotten worse.

After several days of waiting, Revolut finally told me that my original hotel (Oakwood Premier Tokyo) was “overbooked.” They then offered me **alternative options**, but all of them were **completely non-comparable** 3-star business hotels with small rooms, while my original booking was for a **5-star luxury suite**.

I paid for a premium experience, not a downgrade. Revolut and their booking partner have taken no real responsibility, and I still have **no confirmed reservation** just days before my trip.

At this point, this feels like a **scam** Revolut took my money for a hotel that never existed in their system, made me wait endlessly, and now tries to pass off much cheaper hotels as “alternatives.”

I’ve filed a **formal complaint** and will escalate the case to the **Financial Ombudsman Service** if it’s not resolved immediately.

Be extremely cautious before booking any hotel through **Revolut Stays**.

**edit** : It seems I’m getting downvoted, maybe by people who are very loyal to Revolut, but I just want to clarify that my post is about a **real and serious issue** that could happen to anyone using Revolut Stays.  
I’m not trying to hate on the company I’m simply sharing my experience so others are aware and can avoid the same problem.

**UPDATE**  : picked one of the alternative options they offered, and now they’re saying they’re “working with the provider to confirm the hotel.”  
Honestly, it feels **exactly like my first booking all over again** endless “we’ll update you when we hear back” messages.

But this time, I **don’t have a week to wait**, my flight is **tomorrow**.  
I really hope the people saying “it’s not a scam” are right, because right now it seriously **looks like one** and it’ll just **prove my point** if I don’t even get the confirmation for their own replacement option.",leragan,279,0.89,77,2025-11-10 12:08:02,https://reddit.com/r/Revolut/comments/1otc1yn/revolut_stays_is_indeed_a_scam/,Revolut,Reddit
1lbzqgx,How Revolut repeatedly restricted access to my salary and deposit for no reason and how their employers humiliated me with endless AI generated answers!,"I will try to keep it simple:

1. On April 2, 2025, I submitted all the documents requested by Revolut to verify the source of my funds: employment contract, payslip, and proof of address.
2. For an entire month, the app displayed the status “under review”, while I continued to receive dozens of notifications and messages asking for the same documents I had already submitted. When accessing the provided links, I would either get a confirmation message like “you are all set”, or encounter errors. There was no clear or coherent request, nor any realistic deadline.
3. On May 7, 2025, my account was fully restricted without any prior notice. During this time, I had no access to my salary, and I was unable to make payments or transfers. I want to underline that this account is my only access to funds, including rent, food, and transportation.
4. About a week later, access was restored, and on May 9, 2025, Revolut sent an official reply to the complaint I had filed (Support case: 83033-91190-53928), in which:
• They acknowledged that all required documents had been received;
• They provided no specific reason for blocking the account;
• They stated that their internal procedure had been “correct”;
• They offered a symbolic compensation of 250 RON for the inconvenience.
5. On June 13, 2025, my account was once again restricted, this time indefinitely, without any notice, without a reason, and without the option to withdraw funds or close the account. Revolut agents confirmed in writing that no further documents were needed and that all necessary information was already in their system.
6. As of now, my account remains restricted, and I am currently abroad (in Denmark), with no access to my salary or my only savings. I cannot pay my rent or buy food, and Revolut consistently refuses to provide any explanation.




Important note: I do not own any cryptocurrency or conduct any transactions other than receiving my salary.








Serious and documented contradictions in communication with Revolut support agents:
• On May 7, 2025,",TheTriPolarBear,115,0.88,215,2025-06-15 13:59:10,https://reddit.com/r/Revolut/comments/1lbzqgx/how_revolut_repeatedly_restricted_access_to_my/,Revolut,Reddit
1kca322,"Revolut closed my account 16 days before deadline — after 3 years and €50/month ULTRA, while I was recovering from a car accident. No warning. No appeal.","I can’t believe I’m writing this.

I’ve been using Revolut for over 3 years, paying €50/month for their premium service. Never had issues, always followed the rules. Recently, they asked me to submit proof of income/funds — fair enough. But I had a serious car accident shortly after, and was literally in recovery during the time they gave me to upload everything.

Here’s the worst part:
They gave me until 15 May to submit documents — and they closed my account 16 days early, without any final reminder or even giving me a chance to appeal. Just like that. Locked out of my own money.

No emails. No warning. No second chance.
I was ready to upload the documents today. And now… nothing. Zero support.

Is this how Revolut treats loyal customers who trusted them as their primary bank? When you’re at your most vulnerable — they shut the door on you?

Unbelievable.

Has anyone else experienced something like this? I’m genuinely shocked and don’t know what to do next. Any advice would mean a lot.



",Technical_Mood_1234,371,0.86,121,2025-05-01 15:27:48,https://reddit.com/r/Revolut/comments/1kca322/revolut_closed_my_account_16_days_before_deadline/,Revolut,Reddit
1nf8i3a,"Revolut froze €60,000 intended as a parental donation — 73 years old and feeling stuck in review","I am 73 years old and for the last 2 days my **joint Revolut account (with my wife)** has been restricted, with €60,000 frozen. I wanted to share the full story and see if anyone has gone through something similar.

The plan was to make a **formal parental donation** of €60,000 from me to my son. In Greece, parental donations are common, but they need to be sent via **SEPA transfer** so that there is an official statement for the tax authorities.

Here is what happened step by step:

1. I first sent €60,000 to my son via **internal Revolut transfer**.
   * We quickly realized this was a mistake, because internal transfers don’t create proper SEPA statements for tax purposes.
2. My son returned the €60,000 back to me via internal transfer.
3. I then tried to send the €60,000 again via **SEPA transfer**, so it could be properly documented as a parental donation.
4. At that moment, Revolut **restricted my account** and froze the funds.

Complicating this:

* €30,000 of the amount originally came from my close friend Dimitris, who sent it to me via internal Revolut transfer as **temporary support related to investments**. He is a new Revolut customer (about 15 days), but he can prove through tax records and capital analysis that he has over €230,000 in available capital.
* The other €30,000 were my own funds which had been temporarily given to my son about two years ago. He returned them so that the donation could be made correctly.

Since then:

* Revolut asked for **proof of communication**, which I provided (showing that the purpose was indeed a parental donation requiring SEPA for Greek tax reasons).
* After that, my case was escalated to a **more in-depth review** by their compliance team.
* I received an email saying the review could take **up to 7 days**, but a live agent told me that the standard timeframe is usually **2 business days**, often faster.

The situation now:

* Only my joint account with my wife is frozen. Neither my son’s account nor Dimitris’ account is restricted.
* I am extremely anxious — it’s a large amount of money, and at my age the stress is unbearable.
* In the past, Revolut’s emails used to state clearly that if a review was not approved, the funds would be returned to the sender. This time the email only says that the funds are in a “restricted pocket” until checks are complete, which worries me.

Important background:

* My wife and I declare over €43,000 annual family income, fully documented in Greek tax returns.
* We have already made **two parental donations** to my son in the past, worth €120,000, properly recorded with the Greek tax authority.
* Both my son and Dimitris have regulated investment accounts with **DEGIRO** (with significant balances over €100,000).
* All three of us (myself, my son, and Dimitris) also hold investment accounts with **Interactive Brokers**, and we have already transferred funds there — showing the legitimate and transparent purpose of our money.

I completely understand AML rules, but this is a **clean parental donation with taxed and declared funds**. The only reason for the back-and-forth was that we realized the internal transfer was not the correct way to create a tax-valid statement in Greece.

**My questions to the community:**

* Has anyone else experienced this kind of restriction with Revolut?
* How long did it take to resolve?
* Is it normal that the email says “up to 7 days” but agents say “2 business days”?
* If they don’t approve the transfer, what will happen to the funds?

Thank you for reading. At 73 years old, this situation is causing me extreme stress, and I only want clarity and the reassurance that my money is safe.",Ok_Camera6195,149,0.85,114,2025-09-12 17:55:27,https://reddit.com/r/Revolut/comments/1nf8i3a/revolut_froze_60000_intended_as_a_parental/,Revolut,Reddit
1jl0jm5,Revolut not supported on rooted device?,"With today's update the Revolut App stopped working on my Android phone saying: Revolut not supported on rooted device.

The phone is not rooted. Revolut worked just fine till today. Other banking apps are just fine.

What is happening?
",trubicoid2,84,0.89,252,2025-03-27 10:11:40,https://reddit.com/r/Revolut/comments/1jl0jm5/revolut_not_supported_on_rooted_device/,Revolut,Reddit
1o4og6v,Revolut Pay Dispute,"Booked a hostel with booking.com. Room wasn’t good so checked out as there was a disruptive person in the room. 

Contacted booking.com who did nothing. Contacted Revolut and explained the situation. 

Won the dispute. Sure £91 isn’t a lot of money but given the subjective nature of the dispute, very pleased with the outcome. Was much easier than a dispute going via Mastercard or
Visa so would definitely use Revolut Pay again.  ",EfficientNectarine,309,0.99,65,2025-10-12 14:00:13,https://reddit.com/r/Revolut/comments/1o4og6v/revolut_pay_dispute/,Revolut,Reddit
1nejmsa,"Revolut works, until It doesnt! Lost Metal Plan.","1. I have been using Revolut for the past 6 years. Metal plans all thru these years, several investments, flexible plans, kids account, balances in multiple currencies, $, Pound Euros to meet travel requirements and needs, etc. with 0 issues.
2. I have done several large transactions &gt; $ 20,000 several times and have had no issues ever. I expenses my groceries, living expenses thru it and it all worked well.
3. I've done international remittances to US, Asia, Africa and I was surprised at how quick, cheap and convenient it is. Like I said, never had any issues with Revolut.
4. In August 2025, my wife received a message saying, ""gift a plan and save 20%"". My Metal Plan was nearing expiry, so she gifted me a plan that would begin September 9, 2025 and end on September 8, 2026 for 108 Euros.
5. I accepted the plan, no issues. Got a message saying the gifted plan will automatically start once my then current plan ended.
6. On September 4, 2025, I upgraded to Ultra to see if this would be worth the benefits. This was a monthly renewable plan. Unfortunately, for me I did not see the benefits and downgraded in 5 days on September 10, 2025.  I downgraded and received a partial refund. All good.
7. But instead of Metal, I was downgraded to Standard Plan.
8. Surely, a simple mistake and I reached out to support and so did my wife, but all of them say that there is no provision to go to a higher plan and then come back to gifted plan. So once we went to Ultra, we cannot got to Metal to use the gifted plan. That transactions is gone, vanished!
9. So in effect, we lost the 108 euros of metal plan even without using it for a week.
10. Requested the customer service to either restore the plan or refund or send the planlink again so we can use the paid for plan, but the answer was ""NO"", we cannot refund, we cannot send the giftlink again or cannot restore the metal plan.
11. In short, we lost the 108 Euros and I do not feel good about it since we did not even use the Metal plan for a week. The customer care executive was like you can gift the plan again by paying 108 euros again or that I can simply buy the plan on my own for 135 again. But what about the 108 that was already paid off until September 2026?
12. This breaks my confidence in Revolut and after 6 years, this maybe a time to look at alternatives.
13. Thank you

September 20 Update:
1. Over a week later, no updates, no responses on the complaint file
2. Sent email to formalcomplaints@revolut.com on September 15 but 0 response.
3. I now trying to move all my investments from Revolut to IBKR by paying 35/position 😭
4. As I said above, Revolut works until it doesn’t! 

September 22 Update:
1. I received an update from the complaints team and they reinforced that all that happened, the system and processes acted properly.
2. They bought the same T&amp;C as some of the commentators mentioned below. 
3. However, to settle this, they still paid me 75 pounds (86 Euros) as a compensation.

4. I will consider this matter closed now. ",_Role_007,223,0.86,91,2025-09-11 21:27:29,https://reddit.com/r/Revolut/comments/1nejmsa/revolut_works_until_it_doesnt_lost_metal_plan/,Revolut,Reddit
1kbse16,Revolut Mobile Plans,"I hope they create a physical SIM card because my cell phone doesn't support eSim, otherwise it won't work at all and will flop why not all consumer cell phones should support it  ",Due-Sort1241,191,0.9,135,2025-04-30 22:48:19,https://reddit.com/r/Revolut/comments/1kbse16/revolut_mobile_plans/,Revolut,Reddit
1nuovpc,Revolut app recording back camera unauthorized,"
I caught my Revolut app using the back camera of my phone without my consent (see screenshot attached). This is quite an invasion of my privacy and I feel I should notify this to the corresponding authorities. 

Has anytime had similar experiences?
I live in Switzerland, who are the correct authorities? Finma? Swiss federal data protection? Does anyone have experience with these processes?

Thanks a lot in advance!",Sad_Doughnut2184,320,0.87,56,2025-09-30 21:51:13,https://reddit.com/r/Revolut/comments/1nuovpc/revolut_app_recording_back_camera_unauthorized/,Revolut,Reddit
1nzdcbr,Revolut as main account - anything to worry about?,"How many of you here use Revolut as your main bank account — the one where your salary from your actual employer is paid? I’m not talking about anything shady, just a real employer.

I’ve been a Revolut customer for several years now, but during that time I mostly used it as an account to transfer money for online payments, good exchange rates, etc.

However, for family reasons, I’ve recently been “forced” to start using Revolut as my main account where my salary is deposited. But seeing all those frequent negative posts on Reddit about account freezes, I’m starting to worry that one day I might end up without access to any of my money.

Has anyone here actually had their account frozen despite never doing anything suspicious? Or is it nothing to worry about?",eternal-lover,39,0.79,129,2025-10-06 09:18:27,https://reddit.com/r/Revolut/comments/1nzdcbr/revolut_as_main_account_anything_to_worry_about/,Revolut,Reddit
1mnqndr,"Revolut Stole £2k from me, i've spent a year trying to chase it down and i feel left out of options.","Last year I sent around $2,500 USDT (\~£2,000) from Revolut to a crypto exchange. The exchange reversed the transaction (which went back to revolut's pooled wallet). I have proof in the form of: 

\-Blockchain TX hash showing the return 

\-Confirmation from the exchange 

\-Revolut support admitting the funds are in their pooled wallet

 Over the past year I’ve contacted them more than 10 times. Every reply is the same: “The crypto team is aware of the issue and working to solve it, but there’s no specific timeframe we can provide” 

They blatantly have the funds, they just aren't assigning them to me, and it definitely doesn't take a year to sort this out. 

I went through their complaints process and even the Financial Ombudsman, but neither could help me out. A year later, Revolut still has my money and hasn’t given it back. Has anyone here actually managed to get a case like this resolved? What can i even do at this point to get the money back?",OverMathematician593,209,0.92,90,2025-08-11 23:02:09,https://reddit.com/r/Revolut/comments/1mnqndr/revolut_stole_2k_from_me_ive_spent_a_year_trying/,Revolut,Reddit
1o23s48,Attempted to transfer a big amount of money (~100k€) through Revolut...,"...And it all went perfectly well.

For a few years now I have been a French living in Norway working in an international company. This means that a part of my savings are in France, I get regularly paid in US shares, and my day to day budget is in Norwegian kroner. So around a year ago I opened a Premium Revolut account.

I found the price a bit high and the currency exchange rate good but not great to be honest... But I considered it was a good way to ""centralize"" all my international transfers without overthinking too much. And so far... Everything worked great. Transfers are fast, even for large amounts of money, and when you factor all the (non-existent) fees and compare to other banks, it saved me a lot of money.

A few weeks ago I received had to transfer a large sum of money from France to Norway. After spending some time reading posts on this sub I was kinda scared. I had everything prepared though, all the justifications about where the money comes from, where it goes, tax papers etc... but I was scared nonetheless of, at least, getting a frozen accounts for a few days/weeks.

I received the transfer in a week (french banks are slow), converted it and transferred it in Norway in a single day. No questions asked, no hidden fees, no issues.

So... I write this post for people like me that often read random posts on this sub and are scared of using Revolut for big amounts of money... I guess if you don't touch to crypto or shady stuff, Revolut is great o/",Reiex,461,0.96,37,2025-10-09 12:49:09,https://reddit.com/r/Revolut/comments/1o23s48/attempted_to_transfer_a_big_amount_of_money_100k/,Revolut,Reddit
1qseo7q,Revolut has frozen my account and all my funds,"I could not recommend Revolut to anyone less. I used to vouch for them… but not after this.

I sold a friend some items in a game and he paid me for them and Revolut flagged the transaction for no apparent reason? It wasn’t even a crazy amount (less than £300), and now all my assets are frozen and they’ve refunded the person who bought off of me all the money. 

Luckily it seems like this person is willing to resend it, but Revolut has been less than helpful and now all my money is frozen like how am I supposed to buy groceries and transit?

I uploaded the conversation between myself and the buyer, proof of him receiving his items and Revolut instantly rejected it treating me like a villain saying it wasn’t sufficient evidence.

Suffice to say, horrible experience and Revolut has let me down massively.",Aithen,16,0.62,77,2026-01-31 21:21:43,https://reddit.com/r/Revolut/comments/1qseo7q/revolut_has_frozen_my_account_and_all_my_funds/,Revolut,Reddit
1l869dl,Revolut &lt;18 app isnt working on ios 26 developer beta?,So I downloaded the new ios developer beta and my revolut &lt;18 app seems not to be working because of the update. Does anyone have the same issue or knows a way how to fix it? ,Antonio_gg1711,13,0.79,207,2025-06-10 19:24:34,https://reddit.com/r/Revolut/comments/1l869dl/revolut_18_app_isnt_working_on_ios_26_developer/,Revolut,Reddit
1m9bzr7,Revolut has become pure garbage,"I made an important payment using Revolut, and it went through like always. A couple of days later the recipient called me and told me they hadn’t received it. After a time consuming manual search they found my payment, but told me that the payment reference was a four-digit number that had no connection to the actual payment reference I entered when making the payment.

I contacted Revolut that told me that they’ve used an intermediary that doesn’t forward the reference for my payment, so they knew the recipient would never get it, and that the “solutions” is that I should download the payment confirmation as a PDF and send it to the receipient so they could find my payment manually. What kind of garbage service can’t even make sure that the recipient gets the payment reference so they know who is actually paying them and for what?

I’ve used Revolut for 6-7 years, and never even heard about this problem before now. I’m never going to use Revolut for any sort of critical payment ever again. Honestly I think they should lose their banking license over this. 
",hedgeeffect,187,0.76,97,2025-07-25 22:50:07,https://reddit.com/r/Revolut/comments/1m9bzr7/revolut_has_become_pure_garbage/,Revolut,Reddit
1olkt99,Revolut blocked my account with all my money on it because I haven’t uploaded my new residency permit,"Revolut blocked my account with all my money on it. As a result, I’m left without money in another country. Customer support hasn’t responded for several hours. I can’t even buy myself food and transfer money to my wife who drastically need it. Earlier, I received a notification saying that I needed to upload additional documents — specifically, my new residence permit, because the previous one had expired. The notification said I had until April 4 next year to do this. Today is November 1, and my account is blocked. I have the new residence permit, but I can’t upload it because this option is also blocked in the app. What should I do in this situation? I wrote to customer support in the app and sent them photos of my new residence permit, but nobody is responding. The situation is quite urgent.",Dangerous_Ride8894,35,0.66,103,2025-11-01 10:49:29,https://reddit.com/r/Revolut/comments/1olkt99/revolut_blocked_my_account_with_all_my_money_on/,Revolut,Reddit
1o13jg4,Revolut allowed a blocked merchant to charge me.,"Basically the title, I blocked a merchant who was keep trying to charge my card because I couldn't cancel on their part, I was hoping they would give up as this was my main card. As soon as I added enough money the transaction went through and they took my money.

This was NOT a subscription and Revolut clearly stated ""You blocked this merchant from charging your card. All future online payments from this merchant will be declined""

If Revolut does not fix this issue and get my money back one way or another I'm going to Romania's ANPC (consumer rights) basically a way to sue them. 

Their support was useless all they could do was lead me to make a ""complaint form"" which will take around 15 days, lets see what happens.",Far-Gift4853,50,0.8,106,2025-10-08 08:00:11,https://reddit.com/r/Revolut/comments/1o13jg4/revolut_allowed_a_blocked_merchant_to_charge_me/,Revolut,Reddit
1qrjjzm,Revolut has liquidated my crypto and shutdown the account,"I don’t understand what just happened.

I received two notifications about my account closing. No emails. I tried to follow the instructions to avoid it but despite telling me to complete a form there was nothing in the app to complete. I went around in circles with the automated bot but in the end it just said don’t worry when the account is closed you will receive your money. Well I did receive the money but I wanted to keep the crypto. The crypto button has now been removed from the app. 

I’m a premium customer to get cheaper trades but now I’ll downgrade the app. However, I’m being blocked from downgrading in the app.",ManufacturerNaive505,66,0.8,56,2026-01-30 22:02:55,https://reddit.com/r/Revolut/comments/1qrjjzm/revolut_has_liquidated_my_crypto_and_shutdown_the/,Revolut,Reddit
1qqytl8,What purpose Revolut serves now?,"I am longtime Revolut customer (from ca. 209) Recently went from Ultra back to Standard and wow this bank got a long way down from where it was several years ago. Exchange rates are bad, ATM limits are super bad, transfer fees and everything fees. It is then no longer travel app, so what is it in Stanard plan? ",Solid_Caterpillar340,22,0.64,65,2026-01-30 07:24:43,https://reddit.com/r/Revolut/comments/1qqytl8/what_purpose_revolut_serves_now/,Revolut,Reddit
1qbagpj,WARNING: Revolut blocked me for following their support’s instructions,"I was a Metal user in France for a year. When I moved to Spain (where I’m from), I followed Revolut’s official policy to close my account and open a new one in my new country. 

The Trap: Support explicitly guaranteed in writing: ""You will be able to open your new account without problems"". Relying on this, I closed my primary account. 

The Result: My new application was immediately rejected for ""duplicate accounts"" and ""risk"". Support agents later admitted it was an automated system error but refused to fix it manually. 

I am now effectively banned and left without a bank because I followed their own instructions. I have filed a formal complaint with the Bank of Spain for bad practice. 

TL;DR: Don’t trust support if they tell you to close your account to change countries. You might lose access to your money and the bank forever.

EDIT: I’m just a Student who went to France for exchange, all money came from my Spanish bank (no shady money laundering or weird stuff), I never owed money to Revolut or any merchant and now I’m left out from the bank I recommended to many people who ended opening accounts in Revolut that they keep using until today.

I’ve tried to do everything I could, yet I’m left out",Individual_Leader643,41,0.81,66,2026-01-12 23:07:43,https://reddit.com/r/Revolut/comments/1qbagpj/warning_revolut_blocked_me_for_following_their/,Revolut,Reddit
1n1dyf2,I love revolut but now I am paranoid,"I love Revolut. I used to keep all my money there and use it for every purchase, both in stores and online. But now, reading all the stories about suspended accounts and blocked funds, I make a transfer from my other bank, which has now become my primary bank account, whenever my funds on Revolut run low. From now on, to avoid risks, now i am using my primary bank for physical purchases and Revolut. I'd like to no longer keep almost anything under 5 euros on Revolut, for example. And when I make an online purchase, I make an instant transfer from my primary bank. Should I make a transfer or use the ""Add Funds"" function? I'd like to avoid this because I've blocked my primary card from my other bank for online purchases and have to unblock it from the app every time. I'm a student and I receive money from my parents via bank transfer, and I've always had it sent to my other bank to avoid account suspensions.  I love Revolut for its ease of use, its virtual cards, and the design of the physical card. The design of the other bank sucks. Am I doing the right thing by starting using the other bank again, or am I just paranoid?",Super_PFG1,73,0.82,107,2025-08-27 12:03:13,https://reddit.com/r/Revolut/comments/1n1dyf2/i_love_revolut_but_now_i_am_paranoid/,Revolut,Reddit
1ocdkn2,"Very long term Revolut user, Metal member, account and all funds suddenly restricted?! Help :(","So as the title suggests, my Revolut account just got restricted with my funds being withheld. I’m a Metal card holder who was planning to upgrade to Ultra within the next month. The reason, I can only suspect as the support is useless and won’t share the reason, is that I updated my account details with my home address yesterday. They haven’t asked for proof of address which I can easily provide or anything to support my innocence to whatever their AI system has very wrongly flagged. It was fine for a day until I woke up this morning with my entire account restricted. 

I’ve been using this account for almost 8 years. Never a single issue in that entire time. Not once. I had large funds sent there and not a single problem, nor with the trading which I actually found a great platform. I use this account as my main financial banking and my everyday finances. All my money was in there including in the stocks area. Today waking up to my account being restricted was a massive shock as I now cannot afford to buy food or pay rent and in major trouble now as the end of the month nears (according to the app the check will take until 31st Oct) I will not be able to pay for anything. Best case scenario I have a few days without any money with is terrifying, worst case scenario I lose my life savings and anything I’ve ever worked for. I’m usually very pro Revolut and that can do no wrong, especially if you’re a normal law abiding person with not reason for them to restrict your account. Support are no help with them all saying the same copy and pasted responses which does make you wonder what even was the point of upgrading your membership to anything beyond basic. 

If I’m honest, I feel really stupid for trusting Revolut so much. I’m always singing their praises and got many friends and family to use the platform. Lesson learnt and I will be considering to no longer be using it as my main driver and perhaps I should go back to traditional banking long term. 

I’m trying to not panic as they claim it to be routine checks, but this has never happened to me like this with all my funds frozen. Support mentioned it could be over within 4 days which is still a very long time to be without any money, with the total timeframe on the app saying almost 3 weeks. 

If this doesn’t resolve soon, I will be homeless within the next 2 weeks. 

If you had something similar or know of a way to escalate this further I would appreciate it very much.
Any tips or suggestions are very welcome!! 



UPDATE: it’s been 2 weeks and today I got my account back! I have been reflecting deeply about the situation and maybe got my tin foil hat on now a bit about banking in general. Some big lessons learnt and overall a bit disappointed. I’m very grateful to have my account back and thankful to the few customer service I spoke to and messaged. 
However it’s insane I’ve had to endure not having access to my account for that entire period especially as it’s come out with a positive outcome as I was clearly compliant. I understand they say all accounts are regularly reviewed and it is normal, but the way my account was restricted it had a detrimental effect on my life during that period. From my perspective, I’ve trusted Revolut with all my finances so when it was down, I was left stranded. Whilst I also understand the process will take time, there wasn’t much transparency in the process and everyone keep saying the same copy and pasted response making it increasingly frustrating as I couldn’t plan my life and how to manoeuvre going forward. I’ve still not received any real response as to what triggered it, if anything, and that my funds are bank in my account and I full access again. As a long term user I’ve loved Revolut and it has been an incredible platform but I’m seeing quite a few flaws as a user and genuinely those past 2 weeks were very stressful. I’d definitely still be using Revolut but I will personally be treading a little more lightly and also restructuring my money as all in one account is insane in hindsight. Maybe that’ll change in the future but I’ll need to rebuild that trust and reliability in the service. I’m still part of this cult but I’ll be wearing a tinfoil hat going forward.

Thanks again to the community, some very kind people with support and those that shared similar stories in the DMs too which helped reassure me I’d be okay and the account would be back up. It seems like the timescale is 2 weeks almost exactly. I hope this doesn’t happen to many more people and my advice would be to everyone: 
- be prepared with rainy day money
- have more than 1 bank account in general
- be careful updating your account address in your Revolut account as it could trigger an automated review and restriction (my theory) 
- be patient if it does happen, no amount of spamming support helps, they’ll just send vague responses
- be legit and no shady account history helps
- breathe, be calm, be kind. Everything will work out! 


Wishing everyone a great day! 🤝 
",ThatSuaveFellow,34,0.8,99,2025-10-21 14:52:56,https://reddit.com/r/Revolut/comments/1ocdkn2/very_long_term_revolut_user_metal_member_account/,Revolut,Reddit
1mdwekw,Revolut just doesn't work with any Xiaomi device,"Always the same bots asking to Factory reset while we are using STOCK Xiaomi firmware.....

The issue has been going for WEEKS",Fluid_Climate_3588,66,0.74,119,2025-07-31 09:51:13,https://reddit.com/r/Revolut/comments/1mdwekw/revolut_just_doesnt_work_with_any_xiaomi_device/,Revolut,Reddit
1ou5voy,Revolut has my money hostage – account locked with no updates!,"I’m beyond frustrated right now. Revolut has completely locked my account and restricted all my funds. I’ve submitted every document they’ve asked for, 2 weeks now, and I still haven’t received any real update.

This is ridiculous. I rely on this account for everyday expenses, and I can’t access a single euro. Their support gives vague responses like “we’re looking into it” with no timeframe at all.

Has anyone else been through this nightmare? How do you actually get Revolut to release your money without jumping through endless hoops? I’m at my wit’s end here.

Seriously considering taking further action if this drags on. This level of customer service is unacceptable.
",Shoddy-Middle1350,32,0.71,90,2025-11-11 10:18:39,https://reddit.com/r/Revolut/comments/1ou5voy/revolut_has_my_money_hostage_account_locked_with/,Revolut,Reddit
1ls7n5c,"Got scammed on Upwork for 1429,72€ after my mistake for releasing funds after being pressured by the freelancer. Chargeback with revolute and won.",Ask me anything!,Large-You-3069,321,0.97,61,2025-07-05 12:23:21,https://reddit.com/r/Revolut/comments/1ls7n5c/got_scammed_on_upwork_for_142972_after_my_mistake/,Revolut,Reddit
1mssvc7,Is $13k safe in revolut?,"A lot of accounts get frozen with bigger amount of money, now Im worried about mine.

I currently have 4k in the main account and 9k in the investment account on revolut:

Total: 13k

is this too much for revolut, because I always read that accounts got blocked and they loose access to the account…",Ok-Pomegranate2322,67,0.89,112,2025-08-17 15:48:40,https://reddit.com/r/Revolut/comments/1mssvc7/is_13k_safe_in_revolut/,Revolut,Reddit
1m19e3p,Revolut Stole my Money,"Hello Everyone,

Recently, Revolut closed my account due to unknown reasons. I received some money from my friends and family members and I transferred some money to them as well that might be the reason.

On the last transaction, my cousin transferred me £500 to my account. I couldn’t transfer or spend that money due to account restriction. 

On 07/07/2025, they have decided to close my account and asked me to withdraw my money to an external bank account. But they only released £250 which I was able to transfer to my husband’s account. But the rest £250 was missing from my bank account. Then I contacted their customer service and they told me that the rest £250 was reverted back to the original sender. In the app it’s showing that the £250 is reverted to original sender but not showing who is the original sender is?

I contacted my cousin who was the last sender. He said he didn’t receive any money from me. He also showed his bank transaction details which clearly shows that he didn’t receive any money from me. 
Revolut is not sharing any information with me regarding the £250. They are saying that the money went to the original sender that’s all. 
I strongly believe that they are holding my money and telling lies because I spoke with all the payers and they didn’t receive or claim any money from me. 
I really don’t know what to do now. I contacted Financial Ombudsman and waiting for their reply. 
Please help me with your valuable suggestions 🙏🙏🙏

Thank you. ",EngineeringOk1469,61,0.79,126,2025-07-16 11:48:59,https://reddit.com/r/Revolut/comments/1m19e3p/revolut_stole_my_money/,Revolut,Reddit
1q87mgs,My revolut is down ??,"Am I the only one who’s account isn’t working ?? I can’t even contact the customer care. Their live chat is down in the website and I can’t transfer money or pay with my card. What is happening???

✨Edit

I tried to take from a vault and it worked. Maybe it’s back up now :)

✨Edit 2

Makes you wonder how much we rely on services (useful tho)! Cash is king at the end of the day 🫶🏼 Made me think it’s a good idea to keep an emergency stash of cash in case something happens again.",Sharp_Experience_82,34,0.84,66,2026-01-09 13:00:12,https://reddit.com/r/Revolut/comments/1q87mgs/my_revolut_is_down/,Revolut,Reddit
1pjve09,New Revolut security feature: Street Mode,"We recently posted about a new security feature in beta testing — thanks to everyone who participated. Now that it's officially live, we're excited to reveal what we've been working on: [Street Mode](https://www.revolut.com/blog/post/street-mode/?utm_source=linkedin_profile&amp;utm_medium=social_medium&amp;utm_campaign=Street_Mode_Reddit_post_2).

**What is Street Mode?**

Street Mode lets you set trusted locations. If a transfer above your limit is made outside those areas, we’ll add a one-hour delay and request an additional selfie check to confirm it’s really you.

**How does Street Mode work?**

Once activated, Street Mode delays outgoing transfers above your chosen limit while you’re away from trusted locations. Then it asks for extra confirmation to make sure you — and only you — are in control of your transfers. This helps keep your Revolut account safe from potential fraudsters and thieves.

**How do I activate Street Mode?**

1. Turn on Wealth Protection if you haven’t already (Tap your profile icon in the top-left corner → Security → Wealth Protection)
2. Enable Street Mode
3. Set your limit, then choose your trusted locations. Street Mode will handle the rest.

**Where is Street Mode available?**

For now, Street Mode is available in the UK and EEA. But we’re always working on expanding to new markets.

Thanks again to our beta testers – and if you try Street Mode, let us know how it goes.",RevolutSupport,198,0.98,43,2025-12-11 11:38:04,https://reddit.com/r/Revolut/comments/1pjve09/new_revolut_security_feature_street_mode/,Revolut,Reddit
1qihuxu,"Revolut lost 10,000 CHF for 3 months after a rejected transfer – even regulator involvement hasn’t fixed it","I never expected to be writing this, but after almost 3 months, I honestly don’t know what else to do.

Revolut has effectively lost 10,000 CHF of my money.

What happened:

	•	I sent an international CHF 10,000 transfer via Revolut to a Swiss account.

	•	The beneficiary bank rejected the transfer due to an incorrect account number.

	•	The beneficiary bank provided written confirmation that the payment was rejected and returned.

	•	The 10,000 CHF never came back to my Revolut account.

That was almost three months ago.

What Revolut says:

	•	“The funds left our system.”

	•	“We are chasing our partner / correspondent banks.”

	•	“Recalls are handled on a best-endeavours basis.”

	•	“There is no guaranteed timeframe.”

	•	“We cannot provide MT199 references or internal correspondence.”

	•	“The payments team is still working on it.”

Meanwhile, 10,000 CHF is still missing.

What makes this especially worrying:

	•	The payment was rejected, not successfully delivered.

	•	The beneficiary never received the money.

	•	My internal complaint was closed while the funds were still missing.

	•	I was essentially told to wait indefinitely.

At that point, I escalated the case to the Bank of Lithuania, which is the regulatory authority supervising Revolut Bank UAB.

Yes — this is now under formal regulatory review

	•	The Bank of Lithuania accepted the case

	•	A dispute procedure is officially open

	•	Revolut is required to respond to the regulator

And yet… nothing has changed.

The 10,000 CHF is still not credited back to my account.

This is the part that genuinely worries me:

If 10,000 CHF can disappear for months after a rejected transfer, and:

	•	customer support can’t fix it,

	•	complaints can be closed without resolution,

	•	and even regulator involvement doesn’t immediately resolve it…

👉 What protection do Revolut customers actually have?

This isn’t a risky investment.

This isn’t crypto.

This is a basic international bank transfer that was rejected and never returned.

Questions to the community:

	•	Has anyone else had large amounts stuck like this with Revolut?

	•	How long is a bank allowed to hold a customer’s money unresolved?

	•	At what point does this become a governance or systemic issue rather than “support backlog”?

	•	Has escalation to regulators (like the Bank of Lithuania) actually forced Revolut to act in similar cases?

I’m sharing this publicly because silence helps no one — and because customers deserve to know this can happen.

I’ll update this thread if there is any progress.",bankster_vaduz,46,0.77,59,2026-01-20 23:51:59,https://reddit.com/r/Revolut/comments/1qihuxu/revolut_lost_10000_chf_for_3_months_after_a/,Revolut,Reddit
1pxkxyc,Revolut is freezing money without justification,"Hello, I'm having the following problem with Revolut. I had a garnishment order for €1013.14, and Revolut rightfully froze the money until it was fully collected.

The entire €1013.14 was repaid to the creditor on December 11, 2025, and the garnishment was thus settled. However, I received my salary yesterday, and Revolut has frozen the €1013 again. Their chat support is no help, and even my repeated reminders that the garnishment had already been paid have been unsuccessful. It feels like I'm talking to complete idiots who have absolutely no idea what they're doing.

Has anyone had a similar experience or any ideas on how to proceed? I desperately need this money to pay my rent and other bills.

I'm getting a bit desperate...",AndreasB90,29,0.69,70,2025-12-28 07:00:34,https://reddit.com/r/Revolut/comments/1pxkxyc/revolut_is_freezing_money_without_justification/,Revolut,Reddit
1pmhj5s,"Denied rental car pickup @LAX Airport solely because my card is ""Revolut"" (even though they accept Debit). Has anyone successfully disputed this?","Hey everyone,

I’m looking for a sanity check or some advice on how to handle a car rental nightmare I’m currently in the middle of.

**The Situation:** I booked a rental car through a broker (Check24/AurumCars) for a pickup with Thrifty. I prepaid for the booking.

When I arrived at the desk, I presented my physical Revolut card to leave the deposit. It’s a standard Debit Visa/Mastercard with my name on it, and I had more than enough funds to cover the deposit.

**The Twist:** The agent at the desk explicitly told me: *""We accept Debit cards for deposits at this location, but we do not accept Revolut specifically because it is not a real bank.""*

I was denied the car and marked as a ""No Show"" / denial of service.

**My Argument:** I checked the Terms &amp; Conditions (T&amp;C) on my voucher and the broker's site.

1. There is the usual language about ""Credit Cards required,"" but often ""Debit"" is accepted with conditions (which the agent confirmed they do accept generally).
2. Nowhere in the fine print does it state that **Revolut specifically** is a banned issuer.
3. My card has a valid BIN (Bank Identification Number) identifying it as a standard Debit product.

If they had rejected me because it was a ""Debit"" card and the terms said ""Credit Only,"" I would take the loss. But rejecting a valid payment method based on an arbitrary, unwritten ""brand reputation"" rule feels like a hidden contract term that I couldn't possibly have known about.

**Next Steps:** I’ve already reached out to the broker and the rental agency to demand a refund, but I’m expecting them to point to the generic ""Credit Card required"" clause to cover themselves, even though the verbal reason given was different.

Has anyone dealt with this specific ""Anti-Revolut"" discrimination? I am preparing to file a chargeback with Revolut for ""Services not received"" or ""Product not as described"" since the merchant refused a valid card based on undisclosed criteria.

Do I have a leg to stand on here, or am I out of luck?

**TL;DR:** Rental desk accepts Debit cards but refused my specific Debit card because it was issued by Revolut (citing ""reputation""). This exclusion wasn't in the T&amp;Cs. Denied car, money taken. Is this chargeback-able?

PS yes I used gemini for formatting. no its not bait/fake

PPS also low-key hoping Revolut sees this and fixes this with thrifty directly because it's harming their rep as well. I would say I'm giving them good business and they do not want to loose customers over 3rd parties randomly discriminating their customers because of the brand that's printed on the CC.

EDIT: We happened to try and talk to a Hertz employee 2 days later at a hotel in downtown and he just said “give me your reservation number from Thrifty let me try something”.  And 10 minutes later we drove out of the garage with our rental car. He even offered a 2 day extension since we picked it up too late.

So to summarize:

\- he could rebook the voucher on a different driver (offered it)

\- Revolut? No problem!

\- I ended up just tapping my phone with Apple Pay. Paid 500$ deposit and voila.

Literally EVERYTHING was up to the employees discretion. He said he’s been in the job for 15 years and you could tell he was such a sweetheart. If anyone else gets a rental car, go book at Hertz in DTLA at the Westin. They are so much nicer there.

I tried buying him dinner but he declined. Maybe I’ll bring him an iced coffee tomorrow as a thank you.",pascalwhoop,21,0.75,78,2025-12-14 16:03:27,https://reddit.com/r/Revolut/comments/1pmhj5s/denied_rental_car_pickup_lax_airport_solely/,Revolut,Reddit
1lnq3e0,Revolut just locked me out,Any ideas why this is happening? It randomly happened after I logged out. I don't think my phone is a rooted device. It was working perfectly fine until now. All my money is in there,SimilarPickle5266,48,0.77,134,2025-06-29 22:26:45,https://reddit.com/r/Revolut/comments/1lnq3e0/revolut_just_locked_me_out/,Revolut,Reddit
1j2g9d9,Revolute decided to shutdown my account after years of use,"So I have been using revolute for years and for couple years now i had metal plan. Recently I started using it for betting on bet365( a lot of transactions between 2 sites) which is completely legal in Austria and there is no tax on gambling . I have passed KYC couple years ago and out of the blue they decided to close my account. Claiming that they cant share the specific details about decision
I have asked for subscribtion money back for this year. 
The scary thing is you can have thoudands of stocks, crypto and other investments in Revolute and they can just decided to shutdown ur acc like that. Pretty scary if you ask me. Matrix is real, system doesnt want you to be financially free and crypto is the only way to actually be safe, because then and only then u are in self-custody of ur assets( if you are using cold storage).
Really disappointed. I recommended you to think twice before using revolute as your bridge towards any sort of investment or money making business.",Holiday-Lion-3083,132,0.76,140,2025-03-03 11:05:36,https://reddit.com/r/Revolut/comments/1j2g9d9/revolute_decided_to_shutdown_my_account_after/,Revolut,Reddit
1olrq93,"Tried Revolut Ultra for a China Trip (2 accounts) — REAL full review (lounges, points math, downgrade rules, insurance vs traditional bank cards.","I upgraded **two Revolut accounts** (mine + my wife's) to Ultra for our trip to China.  
We travel about **3 times a year**, and wanted to test Revolut’s “premium travel lifestyle”:

- Unlimited lounges  
- Premium insurance  
- Faster RevPoints  
- Travel eSIM  
- Priority support  
- Premium perks  

I read **all the insurance docs**, used it in real airports (BRU &amp; PVG), collected &amp; redeemed RevPoints, and then downgraded after the trip.

I also compared it to my **Belfius Mastercard Gold** (Belgium) and the **World Elite** (only available for ~€500k+ Wealth clients).

---

## ⚠️ Read this first
Revolut does **not clearly warn inside the app** that:

- Downgrading too early may cause **lounge repayment**
- Ultra card fee (€50) can be charged if you cancel wrong
- You may **not** get refunded for the month
- You can't treat Ultra as “on/off when traveling”

Only after insisting politely did Revolut downgrade BOTH Ultra accounts **without fees** (after 14 days).

---

## ✨ TL;DR
- Lounges worked but **not luxury** (BRU &amp; PVG = buffet level)
- RevPoints ≈ **0.004–0.005 €/point** on lounge redemption → ~**€6k spend** per “free” lounge guest
- Direct debits = **0 points**
- Ultra **does** include cancellation + **CFAR 70%**
- Metal has ~same insurance EXCEPT: 30‑day trips vs **90 days** on Ultra + no CFAR
- Belfius **Gold** already strong travel cover
- Belfius **World Elite** (Wealth ~€500k clients) &gt; Ultra for cancellation &amp; rental cars
- Downgrade possible *but not risk‑free*
- For ~3 trips/year → **Metal or Gold &gt; Ultra**

---

## ✈️ Lounges
Locations tested: **Brussels (BRU)** &amp; **Shanghai (PVG)**

Experience:
- Entry smooth
- Clean seating
- Buffet food &amp; drinks — nothing luxury
- Good to rest &amp; charge devices

**Worth €60/mo by itself?** No.  
Useful? Yes — if frequent traveler only, as you'll need to sub for at least 6 months in a row to be allowed to leave without extra fees.

---

## 🎯 RevPoints — the real math

###  rates
| Plan |  rate |
|---|---|
Standard | 1 pt / €10  
Plus | 1 pt / €10  
Premium | 1 pt / €4  
Metal | 1 pt / €2  
**Ultra** | **1 pt / €1**  

➡️ **Direct debits / rent / utilities = 0 points**

### My redemption example
- Had ~**4,300 pts**
- Used toward ~€27 lounge guest
- Still paid **€4–€5**

Value ≈ **€0.0045/pt** (0.45 cent)

Spend needed for 1 “free” €27 lounge guest:

| Plan | Spend needed |
|---|---|
Ultra | **~€6,000**  
Metal | ~€12,000  
Premium | ~€24,000  
Standard | **~€60,000**  

**Points ≠ main value. Unless you are a heavy spender + airline‑miles nerd, ignore them.**

---

## 📉 Downgrade Truth
| Situation | What may happen |
|---|---|
&lt; 14 days | Lounge repayment + eSIM usage + €50 card fee  
&gt; 14 days | No clawback, but no refund current month  
First 6 months | Notice period possible  
After | Downgrade at cycle end  

**My outcome:**  
Polite, referenced T&amp;Cs → both accounts downgraded **no fees**.

But the app UI **does NOT make risks clear**.

---

## 📡 eSIM
Ultra includes travel data. But 3GB per month is definitely NOT enough for my usage.
BUT in China: **€6 for 5 days / 100GB/day** locally + bypasses firewall. (via trip.com / alipay).

Convenience ≠ best value.

---

## 🛡️ Insurance Comparison

### Trip length
| Plan | Max trip |
|---|---|
Premium | 30 days  
Metal | 30 days  
**Ultra** | **90 days**  
**Belfius Gold** | ~90 days  
**Belfius World Elite** *(Wealth ~€500k+)* | ~90 days  

### Cancellation &amp; interruption
| Plan | Cancellation | CFAR | Interruption |
|---|---|---|---|
Premium | ~€5k | ❌ | ✅  
Metal | **€5k** | ❌ | ✅  
Ultra | **€5k + CFAR 70%** | ✅ **70%** | ✅  
Belfius Gold | ~€5k | ❌ | ✅  
Belfius World Elite | **€10k/family** | ❌ | ✅  

### Medical, baggage, rental
| Category | Metal | Ultra | Gold | World Elite |
|---|---|---|---|---|
Medical abroad | €10M | €10M | Strong | Very high/unlimited‑like  
Baggage loss | ~€1k | ~€1k | ~€1k | **€2k**  
Baggage delay | €400/€200 | €400/€200 | ~€400 | **€450 + €1,000**  
Flight delay | €500 max | €500 max | ~€250 | €200  
Car rental excess | ~€2k | ~€2k | ~€1k | **€10k** ✅  

### Summary
| If you want… | Best |
|---|---|
Long stays | **Ultra**  
Cancel‑for‑any‑reason | **Ultra**  
Max cancellation payout | **World Elite**  
Car rental protection | **World Elite**  
Best € value | **Belfius Gold / Revolut Metal**  

---

## 💸 Costs
| Plan | Monthly | Fit |
|---|---|---|
Revolut Standard | €0 | Basic use  
Premium | €8.99 | Light travel  
**Metal** | ~€17 | **Best balance**  
**Ultra** | €60 | Only if airport is your second home  
**Belfius Gold (mine)** | Included in banking | **Very solid cover**  
**Belfius World Elite** *(~€500k+)* | Included in Wealth | **Best insurance, exclusive**  

---

## 🧠 Final Verdict

For ~3 trips/year:

✅ Belfius Gold for insurance  
✅ Revolut Standard or Metal during trips  
❌ Ultra didn't justify €60/mo  

Lounges = nice but not premium  
Points = weak unless huge spender  
Insurance gap Metal vs Ultra = **mainly trip length &amp; CFAR**

And again:

&gt; **Ultra is NOT “toggle on when traveling.”  
Downgrade fees + lounge payback risk exists.**

I still like Revolut — just not Ultra for my use case.

---

Below is the full insurance coverage comparison table for the most curious : 


# Travel Insurance Comparison Table (Revolut vs Belfius Cards)

| Feature / Plan | Revolut Premium | Revolut Metal | Revolut Ultra | Belfius Mastercard Gold | Belfius World Elite *(Wealth ~€500k+)* |
|---|---|---|---|---|---|
| **Approx Monthly Cost** | €8.99 | ~€17 | €60 | Included in bank fees | Included in Belfius Wealth package |
| **Max Trip Duration** | 30 days | 30 days | **90 days** | ~90 days | ~90 days |
| **Trip Cancellation** | ~€5,000 | **€5,000** | **€5,000** | ~€5,000 (typical Gold travel cover) | **€10,000 per trip/family** |
| **CFAR (Cancel For Any Reason)** | ❌ | ❌ | ✅ **Up to 70%** | ❌ | ❌ |
| **Trip Interruption** | ✅ | ✅ | ✅ | ✅ | ✅ |
| **Medical Coverage Abroad** | ~€10M | **€10M** | **€10M** | Strong premium Visa/Mastercard Gold travel insurance | Extremely high / ""unlimited-style"" |
| **Emergency Evacuation/Repatriation** | ✅ | ✅ | ✅ | ✅ | ✅ |
| **Baggage Loss/Theft** | ~€1,000 | ~€1,000 | ~€1,000 | ~€1,000+ typical | **€2,000** |
| **Baggage Delay** | €400 / €200 | €400 / €200 | €400 / €200 | €400 approx | **€450 + €1,000** |
| **Flight Delay Compensation** | up to €500 | up to €500 | up to €500 | ~€250 | €200 |
| **Car Rental Excess Cover** | ❌ | ~€2,000 | ~€2,000 | ~€1,000 | **€10,000** |
| **Personal Liability Cover** | ❓ sometimes excluded | **~€1M** | **~€1M** | Included (Gold) | Included (higher) |
| **Card Payment Requirement** | Must pay trip via Revolut for cover | Must pay trip via Revolut | Must pay trip via Revolut | Must pay with Gold card/account | Must pay ≥50% via Belfius account/card |
| **Who it fits** | Occasional traveler | **Frequent traveler sweet‑spot** | **Heavy traveler / 90‑day trips / CFAR need** | Normal premium bank clients | **High‑net‑worth clients only** |
| **Notes** | Basic premium coverage | Big value jump vs Premium | CFAR + longer trips; not huge gains elsewhere | Cheaper overall cost vs Ultra/Metal | Best travel perks but restricted access |


",silkyclouds,148,0.93,57,2025-11-01 16:11:06,https://reddit.com/r/Revolut/comments/1olrq93/tried_revolut_ultra_for_a_china_trip_2_accounts/,Revolut,Reddit
1md58e8,Revolut Ultra after more than a year,"Hello everybody! I've had the Revolut Ultra plan for over a year now (since June 2024) so I thought that it would be a great idea to share my thoughts about it. I decided to do it after seeing [paskatulas' post about Revolut Metal](https://www.reddit.com/r/Revolut/comments/1m4krfv/revolut_metal_in_everyday_use/). Keep in mind that I am from Italy, so the features of the plan and the pricing may differ depending on where you are from, but the core features of the plan should remain the same.

**Physical cards:**

So far I have ordered two Ultra cards, as Revolut lets you order a second one for free after you keep your Ultra account active for over a year. I received the second one at the beginning of this month, so it's almost brand new, and you can have a side by side comparison of how the card stays after a year. The card on the left is the one that I have since June 2024 and I've been using it a lot since then (but I also pay often with Google Pay). The card doesn't stay in great conditions as you can see, but brand new it looks great. If you often pay with your phone, I would just keep it as a souvenir.

[Card issued in 2024 on the left and card issued in 2025 on the right](https://preview.redd.it/15eqhewak0gf1.jpg?width=2048&amp;format=pjpg&amp;auto=webp&amp;s=2816e11b0428d1de64bfbcf3ddeb6d6f44e68d9d)

**RevPoints:**

RevPoints were introduced to my country around the time that I upgraded to Ultra. The Ultra plan gives you 1 point every 1€ spent with your card. You can also get up to 20x the amount of RevPoints that you get normally if you buy online through the Shops section of the app, so if you shop on the stores that are listed you could gain a lot of points quickly. It is possible to use RevPoints to buy gift cards (I heard that it's not available everywhere yet), to shop on stores that use Revolut Pay, or to get discounts on Revolut Stays (but the conversion rate becomes worse and worse the more points you use in a single stay). But the method that I love the most is the possibility to exchange them to miles with a lot of airline programmes with a 1:1 conversion rate; this feature is great as it's the only way (together with Amex, but with a worse rate) to gain miles on the Flying Blue program in Italy with personal card purchases. In a year of Ultra I gained more than enough points to get a round trip flight to the US with Air France, which I'm now planning to do.

**Insurances:**

The only insurance that is not offered in lower plans is the ""trip cancellation for any reason"" insurance. This insurance, if you are a person that travels a lot, is amazing! I personally had to use this twice: once I had to cancel a trip entirely, while the second time I postponed my return date, so I asked for a refund of the return flight that I originally booked. You get 70% back of what you paid, and the minimum amount of the expenses related to the claim (all together) must be at least 25 euros. After you submit your claim request on the app, the insurance company (Qover) will contact you over e-mail asking you to provide documents that the tickets/hotels/ecc that you booked are not refundable (an email conversation is enough) and they will ask you for no-show letters of your flights. Once you submit these documents, they  approve the claim within 7 days and you will get the money on your Revolut account on the same day.

I've had to use the Xcover travel insurance just once, when my baggage arrived late, so I don't have experiences using it for medical treatment or other bigger claims. I've made a post on this sub when I had to use Xcover, I had a very positive experience, and you can find it linked here: [My experience with XCover for a Delayed Baggage, step by step](https://www.reddit.com/r/Revolut/comments/1f3w5v3/my_experience_with_xcover_for_a_delayed_baggage/).

I've personally never had to make a claim for the other insurances that are offered (car rental insurance, and all the shopping insurances.

**Lounge access:**

I usually fly a few times each month, so I really took advantage of this perk. With Ultra you get unlimited lounge access though a DragonPass membership. Usually I had no problems getting in the lounges, eccept in two cases: once in Amsterdam airport I had to stay in a queue for about 20 minutes before getting in, and once in Milan Linate airport I was refused entry (they were only letting in Business Class passengers and status holders), but it was a temporary thing that isn't happing anymore (it was due to the Ita Airways lounge being temporary closed, so all the passengers were moved to the other one, but now it opened again).

The quality of lounges really differs; in some airport you find incredible lounges with excellent service, instead in some other ones you really only get more confortable seatings and a few snacks. My favourite one so far is the HelloSky Lounge in Milan Bergamo airport (where I often fly), as there's a lot of seating, work tables, and a great selection of hot/cold meals and beverages

[Some pictures of the HelloSky Lounge in Milan Bergamo airport](https://preview.redd.it/6alummyek0gf1.png?width=1920&amp;format=png&amp;auto=webp&amp;s=8df9a77d0b0824feacf126d8c7fc0c83b05e650c)

**Fast Track (only available for Ultra cards issued to Italian customers):**

As the Revolut Ultra card is a Mastercard World Elite, it qualifies to gain access to fast track in a lot of airports throughout Italy. If you are from Italy and you fly a lot this is a nice perk, but it's also possible to get this with a lot of other cards (even free ones, like Carta You by Advanzia Bank as it's a Mastercard Gold).  
I made a post about this some time ago: [Italian Ultra Members get free Fast Track in many Italian airports](https://www.reddit.com/r/Revolut/comments/1hit6sc/italian_ultra_members_get_free_fast_track_in_many/).  
You can get the most up to date information on the Mastercard website: [https://www.mastercard.it/it-it/privati/priceless/offerte-e-benefici/mastercard-reserved/fast-track-aeroporti.html](https://www.mastercard.it/it-it/privati/priceless/offerte-e-benefici/mastercard-reserved/fast-track-aeroporti.html)

**Subscriptions:**

With Ultra (in Italy) you get 15 subscriptions included with your plan. This is a list of all the subscriptions offered:

[Subscriptions included with Ultra in Italy](https://preview.redd.it/r2t0ro7770gf1.png?width=1407&amp;format=png&amp;auto=webp&amp;s=17c2eb53e43e37103f6ba31c782a4d36db2568a3)

The subscriptions that I actively use are the Financial Times subscription, NordVPN (which also includes a 1TB cloud storage service on NordLocker with the plan), Perplexity Pro and Headspace. You can definitely get some value out of these subscriptions!

**Pricing:**

Pricing depends on the country you are from. During the first 3 months of subscription I paid €45,00 a month, and then I started paying €55,00 a month. About a week ago I opted with a friend of mine for the Revolut Duo Ultra subscription, which grants both of us the Revolut Ultra plan for €70,00 total (so €35,00 each); I understand that this is something that is still not yet available in many countries.

**Final thoughts:**

I'm overall satisfied with the service that I am paying for and I am definitely getting some value out of my Ultra plan! I would recommend the Ultra plan to those who travel a lot (especially by plane) or can get value out of the subscriptions that they offer or out of RevPoints.

**If you have any questions for me, let me know! :)**

  
EDIT: Some pictures were not loading so I uploaded them again.",BlueBerri21,145,0.97,83,2025-07-30 13:26:48,https://reddit.com/r/Revolut/comments/1md58e8/revolut_ultra_after_more_than_a_year/,Revolut,Reddit
1phpix6,Revolut's referraI experience so bad it felt deliberately misleading.,"Over the holidays, my family came to visit, and I genuinely recommended Revolut, believing the referraI benefits were genuinely worthwhile.

I managed to convince both my wife and my mother to sign up using my referraI Iink. Since my wife isn't particularly tech savvy, I personally helped her set up her account, ensuring she followed every single step exactly as outlined in the app.

My mother, on the other hand, hasn’t even completed her required transactions yet.

However, the moment my wife finished all the necessary steps, her referraI status inexplicably flipped to “ineligible.”

When I reached out to customer support for clarification, I was met with generic, copy-paste responses claiming they “could not specify what went wrong.” This was despite the fact that we meticulously followed all the instructions and complied with every rule. The lack of transparency and accountability was incredibly disappointing. Just canned, automated replies with no substance.

All in all, the experience was frustrating and, quite honestly, felt misleading, I feel like I was scammed out of my money.",Stefan_SneakerHead,20,0.81,75,2025-12-08 21:52:18,https://reddit.com/r/Revolut/comments/1phpix6/revoluts_referrai_experience_so_bad_it_felt/,Revolut,Reddit
1n5q9wz,Revolut is now valued at $75bn,"Revolut to allow staff to sell shares at $75bn valuation

Revolut employees are in line for big windfalls as the UK’s most valuable fintech allows staff to sell down their holdings in the company at a $75bn valuation.

Revolut staff were told on Monday that they would be allowed to sell up to 20 per cent of their shares to make way for future investors, according to people with knowledge of the matter and a document seen by the Financial Times.

Revolut said: “As part of our commitment to our employees, we regularly provide opportunities for them to gain liquidity. An employee secondary share sale is currently in process, and we won’t be commenting further until it is complete.”

Source: Financial Times",danialzo,304,0.95,46,2025-09-01 15:31:36,https://reddit.com/r/Revolut/comments/1n5q9wz/revolut_is_now_valued_at_75bn/,Revolut,Reddit
1lf7pow,Withdraw 10k from revolut account,"Hello! I need to withdraw 10k euro from my revolut account as I need cash to buy a car. I don t have any other account at another bank. 
I am planning to withdraw the money in small parts like 2k at every 2-3 days. 
Do you think it is safe? I don t wanna have the account frozen as I see that this is very common here. I can prove the source of founds, it is very clear that they are from my monthly salary and from another card( one of my relatives) 
Has someone withdraw money like this? ",Prudent_Ad_4495,35,0.84,132,2025-06-19 11:47:08,https://reddit.com/r/Revolut/comments/1lf7pow/withdraw_10k_from_revolut_account/,Revolut,Reddit
1ovxi3s,Is this actually true? Converting USDT to USD at 1:1 rate with no fees in Revolut. What’s the catch?,"Hey Reddit,

I’m a freelance game dev designer living in the UK. I work with studios all over — Japan, India, the US, Canada, etc. Most of my compensation comes in stablecoins (USDC or USDT).

Until now I’ve been doing the usual dance: 
- used Binance in the past 
- after their issues with regulators, switched to Coinbase 
- i sell stables to USD / GBP and move funds to my Monzo / Revolut 
- occasionally had transfers blocked or delayed with both banks, but all processes fine at the end
- and the conversion rate was never great

I just noticed Revolut is offering 1:1 conversion between USD and USDT/USDC with no fees. Supposedly you get exactly $1 cash for $1 stable, and vice versa. I received the last payment to Revolut in USDT on Tron and it worked smooth. But I’m still cautious.

Has anyone here used this regularly? Is it legit or is there some hidden catch (limits, delays, freezes, whatever)?

Would really appreciate real-world experience — it almost sounds too good to be true.",Rough-Medicine-329,127,0.94,55,2025-11-13 10:18:08,https://reddit.com/r/Revolut/comments/1ovxi3s/is_this_actually_true_converting_usdt_to_usd_at/,Revolut,Reddit
1mozdce,Yesterday I issued a LARGE (6 digits) transfer from abroad into Revolut and...,"So for context, I'm an EU employee for a US company. The company pays me in cash salary, a small bonus, and then some RSUs (which I've been lucky enough to have seen them appreciated). Some days ago I liquidated all my RSUs and wanted to transfer the proceeds (about $240k USD) to Revolut so that I can exchange them into EUR and basically diversify the investment.

I had seen many horror stories in this subreddit, users claiming that just a transfer of $10k was enough for Revolut to block your money for days/weeks, etc. so I was quite bit scared. At the same time, I wanted to benefit from the low costs that Revolut incurs for such operations. At one point, afraid that my money would get blocked for significant amount of time, I even proactively contacted support to see if I could do something (file any documents as required, etc) to make the transfer as swift as possible. That was not a possibility.

Yesterday I pulled the trigger and started the Wire transfer from my US broker. The US broker estimateed a total fee of $50 for the wire, $25 charged by them and $25 charged by the receiving bank, subject to additional fees too. My transfer was initiated at 9 PM CEST (3 PM ET). I was hoping to receive the money at best the next day, hopefully this week, though I didn't discard the possibility of me receiving the money next week. And, of course, potentially having to deal with support to prove the money is mine, comes from a legit source, etc. Well - it turns out that after less than 2h later, I received a notification on my Revolut claiming the money had arrived! The money was already available in my account for me to use, fully unlocked. Revolut hadn't charged any additional transfer fees - only the $25 charged by my broker were applied. So, despite all the bad comments I had seen in this sub, I'm happy to say that this was a great experience! And that if you're on a similar situation (assuming everything you're doing is legal and so on), you likely don't have to worry much either.

**TLDR**: Transfered $240k USD from a US broker into Revolut. Despite all the claims of people saying they would never do such an operation with Revolut, or experiences saying that Revolut blocked their money, etc. my transfer worked flawlessly - my money landed in less than 2h ready for me to use.",FixInteresting4476,47,0.61,106,2025-08-13 10:04:37,https://reddit.com/r/Revolut/comments/1mozdce/yesterday_i_issued_a_large_6_digits_transfer_from/,Revolut,Reddit
1qhg0wr,"Revolut account restricted for “security review” — no documents requested, no timeframe given. Anyone with similar experience?","Hi everyone,

I’ve been a satisfied  Revolut customer for about **4 years**. During my first **1–2 years**, my account went through **two compliance checks** where I had to upload documents related to my source of income within a deadline, which I provided without hesitation. Everything was resolved smoothly, and up to now, I’ve had **no issues at all**. I am a really active user with amounts of tens of thousands over a month for all the 4 years of my account use.

In December and January, I noticed I dramatically **changed the way I used my account**:   
The funds received from the same company (where I am the major Shareholder) that I am receiving every month for many years now decreased dramatically (-90%). The outgoing transfers (mainly to my 3 kids) were normal, which means that I decreased (by luck) the standing amount. In addition, I almost stopped using my Revolut Credit card, since October and for many years I was using it a lot.  
It is worth mentioning that many times I have seen the message “You’re in the top 1% of RevPoints earners” (78.681 Revpoints earned in 2025 only). I am a Metal user.  
  
Something else I should mention is that my company was mostly using an account from a local bank but since we were very satisfied with Revolut, in August we decided to open a Revolut Business account for the company. Since August, income transfers from the company were coming from the Revolut Business account to my Revolut Personal account. For years, it was the same thing: payments were made from the same company, but from the local Bank account.  
  
On **Thursday, January 15**, I received an email saying:

*“Your account has been restricted. For security reasons, we’ve limited some features of your account until more info is provided.”*

**There was no notification inside the Revolut app** — only this email.

**Current situation:**

* I can access the account
* I can see my balance
* Payments to my account are working
* However, **I cannot make** ***any*** **payments or transfer money out at all**, which effectively means **I cannot use my own funds**.
* Despite that, the account looks “Business as usual”: everything looks normal and fully functional 

I contacted Revolut customer support multiple times and spoke to 6 different agents, who are very polite and responsive (which at least gives me the feeling of some kind of safety).   
However, every single one of them told me:

* I **do not need to provide any documents**
* This is a **“routine security review”**
* My case is **still under review**
* There is **no estimated timeframe** they can give me  

Today is **Monday, January 19**, so it’s been **5 days** since the restriction started.  
**My questions:**

* Has anyone experienced something similar?
* How long did it take for the restriction to be lifted?
* Did you do anything specific to speed up the process, or did it resolve on its own?         I am more than happy to send any documentation, proof of funds, or whatever is required by Revolut. Any insights or shared experiences would be greatly appreciated.   Thanks in advance!

",ThinPerformer826,0,0.5,62,2026-01-19 20:39:46,https://reddit.com/r/Revolut/comments/1qhg0wr/revolut_account_restricted_for_security_review_no/,Revolut,Reddit
1qpu2jn,"POLL: if you've been a Revolut banking customer for 2+ years, how many times have your funds been frozen?","zero?

3?

It's helpful for the world to know.

If you're willing, please also state in the comments whether your account was personal, business, or both.

[View Poll](https://www.reddit.com/poll/1qpu2jn)",caseyallenpublic,8,0.9,57,2026-01-29 01:05:49,https://reddit.com/r/Revolut/comments/1qpu2jn/poll_if_youve_been_a_revolut_banking_customer_for/,Revolut,Reddit
1ozap8l,Revolut Suddenly Closed Both My 4 Years Personal &amp; Business Accounts With No Explanation,"Hi everyone,

I’m hoping anyone who has experienced something similar can help. Last Friday, I received an email from Revolut informing me that my personal account had been placed under review and that the process would typically take 7 to 10 working days. However, only about two hours later, I received another email saying that the review was complete and that all my funds had been released back to my account.

Almost immediately after that, I received message from Revolut said that both my personal and business accounts would be closed soon. There was no explanation. The message simply said that, after reviewing my account, Revolut is no longer able to offer me their services and has made the decision to close my accounts. There was no mention of any rule I violated or any specific issue they identified.

I contacted support straight away, but the responses so far have been extremely vague. They keep repeating that they cannot provide more details, which leaves me completely in the dark. I’ve been using Revolut since 2021 and have always tried to follow the rules. My personal account has only ever been used for everyday spending and transfers between my own accounts, occasionally to family and friends. I do not use Revolut for crypto. My business account has only been used for legitimate business transactions, receiving and sending payments between verified entities. I am on the Grow Plan for my business account and Premium for my personal account.

This sudden closure is having a serious impact on my business. All my direct debits and standing orders have been stopped, I can no longer receive payments, and it is causing confusion and disruption with my clients. The lack of transparency makes it even harder to explain the situation to anyone who relies on payments going through normally. I genuinely don’t understand what triggered this, especially after being a customer for several years without any issues.

I would really appreciate if someone could look into my case or provide some clarity. I’m not trying to dispute their right to close an account — I simply want to know what happened and how I can resolve it, because right now my business and reputation are being affected for reasons that haven’t been explained to me.

If anyone else has gone through something similar or has advice on what steps I can take next, I would be grateful.

Thank you.",Puzzleheaded-Age2514,16,0.7,79,2025-11-17 08:08:14,https://reddit.com/r/Revolut/comments/1ozap8l/revolut_suddenly_closed_both_my_4_years_personal/,Revolut,Reddit
1pk7fy2,"Revolut new ""Precious Metals"" cards","Just spotted new cards on Revolut today!

They're all 89.99€, I do wonder what's the difference with the standard metal cards.

From Belgium",Alexou_,59,0.89,59,2025-12-11 20:03:59,https://reddit.com/r/Revolut/comments/1pk7fy2/revolut_new_precious_metals_cards/,Revolut,Reddit
1kamypg,Do not use Revolut Pro for your freelancing activity,"I've been using Revolut Pro for over two years now. I only use this account to receive payments from my clients. I'm a self-employed freelancer, so there's no rule violation or whatsoever. I also have a Metal subscription. I've never had a problem until yesterday.

I received a fairly large payment from a customer (€13k), which was stuck in ""pending"". They asked me to prove the origin of the transfer, so I sent the invoice I had sent to my customer. I had no worries, because I once received a similar sum, and the payment was released within a few hours of providing the corresponding invoice.

Finally, after many messages to support (and their AI-generated messages), they told me that the payment had been refused and returned to sender for ""security reasons"" ???

So I find myself in the awkward position of having to explain to my new customer that my bank has refused his transfer. I'll never use Revolut Pro again.

TLDR: Do not use Revolut Pro if you have a serious freelance business.

EDIT: I decided to open a professional bank account in a reliable and local online bank. I cancelled my Metal subscription and withdrawn all funds I had there. I will only use Revolut for everyday expenses now. Seems like they are taking the path of ""enshittification"" just like Uber and many other companies that were great only for the first years.",ForsakenShow9779,163,0.91,97,2025-04-29 13:41:52,https://reddit.com/r/Revolut/comments/1kamypg/do_not_use_revolut_pro_for_your_freelancing/,Revolut,Reddit
1nop37m,"When you change country, Revolut forces you to close your account and open a new one","I’m a big fan of Revolut. I think in terms of features and usability is clearly better than all digital banks.

90% of my financial life runs through Revolut. I even subscribed the metal package.

I wanted to change the address associated to my bank account to the country I moved in (both countries have a Revolut branch) and it seems that the only solution is… close my bank account and open a new one.

It ends up being a contradiction, since both countries belong to the European Union and are therefore covered by the same directive.

I believe it is a technical glitch, which is still rather odd for a bank that is supposed to be at the forefront of technology.

Could it be that they are planning to implement a feature that allows this operation without having to close the account? People are increasingly living in mobility, so this kind of limitation doesn’t make much sense…",CamionistaLongoCurso,77,0.92,79,2025-09-23 19:21:08,https://reddit.com/r/Revolut/comments/1nop37m/when_you_change_country_revolut_forces_you_to/,Revolut,Reddit
1qi1kdc,Revolut just cut my savings interest rate with no notice and then gaslit me about it,"I have a PLN savings vault on a Metal plan. Until mid January the app clearly showed 4.5 percent interest. I have screenshots from the same day proving this.

Then I noticed my daily statement was applying only 3.5 percent.

Support says the 4.5 percent rate “expired” on 18 January and that a new lower rate applies from the 19th. Fine, rates change. The issue is they claim an email was sent to all customers and I never received anything, not inbox, not spam, nowhere.

When I asked for the date of the email or a copy of it, they flat out refused. They just kept repeating “we emailed everyone” and told me to check spam again. Meanwhile the app itself kept showing 4.5 percent even after the alleged expiry.

The best part, instead of giving proof, one agent switched to full empathy mode, thanking me for my patience and telling me they understand my feelings. It was basically a corporate version of calm down Sheila.

According to Revolut own terms, interest rate decreases require 30 days notice. Instead they dropped the rate immediately, showed the old rate in the app, and then acted like I was being unreasonable for asking for evidence of the communication they swear they sent.

I am not disputing that rates can change. I am disputing cutting them without notice and then refusing to show any proof while talking down to the customer.

Did anyone actually get this email? Or is this just how Revolut handles things now?",PatienceOtherwise551,60,0.79,46,2026-01-20 13:48:58,https://reddit.com/r/Revolut/comments/1qi1kdc/revolut_just_cut_my_savings_interest_rate_with_no/,Revolut,Reddit
1olkjrw,Revolut is completely mad and unreliable.,"Revolut, are you completely mad or what???

I have been a loyal Revolut customer for about a year now, currently on the Metal plan. I keep some savings in the account and use the card daily, including for all my subscriptions.

Last night, I received a notification that my account was blocked.

Brief background.  
I am Russian and legally reside in the EU.  
I had a D visa for a year, with which I registered my Revolut account. The visa expired in on August 2025.

In the app, there was a notification that I needed to upload new documents confirming my legal stay in the EU by February 2026. I couldn't upload them yet, since I hadn’t received my EU Blue Card.  
On October 27, 2025, I finally received the EU Blue Card and was planning to upload the document to Revolut in the next few days, but I wasn’t in a hurry, since the deadline was listed as February 2026.

On November 1, 2025, at 1 a.m., I received an email notification from Revolut with the following text:  
Hi, we need you to upload some documents in order to comply with the EU's 19th Sanctions Package, enforced from 24 October 2025.

**Exactly 3 minutes later**, I received the next email:  
According to the EU's 19th Sanctions Package, credit institutions are prohibited from providing payment or electronic money services to Russian and Belarusian nationals without one of the following:

* A valid temporary or permanent residence permit from an EU member state, a country that is a member of the EEA, or Switzerland
* Proof of nationality of an EU member state, a country that is a member of the EEA, or Switzerland

And that was it, my account is now in **Closure** status. I can only withdraw money, and **I cannot upload new documents.**

I immediately wrote in the support chat, which said an agent would connect within 20 minutes. All night, no one connected.  
I wrote in the chat again today, the agent will connect in an hour and a half, and there is a notification saying there are a high number of inquiries, please wait. Of course! If you just went and closed an enormous number of people’s accounts!

**This is just nonsense, Revolut, you can’t just go and close the accounts of hundreds of thousands of loyal customers, you instantly destroy the trust of millions!** This is not how a major bank should operate! This is the level of a small microloan company.

Send out a notification that a new law is coming into effect, give people time to upload documents (NOT 3 MINUTES!). Give time and the opportunity to those users who are still waiting for documents to contact you!

  


**UPD:** **The document upload function in the Revolut App started working on the evening of November 1. Many clients, including myself, were able to upload their documents, and the accounts were immediately unlocked.** The 24/7 support on the Metal plan did not contact me even once in the full 24 hours.

First, my complaint is not because this happened to me personally or because I am Russian. I understand why new sanctions are being introduced and know that I cannot influence this, even if I disagree with something. You just have to accept that you have the nationality of an aggressor country and therefore face additional new challenges in life, even if you disagree with the current regime in your country. I calmly accept the wave of hate towards Russians and try not to think about it; in the wonderful country of Germany, there are no problems with this.

Second, the problem in this situation is how Revolut applied these new changes and why in social media we do not see mentions of other European banks closing a large number of client accounts with certain national backgrounds after the introduction of the 19th EU sanctions package. Maybe Revolut just interpreted the sanctions provisions differently.

Revolut should have notified users before the sanctions package came into effect, given them time to upload documents, or offered the opportunity to contact the bank and inform them that their documents were still being prepared and what they should do next. None of this was done, and tens of thousands of users found themselves with blocked accounts in a single day without the ability to restore access, even if they had the necessary documents.

P.S. Many do not know this, but Revolut was founded by Russian entrepreneur Nikolay Storonsky and Vlad Yatsenko - a Ukrainian developer and former Deutsche Bank employee. A large part of the Revolut core team are Russian developers. Live with that.",mono-codes,9,0.53,85,2025-11-01 10:33:14,https://reddit.com/r/Revolut/comments/1olkjrw/revolut_is_completely_mad_and_unreliable/,Revolut,Reddit
1j4ukdd,Warning: do NOT use Revolut for your business.,"I've been using revolut for multiple years now, and since a year I've been using revolut pro for my business.

Usually I only do sales through a platform, who wire the funds of the sales to me. This week I did my first in person sale, and used Revolut for the payment. Now Revolut is holding the full sun (over €4k) hostage and are demanding proof of an in-person sale. Which is already quite hilarious to start with, since that means there barely is any proof possible. All proof that I did give them, they are refusing to accept.

So please do be advised, be careful when using revolut. I myself am already moving both my personal and business accounts away from Revolut after this.

Update: Revolut has now started to ignore me on their in-app support.",Kariia,169,0.84,110,2025-03-06 12:41:00,https://reddit.com/r/Revolut/comments/1j4ukdd/warning_do_not_use_revolut_for_your_business/,Revolut,Reddit
1lhn82o,Warning about r/Revolut,"
Without any notice, Revolut blocked my account with all my money. No explanation, no clear support — but they STILL CHARGE MY BLOCKED ACCOUNT for subscription fees.

Who really owns your money?

#Revolut #BlockedAccount #Fintech #ConsumerRights",kir_r,64,0.57,110,2025-06-22 13:55:38,https://reddit.com/r/Revolut/comments/1lhn82o/warning_about_rrevolut/,Revolut,Reddit
1nicn2w,Those on Premium or Metal -- have you ever successfully claimed on any of the insurance/compensation benefits offered by Revolut?,"Particularly interested in

- flight delay compensation
- insurance for flights/accommodation cancellation by me
- car insurance during travel abroad
- medical insurance during travel abroad
- insurance for flight delay/cancellation NOT by me

I was surprised (and not so surprised) to see I must pay with the Revolut card, but I'm not contesting it. Sadly, I missed out on quite a bit of insurance and compensations this year assuming it shouldn't matter given I am paying a monthly fee to Revolut and have evidence that I did pay and also travelled ... thoguh I'm curious to see if claiming with Revolut is actually successful.",johnfintech,45,0.92,85,2025-09-16 10:21:31,https://reddit.com/r/Revolut/comments/1nicn2w/those_on_premium_or_metal_have_you_ever/,Revolut,Reddit
1kf6lw7,Moving my main account and salary to revolut. Will be transferring about €40k. Will this be a problem?,"If I transfer my savings to revolut (€40000) will they lock my account and steal all my money due to ""KYC"" reasons? I'll also be moving my salary to revolut.

The €40k is  just savings from my salary and some stocks that I will be selling on another app.",oedo_808,33,0.74,139,2025-05-05 09:33:24,https://reddit.com/r/Revolut/comments/1kf6lw7/moving_my_main_account_and_salary_to_revolut_will/,Revolut,Reddit
1jcqrom,House sale - Revolut is Amazing,"I recently sold my house for 200k euros. I got the money on the Revolut account (mostly because my primary account in in CZK and I didn't want to mess with currency exchange) and as expected it was temporarily blocked because of antifraud checks. 
I provided the required information and the money was released in less than 30 minutes. 

Considering it was a foreign payment as well I couldn't be happier. ",Major-Ad-2846,274,0.88,75,2025-03-16 17:31:18,https://reddit.com/r/Revolut/comments/1jcqrom/house_sale_revolut_is_amazing/,Revolut,Reddit
1qt0xfv,How are people using Revolut for their salaries?,"When I signed up for Revolut, it explicitly mentioned that I cannot use it for Salary deposits. But I see many people do use it for this.

Is it based on location where I signed up for?

Edit - Maybe it is based on location, since the Revolut UK website says about Salary deposits (and features like Early Salary) but Revolut Japan does not mention it. (I signed up in Japan)",codealpha98,7,0.68,50,2026-02-01 15:10:33,https://reddit.com/r/Revolut/comments/1qt0xfv/how_are_people_using_revolut_for_their_salaries/,Revolut,Reddit
1pp32fl,Revolut Mobile Mis-Launch,"Wondering why Revolut are sending mails and notifications out like the below, if it’s not available yet. There seems to be a detachment between marketing and reality.

Anyone actually on it yet?

Their helping unhelpful on the subject and despite the above keep saying not available yet 🤔🤷‍♂️🤦‍♂️",No_Seat443,26,0.86,60,2025-12-17 17:50:12,https://reddit.com/r/Revolut/comments/1pp32fl/revolut_mobile_mislaunch/,Revolut,Reddit
1m8s5ae,"Why is this sub 90% complaints about bans and reviews, is Revolut overly cautious or just careless with account closures?","What's up with all these posts about account closures, accounts being put under review, frozen funds, etc.?

I know Reddit is probably the peak echo chamber for negative stuff, if Revolut has 50 million users globally and even 100 people complain on Reddit per day, that's still just 0.0002% of users.

But still, I can't help but notice the daily, often hourly complaints about accounts getting closed, apparently for no reason. Even if some of them are clearly telling a BS story and most likely did something suspicious or weird crypto stuff, I doubt all of them did. Even if it's just a small number of people, having 90% of posts on here be negative doesn't look great. I can go to for example the Amex subreddit and there's nowhere near this level of complaining going on or people talking about account closures etc.

Are people really having as many issues as it seems? Is Revolut really this trigger-happy with account closures? I get that it might be understandable since they just recently got their banking license and don’t want to risk immediately losing it over money laundering allegations—but still.",SnowMacaronss,39,0.74,104,2025-07-25 07:44:25,https://reddit.com/r/Revolut/comments/1m8s5ae/why_is_this_sub_90_complaints_about_bans_and/,Revolut,Reddit
1mnq1hq,Why is everything more expensive when paying with Revolut!?,"I've started to notice that every time I pay a subscription with Revolut, it is somehow more expensive. In this case, I have my Paypal account with my Revolut card and a bank account. This time it failed because I only keep the necessary money on my Revolut account, but you can see the price difference. This is not the first time, it's pretty much with every subscription. My main account is en Euro, I do have a USD account but I don't understand the need to convert to USD and then back to Euro",diewhilelive,120,0.78,73,2025-08-11 22:38:16,https://reddit.com/r/Revolut/comments/1mnq1hq/why_is_everything_more_expensive_when_paying_with/,Revolut,Reddit
1miyewp,Dutch Railway blocks Revolut virtual cards over fraud allowing people to travel for free,https://nltimes.nl/2025/08/05/ns-blocks-virtual-cards-3-providers-fraud-allowing-people-travel-free,Mundane_Cherry_2615,218,0.99,54,2025-08-06 08:42:32,https://reddit.com/r/Revolut/comments/1miyewp/dutch_railway_blocks_revolut_virtual_cards_over/,Revolut,Reddit
1mhfbec,ClassPass with Revolut Metal not working | anyone else?,"Hi,

i just got my revolut metal subscription started and wanted to use the classpass benefit (as it is clearly indicated in the app for me, that i have it).

I have a classpass account, so I chose the ""I have already an account""-Button on the Revolut ClassPass website. This redirected me to the chat... In the meantime I changed my email adress in Revolut because that is supposedly a requirement that both match (the one registered in class pass and the one reigstered in revolut)...

Now when chatting to the classpass support, they say that neither my old nor my current email that I had under my revolution account are eligible for the revolut metal classpass benefit.

I have chatted to Revolut support, which was very fast to help but they just said ""you are definitely eligible, have you checked with class pass"" and after i said I did, they answered that it then has to be a ""technical problem"" and that i should report a bug within the app and mention the problem in detail there...  
I did but i am certain that i will never hear back there.

Anyonewith a similar problem and if yes, have you gotten to a point that revolut  contacted classpass directly to double check on that elibility

thx gang &lt;3",True-Benefit-4856,7,0.9,109,2025-08-04 15:42:02,https://reddit.com/r/Revolut/comments/1mhfbec/classpass_with_revolut_metal_not_working_anyone/,Revolut,Reddit
1pvgb9r,Question about tax residency in Revolut,"Hello everyone and Merry Christmas! :)

I have a question:

To put it simply, I created my Revolut account in France when they set up their French subsidiary, so I have a French IBAN, etc.

Later, I moved to Bulgaria with my wife and we worked there, etc. I moved abroad legally and all my papers are in order. By that I mean I didn't do anything like becoming a digital nomad and saying “I'm not a tax resident anywhere.” I am a resident and a Bulgarian tax resident.

So I added my Bulgarian TIN number to Revolut and deleted the French one (I couldn't really delete it, but basically the number wasn't displayed, that's all).

However, I have a message on Revolut asking me for information about my tax residence. When I confirm my Bulgarian tax number and don't add my French one (because I no longer have anything to do with them, I have no French source of income, no apartment, nothing), they ask me to state why I am not a French tax resident. I have a choice of four options:

I am a student in this country: France.

I am a teacher, assistant, or intern in this country: France.

I am temporarily residing in this country: France.

I am a member of the diplomatic staff or a parent of a member of the diplomatic staff.

However, obviously, none of these options apply to me.

I am a Bulgarian tax resident, because I work there and live there, that's all.

Has anyone else been in this situation?

I don't see why I should choose one of these options because none of them apply to me. I contacted customer support and they asked me to delete the account and create a new one. However, that's not really a great solution, given that I'm “afraid” to transfer my entire balance to other accounts and have the money potentially get blocked (you know how physical banks are these days) or simply not be able to recreate a new account.

Thanks to all and wish you beautiful days for this end of 2025!

",AristoteOnassis,4,0.7,60,2025-12-25 16:01:05,https://reddit.com/r/Revolut/comments/1pvgb9r/question_about_tax_residency_in_revolut/,Revolut,Reddit
1mc1ysi,Revolut has locked me out of my funds,"I’m writing this out of complete frustration and desperation. Revolut has suddenly locked my account along with my first ever business income without any notice, explanation, or timeline for resolution. These funds are critical to the survival of my business, and now I’m completely stuck.

This wasn’t a suspicious transaction or a compliance issue that I’ve been made aware of. There was zero warning, and when I tried to contact support, I was met with what I can only describe as robotic, copy-paste responses. I’ve spoken to literally over 200 so-called “agents”, but it’s clear these are either AI bots or people trained to just repeat the same useless script.

I’ve filed five formal complaints, and reached out across every social media channel. The result? Silence. No updates. No answers. No timeframe. Just locked funds and a growing sense that Revolut is ignoring real human impacts behind its systems.

This is my first business income, and it’s been taken away without a shred of accountability.

Revolut markets itself as a modern banking solution, but right now, it feels like a black box with no transparency, no responsibility, and no human support.

If you’re thinking of using Revolut for your business think twice. This could happen to you, and there’s no one on the other end when it does.",Dangerous-Vehicle526,32,0.71,100,2025-07-29 05:22:06,https://reddit.com/r/Revolut/comments/1mc1ysi/revolut_has_locked_me_out_of_my_funds/,Revolut,Reddit
1ltqlz1,Disappointed by Revolut Ultra’s “Premium” Travel Insurance,"Hey everyone,

Just wanted to share my recent experience with Revolut Ultra’s travel insurance, in case anyone else is considering it…

**What Happened**  
• I had a serious medical emergency while traveling abroad—complete with a doctor’s “no-fly” certificate and hospital reports confirming the condition.  
• Because of that, my trip was interrupted: I needed to cancel and rebook flights several times, extend my hotel stay, rent a car to get to follow-up appointments, and even pick up prescription meds.  
• I submitted every bit of documentation — medical certificates, diagnostic scans, flight tickets &amp; cancellation proofs, accommodation receipts, bank statements, pharmacy slips, you name it. Twice.

**The Response**  
• After weeks of back-and-forth, I only got reimbursed for the very first hospital bill.  
• All the obvious, policy-covered costs (flight change fees, extra nights’ hotels, car hire, pharmacy bills) were rejected with shifting explanations.  
• Every time I asked for an update, they asked for the exact same files I’d already sent — no actual progress.

**Why I’m Sharing**  
• I pay extra every month for Ultra largely for that “best-in-class” travel cover… only to find out it may be more marketing than substance.  
• If you’re relying on this cover when abroad, make sure you have a backup plan — because XCover (the insurer behind it) might not come through when you really need them.",Foreign-Ad1537,204,0.97,61,2025-07-07 11:24:03,https://reddit.com/r/Revolut/comments/1ltqlz1/disappointed_by_revolut_ultras_premium_travel/,Revolut,Reddit
1np8ycz,Revolut banned cryptocurrency buying in Germany,Why did Revolut ban cryptocurrency buying in Germany? I've asked support and they didn't provide any specific law. What is the reason?,Vipon2,67,0.89,69,2025-09-24 11:52:23,https://reddit.com/r/Revolut/comments/1np8ycz/revolut_banned_cryptocurrency_buying_in_germany/,Revolut,Reddit
1kq0nhy,Revolut restricted my account,"I'm from Greece and I'm a customer since 2019 or 2020. 
The last 2 years I use metal plan subscription.

2 days ago, I received a mail from them, that my account is restricted, with no more information!

Since then I'm trying to have some information, but the answers are always generic, 1 to 18 days, we escalated to another department, they will inform you and so on. 

Tomorrow evening my lawyer will be in touch with them. I'm not gonna play their games and I don't have the time and patience.

I thought I was lucky after so many stories, but unfortunately it's my turn. I'm not gonna sit and wait WHEN they are gonna tell me WTF is going on!

Sorry Revolut, I was really happy with your services, but....",NickVti,52,0.78,113,2025-05-19 03:12:11,https://reddit.com/r/Revolut/comments/1kq0nhy/revolut_restricted_my_account/,Revolut,Reddit
1iunjhu,Is £77k in Revolut safe?," I have £77k in savings in a regular high-street bank at 3.07% AER interest. Revolut's savings account on the Ultra plan offers 5% AER, which seems much better than anything else I can find—even after factoring in the £55/month fee. Plus, I’d make use of many of the other benefits as well.

However, is it safe to deposit that much? The money will be transferred from an account in my name, and I have proof of its origin (from selling a property).

I’ve used Revolut for about 10 years now as a basic and Metal subscriber with no issues, but I’ve never held that much money in it before—hence the apprehension (max I held in there was about £22k)

Any thoughts would be appreciated! 
",NextMuffin,56,0.87,143,2025-02-21 10:06:16,https://reddit.com/r/Revolut/comments/1iunjhu/is_77k_in_revolut_safe/,Revolut,Reddit
1krqxnq,[Warning] Revolut’s “Spare Change” feature cost me £75 and gave back only a £25 gift card – feels like a scam,"I’m sharing this in the hope of warning others and seeing if anyone else has had a similar experience with Revolut.

Summary:
I used Revolut’s Spare Change feature, assuming it was a savings-style tool.

Between Jan and April 2025, £29.60 and €52.82 (around £75 total) was deducted via round-ups.

That money was silently converted into RevPoints, Revolut’s loyalty system, not held as cash.

All I could get from it was a £25 Just Eat gift card, leaving me around £50 out of pocket.

Revolut has refused to refund the rest or clearly explain the conversion rate.

What happened:
I only discovered this recently because the round-up deductions weren’t clearly shown in my transaction history until much later. When I finally checked, I saw that £75 of real money had gone into RevPoints—without any obvious warning or explanation about what those points were worth.

When I contacted Revolut, I asked for the remaining value to be refunded (after accounting for the gift card).

They offered only a partial refund (£7.72) and justified it by saying the RevPoints terms were available on their website and in the app. But at no point was it clearly stated in-app how much value I’d lose by using the Spare Change feature. I tried to cancel the gift card a few hours after buying it and was told that wasn’t possible either.

To me, this is incredibly misleading. Most people see “Spare Change” and reasonably assume it’s a savings feature. There’s no obvious or upfront communication about your real money being converted into a loyalty points system with poor value redemption.

Revolut's final response:
They stood by their decision, claiming that “it is important to make yourself familiar with all the terms” before using features like Spare Change. They insisted the conversion rate is fixed (but didn’t say what it actually is) and referred me to a generic help article.

My takeaway:
I genuinely feel misled—if not outright scammed. Revolut took £75 of my money and gave me £25 of real-world value in return. That’s a 66% loss, with no clear, upfront indication.

Be very careful with their “Spare Change” feature—it’s not a savings tool. It’s a way to funnel your money into a loyalty scheme with unclear and poor conversion value.

Edit to confirm requested detail: I am based in UK with a UK account",Alarmed-Worry5777,137,0.88,83,2025-05-21 07:18:53,https://reddit.com/r/Revolut/comments/1krqxnq/warning_revoluts_spare_change_feature_cost_me_75/,Revolut,Reddit
1l7qv56,Revolut withheld $60000 for a regular business transfer. Now they are closing our account.,"(We are a small business based in WA, USA, with a couple of creatives based in Hungary, selling custom candy produced by a German manufacturer — no crypto or shady dealings, like I commonly see in such posts.)

**TL;DR: Tried to save some money on an international B2B transfer for a production run. Checked in with support, did all the precautions, but our account still got locked. The production almost got delayed because of it, support was absolutely incompetent, and they said it could take 14 DAYS OR MORE until we can access the company funds. We lost about $2000 in the process. Finally, all went through, we were happy our account was finally OK and we could start using it normally... then they sent a notice saying THEY WOULD CLOSE OUR ACCOUNT WITHOUT ANY EXPLANATION.**

About 2 months ago, after receiving a quote of $2000 from our bank to transfer about €56,000 for a production run, we decided to look for other options. Since some of us have been happily using Revolut and Revolut Business, and after a quick initial calculation the fees seemed to come down to about $200 instead of $2000, we decided to go for it.

We did our research, saw the horror stories regarding poor support and accounts being frozen, but since pretty much every single one of these was somewhat related to crypto or stock-trading-related funds on personal accounts, not business accounts, we contacted support beforehand, detailed who we are and what we’re trying to do, and they told us everything would be fine. We even paid for the 2nd top tier Scale plan hoping they would treat us as premium clients. Sent an initial smaller transfer to see if everything would go through fine and how fast, then on a Friday morning, we wired the $60,000.

The account was locked. The notice said it normally takes 24 hours tops. When we checked in with support — since it was kind of an urgent matter — they said it would take an hour. A couple of hours later they said something along the lines of **3 hours**. Hours later they said **24 hours**, **1 business day**, **a couple of days**, **THEN THEY SAID IT MIGHT TAKE 14 DAYS OR MORE!!!**

So we’re sitting there during the weekend, sitting ducks. They tell us we cannot move our money back to our account, we cannot send the money to the manufacturer. It might be Monday, it might be next month. Now what?! Will the entire production run be delayed because of this? The manufacturer had been promised Monday at the latest, and they were only waiting for the funds to arrive to start production.

Meanwhile, during the whole process — from account creation to account lockdown — the Trump shenanigans were unfolding, the USD/EUR price dropped like 8%. Now, what would have been around a $200 transfer fee thanks to Revolut, ended up being pretty much the same $2000 we would have paid to our bank, so we were back to square one.

Long story short: after barely sleeping over the weekend, they unlocked our account Monday evening. We could redo the transfer that originally cost us about $200 for around $2200, so we managed to lose around $2000 and probably some hair in the process.

The obvious lesson learned here is not to initiate such a transfer on a Friday. Sure, the account checking process was actually 1 business day, which is acceptable. What's absolutely not acceptable though is the sheer incompetence shown by support. They definitely did more harm than good.

All that aside, we were happy all was good now. We probably weren't going to go through the same mess again, and we’d save a lot in the long run using Revolut. Not to mention we would be able to use Revolut pay for no-fee transfers to other Revolut Business accounts. We were also planning to replace Stripe card payments on our webshop with Revolut's solution.  
  
**About a week or so later, out of the blue, they sent us a notice that they’d terminate our account without any explanation.** When checking in with support trying to find something out, they said it was final and they were unable to provide further information... of course they were.",JeyTee84,109,0.85,85,2025-06-10 06:32:21,https://reddit.com/r/Revolut/comments/1l7qv56/revolut_withheld_60000_for_a_regular_business/,Revolut,Reddit
1mqy9hc,Revolut should be banned from handling crypto services.,"I’m starting a petition to demand that Revolut stop offering cryptocurrency services.
The way they currently operate is unacceptable. Revolut holds customers' funds hostage even after crypto transactions are fully confirmed and successful. There is no legitimate reason for users to be denied access to their money once a transaction is complete.
Their customer support is unresponsive, unreliable, and often relies on AI-generated messages that go in circles without resolving real issues. Phone support is just as poor with long delays and no real accountability.
This practice should be illegal. It's not just an inconvenience; it's a serious risk to consumers’ financial security.",lovely_Basil_7563,8,0.53,95,2025-08-15 14:44:22,https://reddit.com/r/Revolut/comments/1mqy9hc/revolut_should_be_banned_from_handling_crypto/,Revolut,Reddit
1ort0hc,Revolut stays scam,"Hi everyone,
I booked a hotel in Japan on November 4th through Revolut Stays and paid directly via the app. The booking shows as confirmed on Revolut’s side.

To be safe, I contacted the hotel’s reception to confirm my reservation but they told me they have no booking under my name. So I reached out to Revolut support and explained the situation.

Since then, support keeps telling me they’re “asking their booking partner to confirm the reservation” and that it will take 24–72 hours. But it’s now been over 96 hours, and they still tell me to just wait everyday.

I’m really worried because I’m traveling soon and I don’t want to arrive in Japan only to find out I have no room and nowhere to stay. 
Has anyone experienced something similar with Revolut Stays? How did it get resolved?

Update 1 : still no news about my booking i end up thinking i'll be sleeping in the street",leragan,24,0.68,61,2025-11-08 16:01:16,https://reddit.com/r/Revolut/comments/1ort0hc/revolut_stays_scam/,Revolut,Reddit
1mufwmw,"Compare exchange rates from Visa, Mastercard, Revolut, and Wise cards with this free Telegram bot and avoid overp","Hey everyone, I built a free Telegram bot that compares exchange rates from Visa, Mastercard, Revolut, and Wise so you can always know which card gives you the best change when paying in foreign currency.

The idea came up because there's no single card that is always the cheapest when paying abroad. Rates change every day, and checking each one manually is a hassle.

First time you use the bot, it only asks for your local currency (e.g. EUR). After that, you just type the transaction amount followed by the three letter acronym currency and it will show you the conversion instantly. It has a command to view all currency codes and a guide with practical information.

The bot is called ExchangeRateComparisonBot

Hope this tool helps you save some money when traveling or shopping online.

Heads up: Remember some banks add their own fees on top of Visa/Mastercard official rates. The bot shows the official ones, so always check your card's terms and conditions.",lumbanico,113,0.92,62,2025-08-19 12:36:23,https://reddit.com/r/Revolut/comments/1mufwmw/compare_exchange_rates_from_visa_mastercard/,Revolut,Reddit
1okqawg,Crypto in Revolut is bad,"Revolut has a decent exchange with revolut-x but stacking with them is really bad from my experience. Investing and the other features are fine, but please dont stack with them. For your sanity's sake. ",forsete4,64,0.76,54,2025-10-31 09:51:31,https://reddit.com/r/Revolut/comments/1okqawg/crypto_in_revolut_is_bad/,Revolut,Reddit
1qp8k3r,Please anyone reading this considering revolut business,"I have a legitimate business, paper trails, and we've started to do a bit of volume now.

Locked out of our account during the busy period.

No prior warning or email.

All funds locked, all cards locked, can't pay suppliers, advertising or even ship things out.

The review period can be up to 5 days, so beware you might be stuck for a week.

Their support, once you pass the supposed ""bot"", you get to a real human, which is just as useful as speaking to the bot. Canned responses are actually no help at all.

I have 2 personal accounts with Revolut, including 1 joint, and 3 business accounts with them. This is not the first time this has happened either, personally and business-wise.

If you're looking for a bank and are doing over say 100k a year in sales, I'd look somewhere else, honestly. Save yourself the stress. Never had this once with Starling, and you can actually call them for immediate help.

I know some will have had a positive experience, but trust me, it'll get you at some point if you're growing.

Moving all my accounts away after this experience.",Ok-Beginning-8077,21,0.86,40,2026-01-28 11:13:03,https://reddit.com/r/Revolut/comments/1qp8k3r/please_anyone_reading_this_considering_revolut/,Revolut,Reddit
1lh0y82,"Revolut terminated my account without reason, admitted it was their mistake, and still refused to compensate me properly","So, here’s my story with Revolut and why I honestly don’t recommend trusting them with anything important.

A couple of months ago, Revolut randomly restricted my account. I contacted support, and for weeks they kept giving me generic, copy-paste answers like “we’re reviewing your account,” “please be patient,” and “we can’t disclose details for security reasons.” It dragged on for so long that I literally couldn’t access my own money or use the services I was paying for.

Then suddenly — they closed my account completely. No reason given, no explanation, just a notification that said I could never use Revolut again. When I asked why, they basically just told me to go away.

After weeks of pressure and escalating to regulators, Revolut finally admitted that they closed my account by mistake. Their words, not mine. They reinstated my account and said, “Sorry for the inconvenience.”

But here’s the part that really got me — they thought that a couple of months of free Metal plan and €100 would somehow make up for completely locking me out of my own money, my services, and wasting my time. No compensation for lost time, no real apology, no explanation of how they plan to prevent it from happening again.

Even worse, they restricted my account AGAIN shortly after reopening it, without any explanation. I couldn’t access my funds, couldn’t use the services I was paying for, couldn’t even use the features of the Metal plan they gave me as “compensation.”

I asked for 12 months of Ultra plan as compensation instead of money, just to make up for everything and move on, and they still refused. They dragged things out, kept giving contradictory excuses, and now I’m taking the whole thing to court.

TL;DR:
	•	Revolut closed my account by mistake.
	•	They admitted it.
	•	Their “compensation” was a joke.
	•	They restricted my account AGAIN afterward.
	•	They don’t care.
	•	Legal action incoming.

If you’re using Revolut, don’t trust them as your primary bank. I never expected to fight a company for months just to get back what was rightfully mine.

Happy to answer questions if anyone wants to know more or is going through the same.",Illustrious_Front_66,51,0.82,93,2025-06-21 17:45:47,https://reddit.com/r/Revolut/comments/1lh0y82/revolut_terminated_my_account_without_reason/,Revolut,Reddit
1lsog6t,"Customer since 2019 and never had 1 issue, bad experience or difficulty with anything...Congratulations Revolut","Been a long standing customer, started out not favouring them as my main bank and just used for travel but with time I noticed everything is simpler and more efficient with Revolut. Only had positive experiences and great things to say about my experience. Fast simple easy and seamless.

Congratulations to you Revolut for innovating pushing boundaries and most of all an amazing product.",Fresh_Phrase_7086,122,0.9,70,2025-07-06 01:36:07,https://reddit.com/r/Revolut/comments/1lsog6t/customer_since_2019_and_never_had_1_issue_bad/,Revolut,Reddit
1qrnj2m,Pretty sure Revolut support is just bots pretending to be humans,"Has anyone else noticed that Revolut support feels almost entirely automated these days?

I’ve been trying to resolve a fairly straightforward issue, and all I’m getting are copy-paste replies, scripted steps, and chatbot loops. No clear answers, no real ownership of the case, and it’s nearly impossible to reach an actual human who can make decisions.

It honestly feels like:

* first layer: chatbot
* second layer: slightly smarter chatbot
* third layer: still scripted responses

Funny thing: every time I tell the “human agent” that they’re obviously a bot, they immediately insist they’re not. Every. Single. Time lol

Edit:

“I understand you'd like to speak with a manager. To ensure we make the best use of your time, I'd like to take a few more minutes to thoroughly review your case. Feel free to minimize the chat and continue using your device. You'll receive a notification as soon as I have an update (if you have in-app notifications enabled)

Thanks for your patience so far. The manager on duty is not currently available to take on your case as they are busy reviewing other cases. I can transfer you and you can wait for them to reach out when they are available or I can help you immediately. It’s totally up to you, so please let me know how you’d like to proceed.

I assure you I am an human. I am here to help you.

There is no resolution to the case as of now this is the reason it seems that the responses are same.

I know this is not the result you were looking for, and I’m sorry that we couldn’t find an alternative resolution. We’ve taken the time to review all potential avenues, but unfortunately, the outcome remains the same. I’m available to explain anything further if you wish, though the decision stands as final.”

These are exactly the same copy-paste messages I received yesterday and today. Generic templates, no concrete explanations, no accountability.

Btw, the last one doesn’t even make sense, because there was no decision to make. I asked them to fix a bug or transfer issue, which they failed to do. Instead, I only got generic template replies. There is no decision to make here.",reb3l6,21,0.81,39,2026-01-31 00:42:18,https://reddit.com/r/Revolut/comments/1qrnj2m/pretty_sure_revolut_support_is_just_bots/,Revolut,Reddit
1qizymn,How I got €1000 in fraudulent transactions back from Revolut in 48 hours,"I wanted to put in a good word for Revolut. If you search this sub, it’s mostly horror stories about unauthorized transactions and support chat limbo. It happened to me, and the chargeback happened within two business days.



***The Fraud***: Someone used my card details for 10 rapid-fire transactions to a merchant that looked like a hotel in the UAE. I’ve never been there, and I had my phone/card with me the whole time.

***My Experience***: many blog post and Reddit threads lean towards: ""Revolut will take 12 weeks for a chargeback and then deny it"". That didn't happen to me. I got my money back in 2 business days.



Here is how I reacted - shout out to an LLM partner for the legal consulting:

* Don't just use the in-app chat. I followed the app instructions to freeze the card and ""Report Fraud"".
* While the transactions were still ""Pending"" on Sunday, I sent an email to formalcomplaints@revolut.com. I specifically told them: ""These are pending. You have a duty to mitigate loss. If you let these settle after I've notified you, the liability is 100% yours.""
* The Legal Jargon (PSD2): I cited Article 73 of the Payment Services Directive (PSD2). In the EU/NL, if you didn't approve the payment via biometrics or a push notification (Strong Customer Authentication) - I obviously did not - the bank is legally required to refund you immediately unless they can prove ""gross negligence.""
* Since I’m in the Netherlands, I explicitly stated that if I didn't get a Final Response in 15 days, I would escalate to Kifid (Dutch financial tribunal) and the Bank of Lithuania (their primary regulator).



The Result:

* Saturday evening: Fraud happened; I sent the formal emails + screenshots of the ""Pending"" status.
* Monday: The transactions settled (turned from ""Pending"" to ""Completed""). I thought I was doomed.
* Tuesday morning: I got an email: ""After careful investigation, these transactions are eligible for refund."" The full €1k was back in my account an hour later.



My advice if this happens to you:

* Move fast while it’s ""Pending."" Take a screenshot of that status. It’s your proof they had a chance to stop it.
* File the in-app report but immediately send a Formal Complaint via email. It triggers a 15-day legal deadline that they can't ignore.

Don't despair. In my case, they were fast and professional.

  
Just wanted to share a happy ending story! :)",hdmibrownboard,75,0.92,32,2026-01-21 14:53:45,https://reddit.com/r/Revolut/comments/1qizymn/how_i_got_1000_in_fraudulent_transactions_back/,Revolut,Reddit
1m4krfv,Revolut Metal in everyday use,"After a few months of using the Revolut Metal plan, I think it's time to share a few thoughts and insights that might help others considering the upgrade. This is my personal experience using Revolut on a regular basis.

**Cards**

[The first thing you notice is the card itself - real metal, noticeably heavier, sleek and premium-looking. It’s not essential, of course, but it does leave a strong impression.](https://preview.redd.it/92cb9hu6rzdf1.jpg?width=1760&amp;format=pjpg&amp;auto=webp&amp;s=2da2a3c9c3d4b72991b30b18bae8cdb120e82fe1)

One of the features I use regularly is the unlimited disposable virtual cards. These are ideal for shopping on unknown or untrusted websites. The card auto-deactivates after one use, so there's no risk of card details being reused or compromised. A simple but powerful security feature.

**Cash withdrawals**

With Metal, you get up to €870 in free ATM withdrawals per month. While I rarely use cash these days (mainly for cafés and bakeries because it's Croatia), having the option to withdraw from any ATM without fees is incredibly useful in urgent situations - no need to hunt for my own bank's ATM.

**RevPoints &amp; Miles**

Revolut Metal gives you 1 RevPoint for every €2 spent with your card. These points can be exchanged for airline miles at a 1:1 ratio - 500 points equals 500 miles. If you use Revolut regularly for payments, the points accumulate faster than you’d expect.

[Sometimes there are limited-time promotions offering boosted point rewards. For example, there was a recent promo for WizzAir purchases where you could earn 10x the points.](https://preview.redd.it/lgkkfbszrzdf1.jpg?width=1290&amp;format=pjpg&amp;auto=webp&amp;s=09b67d2bbdfe4c199886922efdfbdb6e320e8481)

With consistent spending, it’s possible to gather enough points over time to reduce your flight costs significantly, or even cover full ticket prices.

**SEPA payments - limited use in Croatia**

Free SEPA payments are a solid benefit in general, but there are some practical limitations in Croatia. Specifically, Revolut doesn’t support 2D barcodes for bill payments, and payment fields must be filled in manually. While manageable, it’s far less convenient than local mobile banking solutions. Worth keeping in mind if you plan to use Revolut as your main bank.

**Included subscriptions - real added value**

One pleasant surprise was the inclusion of some premium subscriptions within the Metal plan. Personally, I use Wolt+, NordVPN, PicsArt, and Perplexity - all included with no extra cost.

https://preview.redd.it/gjk6s9ljtzdf1.jpg?width=1028&amp;format=pjpg&amp;auto=webp&amp;s=a0c28686175c7faa9a034ea565f57d829e700242

Additionally, the Metal plan includes access to certain digital publications such as The Financial Times, which is a nice bonus if you're into global finance and news.

**Travel - lounges and insurance**

If you fly often, the Metal plan gives you discounted airport lounge access - just €29 per visit. Considering standard lounge access often costs €45-€70 or more, this isn’t just a minor perk, but a significant saving if you value comfort during travel.

https://preview.redd.it/ngi0pqz4uzdf1.jpg?width=1042&amp;format=pjpg&amp;auto=webp&amp;s=8239fd6d41bca7bb4c2fc517a1457bbb223f6da4

You can now finally cover part of the lounge access cost with RevPoints. Really nice touch.

Travel insurance is provided through [XCover](https://www.xcover.com/en), which some users might not recognize at first. But it’s worth noting that XCover partners with major brands like [Booking.com](http://Booking.com), Ryanair, Amazon, and eBay, which shows they’re a trusted provider.

Coverage includes medical emergencies abroad, baggage delays, and even emergency dental treatment - all accessible directly through the app.

**Customer support**

Revolut's support has improved noticeably in recent months. It’s not perfect, and you do need a bit of patience, but most of my issues have been resolved effectively. The response time is decent, and the tone is more human than it used to be. Overall, definitely a step forward.

  
**Final thoughts**

Finally, Revolut Metal is worth considering if you use your Revolut card actively, travel occasionally, withdraw cash now and then, and want bonus features like subscriptions and travel insurance.



Have you ever used a paid plan on Revolut or elsewhere? Curious to hear what your experience was like - what worked, what didn’t :)

*Full post available on the new wiki page* [*here*](https://www.reddit.com/r/Revolut/wiki/review/paskatulas/) *(visible on desktop).*",paskatulas,76,0.9,77,2025-07-20 10:31:02,https://reddit.com/r/Revolut/comments/1m4krfv/revolut_metal_in_everyday_use/,Revolut,Reddit
1nrfowp,Revolut Ultra - Hotel booking through Revolut Stays cancelled my reservation and now I am stranded on the streets of NYC,"I am an ultra member and user of Revolut for any type of card payment.

I had an upcoming trip to US and I made my bookings through Revolut Stays.

First hotel I chose I was able to pay and it got confirmed as booked. Shortly after, I received messages from Revolut Ultra saying that it was a mistake and that reservation cannot be fulfilled as the hotel is already sold out. No issues, they provided few alternatives to chose from, which I did.

With the new hotel, I even called right away to confirm my booking.

Big surprise when I got to the hotel, they do not see any reservation under my name. ( ???? )

I asked the receptionist to check if there was a reservation before, under my name, as I confirmed previously with the hotel and all appeared in order.

Guess what, it was, but the 3rd party who booked it ( Revolut in this case ) cancelled it few days ago. They did it without announcing it via chat, e-mail or whatever.

And now, I am stranded in u/NYC with 6 luggages after me, hoping this is getting solved asap. It has been 1 hour since I am loosing time on the streets.

Will keep this thread updated with how everything is going..

**UPDATE 07.10 : I received the reimbursement. It's less than my calculation with about 150 Euros. I asked about it, they mentioned some RevPoints being involved as well. I wait for the reimbursement breakdown explanation.**",Unusual_Ad_5962,128,0.95,49,2025-09-27 00:03:46,https://reddit.com/r/Revolut/comments/1nrfowp/revolut_ultra_hotel_booking_through_revolut_stays/,Revolut,Reddit
1qplsrf,"€2,000 international transfer stuck for 2 months with Revolut (no resolution yet)","I’m sharing this to warn others and to see if anyone has successfully resolved a similar situation.
I sent an international transfer of €2,000 via Revolut, and it has now been over two months without the recipient receiving the funds or the money being returned to me.

Timeline:
- I sent International transfer but did not reach the recipient. (The beneficiary bank said the fund is sent with a different currency of the recipient, so they rejected the fund and sent it back)
- Revolut initially, for no good reason, sent the money back to the beneficiary bank, who sent it back agian.
- I requested ""locate the fund"" and clarification on where the funds are held. Unfortunately, got no resolution. 
- As of now, the funds are still unaccounted for, with no clear resolution timeline.

What concerns me:
2 months is far beyond normal processing times. Furthermore, support responses have been vague and repetitive.

I have not received a clear answer on which bank currently holds the funds (Revolut, intermediary, or recipient bank)
Throughout this process, support through chat repeatedly says things like “your case is high priority,” “we are handling this with urgency,” and “we’ll resolve it as soon as possible.”
However, these statements have not been followed by any concrete action, updates, or timelines, and the situation has remained unchanged for weeks.

To be fair, Revolut works well when everything goes smoothly. However, this experience has shown that when something goes wrong, problem resolution can be extremely difficult, with long delays and little transparency.

Because of that, I want to warn others:
If you can afford or accept the risk of a transaction being delayed for months, Revolut may be fine.

If you cannot afford a 2-month delay or uncertainty about where your money is, you may want to consider another provider or method, especially for international transfers.
I’ve opened a formal complaint, but no reply yet.

Posting this for awareness and to ask:
Has anyone had an international transfer stuck this long?
Did escalation (complaint / ombudsman) help?
Any practical advice on getting this resolved?",Norwigy,23,0.78,38,2026-01-28 19:45:21,https://reddit.com/r/Revolut/comments/1qplsrf/2000_international_transfer_stuck_for_2_months/,Revolut,Reddit
1lziueo,Revolut account under review for more than 7 days,"So Revolut said my account is under review on the 7th July and said it will take 3 hours, next it said 7 days. And now it still hasn’t been resolved and they do not say what is the reason just that this is standard?? Has anyone else had this because I don’t know what to do, all my assets are frozen and they do not give me an update ",loveat420am,21,0.77,94,2025-07-14 11:28:14,https://reddit.com/r/Revolut/comments/1lziueo/revolut_account_under_review_for_more_than_7_days/,Revolut,Reddit
1ok80rm,Revolut blocked my account,"About two months ago, Revolut blocked my account.  
No warning, no email, no message in the app. One day my payment was simply declined in a store, and when I contacted support, they told me, “We’re reviewing your account.” If I hadn’t reached out, I probably wouldn’t have known anything. Maybe that’s normal — I don’t know.

After that, complete silence. Each time I asked, either AI or human support just replied, “Please wait, we’re reviewing your account. Thank you for your patience.”

For context — yes, I used P2P transfers. Is that forbidden? Maybe that’s something Revolut doesn’t like; I can understand that.

Later, I received two “tests” in the app, which I completed. Right after that, I got a message asking me to explain the source of my funds. I explained everything clearly and never got any follow-up questions or document requests.

Then again — silence. Some support agents told me my account was being closed, while others said that wasn’t true and that the review was still ongoing. All of this happened in the same chat. Meanwhile, I never got a single notification or email about the process.

And now —  
**“Your account will be closed soon.”**

I’m not here to discourage anyone from using Revolut or to promote any alternative. Just sharing my experience.

Am I disappointed? Yes.",Powerful-Duck-6159,42,0.76,56,2025-10-30 18:43:26,https://reddit.com/r/Revolut/comments/1ok80rm/revolut_blocked_my_account/,Revolut,Reddit
1p09fht,safe to use revolut?,"Hey! So I basically recently subscribed to the Metal plan in Germany and I've read lots of negative things about Revolut, I wanted to ask if there could be any possible problems in the future because I keep transferring my spending money from my Deutsche Bank account to my Revolut account as I get all my money transferred or deposited on there?",Amazing-Breadfruit56,5,0.65,58,2025-11-18 11:24:41,https://reddit.com/r/Revolut/comments/1p09fht/safe_to_use_revolut/,Revolut,Reddit
1q13s7f,Revolut app crashes on ios 26.2,"I have downloaded Revolut on my ios 26 iPhone and when I was choosing the country I live in it crashes, as I try to open it again goes to the selection of country and crashes again, over and over again. I went to see if I have an ios update and it was, but with no luck still does it after the update. I have tried to reopen the phone, clear cache, reinstall the app, nothing.",Lopsided-King-9346,11,0.93,44,2026-01-01 13:05:42,https://reddit.com/r/Revolut/comments/1q13s7f/revolut_app_crashes_on_ios_262/,Revolut,Reddit
1pw5cu3,Revolut account restricted for over 100 days,"Hi there,

So I've been restricted from my revolut account after like 6 years of no issues using it.

I mainly use it as means to purchase things and subscriptions with visa/mastercard.

I used to contact them daily, then weekly, then monthly, and now am starting to give up.

There's still over 800 euro on my account that I can't access, multiple subscriptions were linked to my revolut which got terminated. I had to jump through hoops to manage all the finances since revolut basically locked me out of my money.

Service sadly doesnt help, and they keep telling me the same general story, that it's a standard check and they're working on it as fast as possible and for me to be patient.

I have never had any bank have standard procedures lock me out of my account for months in a row.

I have complied twice with them asking for info like my occupation and earning, and yes, they sent me the same request twice for the same information. Which i entered in the revolut app.

When I got upset today I said I was fed with the same useless general reply, the service then asked me to be professional and indirectly threatened this negativly effects the outcome, I just broke down.

I'm starting to doubt I'm ever getting back my account or my money.

It's too little money to start a legal case over, but enough that it hurts to just have to give it up.

But after months of this I decided, I rather have my account terminated then my money back. I just want to close this chapter of frustration and leave it behind me.

Is there any way I can force my account closed? Because service says it can only be closed after the restriction they put on is removed.

Thanks in advance

———

\*\*UPDATE\*\* 22-01-2025

Finally got my access back, no message in the app, no email, I just wasn’t restricted anymore suddenly..",mrdikkens,23,0.85,43,2025-12-26 14:19:19,https://reddit.com/r/Revolut/comments/1pw5cu3/revolut_account_restricted_for_over_100_days/,Revolut,Reddit
1nqy1u3,Is Revolut good and safe for receiving large transfers,"I’m expected to receive around £25k GBP within the next couple weeks and was wondering has anyone else used Revolut for these sort of transactions? fully legit and can provide info but just hesitant incase they close my account or any problems happen. just want to see if anyone else has had around the same or bigger transfers received on Revolut. ive been using revolut for around 3/4 years now

ps i know its best for a “local” bank and not an online one but i use my revolut for near enough everything and would be much more handier.",EasyHighlight4480,11,0.68,70,2025-09-26 11:44:50,https://reddit.com/r/Revolut/comments/1nqy1u3/is_revolut_good_and_safe_for_receiving_large/,Revolut,Reddit
1o37cgt,Why does Revolut require the recepient's address for bank transfers when it is not really needed?,"For every bank transfer that I try to make to a business Revolut requres the address of the recipient, claiming that they are required to collect the address. This is a lie. Regular banks in Bulgaria don't ask for an address and most businesses don't list it with the payment information.

Is there any way around this? It is really limiting my use of the bank free transfers that Revolut offers.",HuckleberryUpbeat518,15,0.73,64,2025-10-10 18:29:59,https://reddit.com/r/Revolut/comments/1o37cgt/why_does_revolut_require_the_recepients_address/,Revolut,Reddit
1qreg26,Is Revolut a good place for investing?,"Hello folks, 
I am relatively new to the world of investing. I wanted to start investing in ETFs and my question is if this platform is a good one for this purpose, or if revolut is used better as a personal bank account.",Patreezer,2,0.63,37,2026-01-30 18:55:56,https://reddit.com/r/Revolut/comments/1qreg26/is_revolut_a_good_place_for_investing/,Revolut,Reddit
1m1d8mr,Is there any real alternative to Revolut?,"Hey everyone, my Revolut account was closed down this month and I’m searching for a good alternative as I’m tired to fight their decision. 

The main features I’m looking for is to be able to have vaults, as I like to organize my money for various reasons. Potentially a program like RevPoints or a cash back scheme, a deposit account with interest, and a favorable exchange rate between currencies for when I’m traveling. 

I’m located in Cyprus, so N26 and Openbank are not available options for me. I currently downloaded Wise, which is great for the exchange rates and transfers when I travel but it lacks in my other needs. Before anybody says for me to stick to a local bank, I just don’t trust them (search up the 2012-13 Cyprus Banking crisis if you’re curious ) and their fees are crazy. 

Is there any other suggestion somebody might have? 


Edit: Thank you all for the suggestions!! As I’ve gathered most responses were Wise, Bunq and some others. I will definitely check all of them out, and appreciate everyone’s input. ",polinabol,32,0.8,82,2025-07-16 14:55:59,https://reddit.com/r/Revolut/comments/1m1d8mr/is_there_any_real_alternative_to_revolut/,Revolut,Reddit
1o6oxwi,Revolut Suspended my Account,"Had an email &amp; in app notification that my Revolut was suspended.

Stating: “As a regulated financial institution, we're sometimes required to perform reviews of customer accounts. While this review is taking place, we've had to set aside some of your funds.
You won't be able to transfer, spend, or withdraw these funds.”

They’ve frozen all of my money around £6,000. Leaving me with £0. I have documentation for all my funds and have provided this previously, now I’m left with no access to my funds to spend on anything. Not sure what to do

Has anyone had similar experiences? I’m a paying Ultra customer having to deal with customer services giving me 0 insight.
",ImyCyt,27,0.83,59,2025-10-14 20:20:05,https://reddit.com/r/Revolut/comments/1o6oxwi/revolut_suspended_my_account/,Revolut,Reddit
1pnyop4,Revolut fraud report €5K,"Filed a fraud report yesterday, on account of paying for a service I never got. The progress of the report says attempting to recover funds. Does this mean the beneficiary bank has authorised for money to be returned?",encrypted333,53,0.92,38,2025-12-16 10:31:15,https://reddit.com/r/Revolut/comments/1pnyop4/revolut_fraud_report_5k/,Revolut,Reddit
1pjv8pp,"Made a transfer, Revolut has frozen it for almost a day and support just ignores me. What to do ?","Made a transfer, Revolut has frozen it for almost a day and support just ignores me. What to do ?",Alex_DreamMaker,13,0.74,47,2025-12-11 11:29:13,https://reddit.com/r/Revolut/comments/1pjv8pp/made_a_transfer_revolut_has_frozen_it_for_almost/,Revolut,Reddit
1q46syp,Revolut imposing unfair crypto limits for withdrawals to my own cold wallet,"https://preview.redd.it/veuod9yyefbg1.png?width=725&amp;format=png&amp;auto=webp&amp;s=41bad271a7a3186e9932562371f845b77b0e157e

Hi,  
A post to share my experience and inform those doing crypto on Revolut, that the €300,000/day and €1,200,000/month withdrawal limits that you see in the app, can be very misleading and in certain cases, cause you great troubles.  
I've made plans while taking into account these limits, because I somewhat trusted Revolut **before**, now my plans are completely screwed. They block withdrawals that are somewhat more than €1,000 worth I guess, and torture you with tons of questions and endless procedures. They also temporarily blocked my account. It took me huge patience and motivation to persuade them to allow me withdraw **MY ASSETS** to **MY OWN** cold wallet. Been treated like a ""silly child being scammed by an evil scammer"" for hours, goddam it!  
For some small amounts they should be fine, but don't do the mistake I did. Been their customer for more than 3 years now, was holding a significant amount of my savings with them, and then they backstab me like this.  
They now put ridiculously low limits to my ETH withdrawals, as per screenshots. So those of you looking to withdraw digital assets from Revolut, be warned: prepare it all in advance and don't trust their advertised limits. Arm yourself with tons of patience and availability to go through endless checks, questions, silly selfies, etc, you know it.  
Good luck

**UPDATE**:  They told me the €2300/day and €11500/month ETH-&gt;Ledger limit is system-imposed and out of human control. It shall evolve with time (completely unknown duration) according to my account usage and some other unknown to myself parameters. I can cope with this very unfair temporary limit, yet I'm not convinced they can't manually lift/increase this limit. And if true, I see absolutely no reason why, given enough proof by the user, wouldn't they create the option of manually lifting these unfair limits.",Gebeleizis_,17,0.64,39,2026-01-05 00:35:49,https://reddit.com/r/Revolut/comments/1q46syp/revolut_imposing_unfair_crypto_limits_for/,Revolut,Reddit
1jorow5,What happens when Revolut blocks your money/account/funds? Here is my experience.,"If you're reading this post, then your probably going through a lot of emotional distress. I've personally gone through that and I hope this post will help you. 

I've read about a lot of people or businesses complaining about their Revolut accounts being restricted out of nowhere. 

But, none of those posts actually tells you what happens after. 

Let me first tell you one thing: do not panic, your story will end up well, Revolut cannot keep your funds for more than 120 days or so. They are not gone forever.

We are a business and they blocked us around 50'000€ transaction, but we eventually recovered them. 

Here is my recipe to make things go well:

1. Be always polite even though it's hard, getting mad will lead to no more answers by the chat;

2. Even though the chat should be open 24/7, it is not so, expect a usual bank working time slot, so no weekends and 9-5;

3. Try to contact the physical person you spoke to to open your account if any, to politely complain;

4. Try to give all the documentation they require and justify what you cannot provide;

5. If they do not require any more documentation but your account is still blocked, then expect to see your account fully banned in a month or so;

6. Once banned, you finally have a time frame, you will be required to wait 90 days and eventually you will be able to withdraw;

7. The nightmare ends!

P.S. You might have high amounts of money blocked and you might feel anxious for a lack of liquidity, here is an extra step you might find useful: 

8. Go to a bank, any physical bank near you, where you might have other accounts, explain the situation, take with you the proofs of the messages where you show your money will be released in 90 days and ask for a small line of credit of 6 months or so. This saved our business. Morever, usually lines of credit for small amounts and for brief periods of time are almost free in terms of interests. 
 ",Relevant-Emu-5124,178,0.94,67,2025-04-01 10:46:02,https://reddit.com/r/Revolut/comments/1jorow5/what_happens_when_revolut_blocks_your/,Revolut,Reddit
1mq0a4t,Please help me - Sent $10k USDC from base to Revolut,"Just wanted to start this by saying I am new to crypto. A relative of mine showed me a coin and helped me invest in it. I have little idea of what I'm doing.

Just over 3 months ago, I sent nearly $10k in USDC from Base (via Rainbow wallet) to Revolut, assuming that they would support such a big network. I have since learned that this is not the case.

$10,000 is life-changing money for me and my family, so you can imagine how defeated I feel. Shortly after the transaction was sent, and I didn't see the money in my Revolut, I panicked. Revolut was contacted immediately, and told me things like ""We can only send the money back to the sending address"" and ""Yes, it's absolutely possible"", making me believe that it would be returned promptly.

Here we are 3 months later, with multiple follow-ups on my part, and there's still no update or timeframe from them. I haven't slept well in the past few months, and I've made them aware of the strain this is putting on me, yet they've still left me in the dark. This is crazy to me.

I'm not really sure what to do at this point, but I've read of some people in very similar situations getting their money back. I'm hoping for the same result, and soon.

Anyways, guidance on what to do or general reassurance would be greatly appreciated.",NoMarionberry5909,0,0.44,81,2025-08-14 14:11:35,https://reddit.com/r/Revolut/comments/1mq0a4t/please_help_me_sent_10k_usdc_from_base_to_revolut/,Revolut,Reddit
1objvmi,"Revolut froze my wife’s account for 5 months, we can’t withdraw €2000 and get no real help","Hi everyone,
I really need some advice or to know if anyone has gone through something similar.

My wife’s Revolut account was frozen without any explanation. We’ve been trying to solve the issue for 4 months. She provided all the required documents, but nothing changed.

Then, 10 days ago, her account got blocked completely, and Revolut told her to withdraw her funds. She tried making two test transfers of €10 and €50 to see if withdrawals work. Both transactions are still stuck with the status “in review.”

So now it’s been almost 5 months in total, and we still can’t withdraw more than €2000 from her account. Revolut doesn’t reply to emails, and the in-app chat support only gives generic, copy-paste answers with no timelines or solutions.

We honestly don’t know what to do anymore. It feels like they just took our money. My wife legally works in Cyprus, receives her salary into a Bank of Cyprus account, and has never done anything suspicious — no crypto, no transfers to strangers, nothing. Just a sudden freeze and funds being held for no reason.

Has anyone faced something like this? What can we even do in this situation? It’s been awful, and I genuinely wouldn’t recommend using Revolut as your main bank account. It’s too risky. They can block your money anytime and offer no real help to resolve it.",rromax,52,0.91,50,2025-10-20 15:06:39,https://reddit.com/r/Revolut/comments/1objvmi/revolut_froze_my_wifes_account_for_5_months_we/,Revolut,Reddit
1okvam0,Revolut A.l deleted my account without my permission,"So Portugal just got its own IBAN number on revolut and i already had an account on revolut with a Lithuanian IBAN. I got an email to get the Portuguese one and so I did. Got the 2 and wanted to get rid of the Lithuanian IBAN but keep the Portuguese one. So I contacted support and I only had access to the A.I one so I told it to close the Lithuanian one and so it told me to click a (*censured*). That (*censured*) didn't close only the one I told it IT CLOSED MY WHOLE ACCOUNT.... So I emailed revolut and of course I got the generic answer that my account was deleted and I had to make a new one, without acknowledging the fact that they fucked up. The A.I told me that if I clicked it it would close Lithuanian one... Lesson here is never use A.l crap that companies impose on you. Always talk to a person",Acee77,54,0.87,46,2025-10-31 13:56:31,https://reddit.com/r/Revolut/comments/1okvam0/revolut_al_deleted_my_account_without_my/,Revolut,Reddit
1lrmn2m,A serious warning about Revolut support. AVOID.,"I cannot stress this enough, if you want a bank you can actually trust with your money, do not use Revolut.

Their support is absolutely useless. It's got me wondering if they've replaced all their staff with the world's worst AI, or just people who are trained to do nothing but copy and paste from a script without reading what you've actually written.

If you have a problem that stops you from using the app, you get forced into this awful email support system. They take 48 hours to reply to your message, and then you just get drip-fed replies from someone who is clearly just quoting their help articles back at you. They don't bother to actually read your messages or understand the problem.

It gets worse. They can't look at videos, they barely seem to look at photos, and they have no secure way for you to even send them information. The most ridiculous part is I don't think the support team have ever even used the app. They asked me to ""take a screenshot of the app"", which anyone who uses it knows you can't do because of their own security features... Or they ask you to do things that quite literally dont exist on the app or seem to forget that the issue in the first place was logging in. Then when you manage to send them photos, you just get a reply saying ""we cannot understand things from this screenshots"".

To top it all off, the last agent I spoke to clearly couldn't speak English very well and it was obvious they had no idea what I was saying.

A bank can have all the fancy features in the world, but if you can't get proper support when something goes wrong with your money, it's not a bank you can trust. Avoid them at all costs.

Do not trust their marketing team on Reddit who are trained to respond, its their marketing that is braindead and will leave you high and dry.",doubleupgaming,66,0.75,71,2025-07-04 17:14:13,https://reddit.com/r/Revolut/comments/1lrmn2m/a_serious_warning_about_revolut_support_avoid/,Revolut,Reddit
1l83twd,Revolut account restricted,My Revolut account has been restricted and I have received no reason for this can someone please help ,Sonnycurran123,16,0.61,92,2025-06-10 17:53:00,https://reddit.com/r/Revolut/comments/1l83twd/revolut_account_restricted/,Revolut,Reddit
1m5bfh2,Absurd fees with Revolut Ultra when withdrawing from ATMs in Spain — does anyone know why?,"Hello everyone!

I recently spent a few days in Spain and came across a rather unexpected situation when trying to withdraw a small amount (€20) from an ATM. I’m sharing it here to see if anyone has an explanation or similar experience.

Here’s what happened:

	•	I used a Revolut Ultra card (account based in Portugal) to withdraw €20 from a Santander ATM, and a message appeared stating that I would be charged a €7 fee if I proceeded with the transaction.

	•	I tried again at another ATM, this time from the Euronet network, and it warned me of a €5 fee.

	•	Considering these fees to be quite steep, I decided to test my Portuguese bank card (BCP Millennium) at the Santander ATM. To my surprise, the withdrawal fee shown was only €2.75, much lower than the €7 fee with Revolut Ultra.

So, using the Revolut Ultra card to withdraw cash outside my country of residence (but still within the eurozone) resulted in disproportionately high fees — especially when compared to a traditional Portuguese bank card.
Does anyone know why the charges are so high when using Revolut Ultra for withdrawals abroad in the Euro area? Is there anything I can do to avoid these fees, or is it simply a limitation of using this type of fintech card?",dellssa,6,0.57,84,2025-07-21 07:23:11,https://reddit.com/r/Revolut/comments/1m5bfh2/absurd_fees_with_revolut_ultra_when_withdrawing/,Revolut,Reddit
1ljpsge,Money locked up in REVOLUT since June 5 - at a complete loss and facing eviction,"At first said they had to do an account review which was “completed” 6.13 but resulted in the need for a “further review” which would supposedly last only 7 days but they’ve been completely radio silent since then with the exception of VERY slow responses to my chats begging for access to MY FUNDS transferred from MY ACCOUNT under MY NAME at a different bank. This is insane and despite my willingness to work with them throughout they refuse to give any sense of timing and just say “wait gondolas” I am about to be evicted because I am so late to pay rent (3+ weeks!). 

Any advice?! 🙏🙏",SheepherderSome9302,89,0.9,68,2025-06-25 00:01:34,https://reddit.com/r/Revolut/comments/1ljpsge/money_locked_up_in_revolut_since_june_5_at_a/,Revolut,Reddit
1j6jrzo,Update: Warning: do NOT use Revolut for your business.,"First off, it's been nice to hear your experiences with revolut, both the positive and negative ones.  
  
Second off, I would like to say that, while Revolut has made **some** steps in the right direction, they sadly are still unable to offer any actual help, this includes u/Revolutsupport and their in-app chat, with all of them being unable to process a simple one line of text.

I've contacted multiple media outlets, and have been contacted by some to share my story with Revolut. Despite trying to push Revolut to actually talk to me in regards to this, and prefent this outcome, they are keen on refusing to do so. The most notable outlet who I am in tlaks with are bild, who are going as far as to offer me legal assistance against Revolut.

Now, for the update:  
\-Their support is **slow** and **bad**, they literally have no idea what they are even saying or asking.  
\-My pro account has been unlocked again. And ofcourse I moved all funds away from it already.  
\-The payment I am receiving initially was told to have been given the green light. Now all of a sudden they once again are requesting for the same information that they had already approved. Goes to show once again what a mess their support is.  
\-Me asking to speak with a manager directly gets answered by ""Your case was escalated and reviewed at the management level as per your request."", not sure where exactly they see that that was my request, but it most certainly was not.  
\-I have already filed a complaint with the relevant agencies.
\-An employee from Revolut have ""assisted on filing a formal formal complaint for me"" - despite me saying that that is not what I am asking for, and have already done so myself. I guess their complaints department is now getting flooded with complaints about this.

I still would **not** advice on using Revolut. The way they are handling this situation is laughable at best, and is showing how little they care about not just their customers, but also their brand.",Kariia,80,0.79,95,2025-03-08 15:41:34,https://reddit.com/r/Revolut/comments/1j6jrzo/update_warning_do_not_use_revolut_for_your/,Revolut,Reddit
1j78ip8,Revolut restricted my salary,"I have been using this account for awhile now, maybe two years? i started my job 7 months ago and have been getting salary payments in that time. 

For whatever reason, when I got paid last month, they restricted my money. ALL OF IT. with bills coming out next day &amp; food needing to be bought - i was left with no money. Note i have never done so much as broke a law never mind money laundering. I messaged support and they were useless I was begging them for hours and hours to give my money back and telling them I can’t afford to eat etc. I provided the details they asked as soon as they did and it still took them two days to look at a damn piece of paper!!!!!! My money was released and I have moved everything away from revolut. 

My questions are:
Why is a regular payment that I get same day every month same amount suddenly restricted?
why are they allowed to take everything i have so i missed out on bills and money for food? 
why did it take so long to look at a piece of paper?? 

I lost all trust in revolut with my money and have now moved to first direct. Even if you’re someone who doesn’t do dodgy shit - not even gambling or crypto - they come after your money too. 🥲
 ",squidwardsprophacy,113,0.94,84,2025-03-09 14:15:39,https://reddit.com/r/Revolut/comments/1j78ip8/revolut_restricted_my_salary/,Revolut,Reddit
1j0mgez,Revolut has embarrassed me towards my customers and is leaving me without income for weeks,"I just want to share my experience with Revolut here so people hopefully will understand that Revolut cannot be trusted with any amount over EUR 1000. And that it is also not suitable for somewhat serious freelancers or small businesses.

I have opened a Pro account with Revolut for my freelance business, since that is what Revolut markets it for. A freelance business can expect large invoices to be paid regularly (of more than EUR 1000). However on the 13th of February Revolut flagged an incoming payment for review of about EUR 8000. After I provided a contract and invoice Revolut decided to refund the amount to my customer. It was quite embarassing to explain to my customer what had happened. After the initial review I was told that the deeper review will take until about the 20th of February.

Then a different customer sent a payment yesterday (28th of February) of about EUR 11000. This time the payment was immediately given the status ""pending"", meaning that I cannot access the money. It seems to be pending the review for the earlier payment that is still ongoing. If Revolut had communicated that the review was going to take this long then I would have told my customer to make the payment to a different account.

I have tried on multiple occasions to get some reliable information from Revolut's support about what is going and how long it will take. When I am chatting with them it feels like they are just copy pasting very generic answers from a knowledge base. They are not helpful at all.

To be clear, my business has nothing to do with crypto or anything else that is shady. One of my clients is a major retailer and another is a small law firm.

TLDR: Revolut has refunded a large payment from a customer and is holding another large payment hostage. I am not getting any useful information from Revolut. I feel embarrassed towards my customers.",Various_Street9694,147,0.94,76,2025-03-01 00:13:18,https://reddit.com/r/Revolut/comments/1j0mgez/revolut_has_embarrassed_me_towards_my_customers/,Revolut,Reddit
1oowzdy,Revolut Compliance and 24/7 “Support”,"Context: I am a non-EU resident living in Germany. My residency permit expired on October 30th, but I already had an official document confirming my legal residence in Germany while my new permit is being processed.

On October 31st, Revolut notified me that I needed to upload either a new residency permit or confirmation of my application by April 29th to avoid restrictions, and provided an option to upload the documents (no such option was available before), which I did immediately.

However, despite following the instructions, my account was restricted anyway. The document I submitted should have been reviewed within one hour to one business day, but it has now been three business days with no update.

The support is completely unhelpful, there are no live agents, only an automated bot that provides no real assistance. Thankfully, I have another bank account I can use without these unnecessary issues.

Extremely disappointed with how Revolut handles compliance checks and customer support.",No-Meringue6216,36,0.78,46,2025-11-05 07:55:32,https://reddit.com/r/Revolut/comments/1oowzdy/revolut_compliance_and_247_support/,Revolut,Reddit
1kf81si,Revolut so far is the best bank.,"I’m a metal card owner, been using revolut
for The last 3/4 years I would say. 

Never had a problem with anything and when I did support was on point. 

Recently I did my first dispute since meta didn’t deliver my product. I can say the process took quite some time but revolut was able to successfully dispute the transaction with meta. 

I’ve been in Reddit group reading some crazy stuff and sometimes it gets me paranoid. But I can clearly see that this is a great bank! Hope they get all the necessary documents to be come internationally recognized as so called “real” bank  
Big respect to REVOLUT!!!
",BigDawg_LLC,0,0.48,104,2025-05-05 11:14:51,https://reddit.com/r/Revolut/comments/1kf81si/revolut_so_far_is_the_best_bank/,Revolut,Reddit
1pdpf7x,Revolut Business Account Frozen - Support is completely useless despite paying 150 CHF/month for „Premium Service“,"I never thought I would have to post something like this, but I’m out of options at this point. Maybe someone here has gone through the same nightmare with Revolut Business — or can tell me how to get out of this mess.

⸻

What happened — and why I’m absolutely speechless

A few days ago, Revolut contacted us and asked for a huge list of documents for a few incoming payments:
	•	customer communication
	•	invoices
	•	emails
	•	contracts
	•	everything, basically

We submitted everything. Fully. Immediately. No gaps.

Revolut then confirmed in writing that our account was fully verified and unrestricted.

24 hours later, out of nowhere:
The account was restricted again.
No explanation.
No warning.
No additional questions.
Nothing.

And since then:
	•	6 incoming payments have been automatically rejected and marked as “reversed”
	•	customers are confused and angry
	•	we look completely unprofessional
	•	and our business account has now been frozen for 8 days

Eight. Days.
For a company that relies on daily international payments.

⸻

The “premium support” is a joke

We pay 150 CHF/month for the so-called Scale plan, which supposedly includes “premium support” and reliable payment operations.

The reality?
	•	copy-paste replies
	•	constant hand-offs
	•	no real answers
	•	no explanation
	•	no timeframe
	•	every agent says something different
	•	and ultimately they just repeat “we’re reviewing this”

It’s been 8 days of this.

No reason. No update. No ETA. Nothing.

⸻

This is causing real business damage

We operate internationally in the digital/IT space. We need stable payment processing.
But now:
	•	work is delayed
	•	clients are losing trust
	•	payments bounce back
	•	and we can’t even tell customers why — because we don’t know ourselves

This is the opposite of what a “professional payment provider” should be.

⸻

Why I’m posting this

At this point, I’m hoping someone here has:
	•	gone through something similar
	•	insights on how to actually get Revolut to respond
	•	advice, contacts, strategies — anything

Because right now, we’re flying blind while Revolut leaves us completely stranded.

And all this while we’re paying 150 CHF monthly for a service that’s basically unusable.

⸻

Any help, experiences, or suggestions are genuinely appreciated.",Ok-Squash-1989,31,0.82,40,2025-12-04 03:28:43,https://reddit.com/r/Revolut/comments/1pdpf7x/revolut_business_account_frozen_support_is/,Revolut,Reddit
1m1lq79,"Revolut acts like they'll help in public, but will do nothing regardless. This is how they treat their customers. Be warned.","So long story short, I had my revolut account/card compromised as well as other accounts/cards. In total i had nearly 5k taken from me, crypto.com, paypal, chase and bank of america all helped me track down and literally recover everything. They took between 5 to 8 days to do so but I still heard back and finally I have nearly all money back except the revolut money. 

On july the 4th I opened a case with revolut and on the same day they stated that it wont be considered fraud. Revolut will use you and take your money but fuck you over when its time to needing their help. 

Also dont act like you'll help when you're just doing some PR stun to show off in social media to people. ",insanepathfinder,124,0.88,50,2025-07-16 20:15:49,https://reddit.com/r/Revolut/comments/1m1lq79/revolut_acts_like_theyll_help_in_public_but_will/,Revolut,Reddit
1oqqo7n,Revolut is great for transfers but can’t be trusted for banking,"My account (opened in 2020) was blocked for nearly 3 weeks. No warning, no reason given.

When the account was unblocked they provided no reason for unblocking it. I am in Ireland. Despite many emails I still don’t know why they blocked or unblocked my account and I was not asked to supply additional documents.

Revolut's app is far better than my traditional bank but the fundamental contract between a bank and a customer is that the customer trusts that the bank will not disappear with the customer's money.

I asked Revolut to apologise, compensate me and tell me that they would not do this again. They refused all of these. So I will continue to use Revolut for payments but not to store money. I don't trust them to be my primary bank. How could I?

I have taken a case against them through the regulator in my country. I expect that this will end with them compensating me.

If you have a similar story to mine then contact me as I want to assemble a story for the media.",SnooDonuts453,93,0.91,33,2025-11-07 10:14:18,https://reddit.com/r/Revolut/comments/1oqqo7n/revolut_is_great_for_transfers_but_cant_be/,Revolut,Reddit
1o9c5x6,"Got an account closure email from Revolut today, but support told me to ignore it","I got an email from Revolut saying my account will be closed soon and that they’re no longer able to offer me their services. It included a button to withdraw my funds and another to submit an appeal. I use Revolut for all my banking, so this was kind of a shock.

I called support right away, but as usual they wouldn’t disclose the reason for the closure. I went ahead and submitted an appeal explaining my situation.

A bit later I reached out again via chat and got this reply: “Kindly ignore these messages, these are auto generated by the system. We are still working on it, and you will be informed here in chat once we receive any update.”

Now in the help section I see two reviews listed, one under “Information Request” and another called “Information Review,” which I assume is the appeal I just submitted.

So it looks like the closure email might have been sent automatically, but they’re still reviewing my case. Has anyone else been through this? Did your account end up staying open after getting the same message?

TL;DR: Got an email saying my Revolut account will be closed, submitted an appeal, then support told me to ignore the closure email because it was automatically sent and my case is still being reviewed.",natashafenech,32,0.89,48,2025-10-17 21:24:20,https://reddit.com/r/Revolut/comments/1o9c5x6/got_an_account_closure_email_from_revolut_today/,Revolut,Reddit
1lq571a,Locked out of Revolut – Stock Xiaomi detected as modified firmware,"Hi Revolut Support,

I'm currently locked out of my account because the app shows the following message:

Original (portuguese):

""Lamentamos, mas a app Revolut não funciona em dispositivos com firmware modificado. Levamos a segurança dos seus dados muito a sério. Caso pretenda instalar e usar a app no seu dispositivo, utilize um dispositivo com firmware Android oficial.""

Translated:

""Sorry, the Revolut app does not work on devices with modified firmware. We take the security of your data very seriously. If you want to install and use the app on your device, please use a device with official Android firmware.""

However, my phone is a **Xiaomi Redmi**, running **official MIUI**, with:

* **Stock ROM**
* **Locked bootloader**
* **No root / no Magisk / no custom firmware**

It seems this is a false detection. I’ve seen other Xiaomi users on Reddit report the same issue even with untouched phones.

Could you please help me regain access or clarify what exactly is being detected as “modified firmware”?

Thank you!",fabioamarques,29,0.98,73,2025-07-02 20:38:11,https://reddit.com/r/Revolut/comments/1lq571a/locked_out_of_revolut_stock_xiaomi_detected_as/,Revolut,Reddit
1n56krv,"I transferred a large amount to Revolut account, all good","I would like to share my experience, since I've read so many concerned posts and comments about the risk of having an account frozen for months, etc.

I transferred a large sum (EDIT: 75k) over the course of a week, broken down into four transfers. This was because when Revolut launched the ~~Flexible Savings~~ (Edit: Instant Access Savings = Tagesgeld) plan with a daily interest rate payout and the same rate as the ECB, I collected my money from 3 other saving accounts with less favorable conditions and closed them. I experienced no freezes, no blocks and no requests for proof of funds.

I am an active user (I use Revolut as a support account and have done so multiple times a year during travel) and have had Revolut since 2019. I brought it with me when I moved from Italy to Germany and had a Lithuanian IBAN. Now I have a German one as well, and my tax ID numbers for both Germany and Italy were correctly declared even before I made these transfers. I have not engaged in any suspicious activity: I traded crypto once in 2023 using Revolut's platform and did not use Revo for gambling. Hope this helps.

EDIT: I transferred the funds 5 months ago.",danicuzz,74,0.97,49,2025-08-31 22:25:22,https://reddit.com/r/Revolut/comments/1n56krv/i_transferred_a_large_amount_to_revolut_account/,Revolut,Reddit
1q91hf3,Revolut’s Insurance is amazing,"Hey everyone! Yes, I'm using AI to write this post because my arm is currently immobilized – but this is 100% my genuine story

I got injured while traveling, and Revolut's travel insurance covered everything –  five figures in medical expenses. The insurance team were incredibly kind throughout the whole process, which matters so much when you're injured abroad and stressed.

I'm on the Ultra plan and genuinely cannot understand how it's priced so cheap for what you get. The value is insane.

Beyond the insurance, RevPoints alone have been absolutely mental if you use them right. I've bought Ryanair flights with them. I bought my new Apple Watch. Completely free, just from RevPoints. And plenty more.

For anyone on the fence about opening an account or upgrading: in my experience, it's a no-brainer. Not paid to say this – just a genuinely grateful customer.

Happy to answer any questions about the claims process or anything else.

---

Written with AI assistance because typing one-handed is a nightmare

Edit 1: I've added clarification to the comments section in response to accusations that this is being promotional content",serg_mlsv,0,0.38,34,2026-01-10 11:08:59,https://reddit.com/r/Revolut/comments/1q91hf3/revoluts_insurance_is_amazing/,Revolut,Reddit
1oha7zi,Revolut account restriction - What to do next,"Hello all,

I have been a Revolut account holder since November 2024, but not an active user. In September 2025, I decided to upgrade my account from the Standard plan to the Metal plan. As part of this process, I transferred my savings from another bank into Revolut Savings because the return rates were slightly better. However, towards the end of September, my account became restricted, and I was notified by Revolut due to regulatory purposes.

Since then, four weeks have passed, and I am still waiting for my case to be reviewed. I’ve only received repetitive, generic updates from the App Support team stating that the Specialist Team is still assessing my account and will notify me once their review is complete. To help expedite things, I have already submitted statements from my other bank accounts, payslips, employment letters, and have indicated I am willing to provide any further documentation if needed. Despite this, I have yet to receive any substantive feedback from Revolut. I have also made a formal complaint via the Revolut app.

While I understand Revolut’s commitment to regulatory compliance, the ongoing delay and lack of meaningful communication from their support team have left me frustrated and concerned about the process. Any advice or support would be greatly appreciated.",sidaahm,7,0.74,50,2025-10-27 09:51:33,https://reddit.com/r/Revolut/comments/1oha7zi/revolut_account_restriction_what_to_do_next/,Revolut,Reddit
1q4m9zs,What’s your experience with the Revolut Voice and data eSIM?,What’s your experience with the Revolut Voice and data eSIM?,ImRightYoureStupid,0,0.4,35,2026-01-05 13:54:50,https://reddit.com/r/Revolut/comments/1q4m9zs/whats_your_experience_with_the_revolut_voice_and/,Revolut,Reddit
1qp428q,Revolut cash deposit feature will be discontinued from 13 February 2026,"Revolut is discontinuing deposits with cash. Is there any alternative ways to do this? 

I love Revolut and need an alternative way to deposit cash. ",mylokaye,40,0.87,23,2026-01-28 06:47:10,https://reddit.com/r/Revolut/comments/1qp428q/revolut_cash_deposit_feature_will_be_discontinued/,Revolut,Reddit
1oxjxp3,Is Revolut Mobile Plans Expensive?,For India having such cheap mobile data this seems quite expensive,un3w,12,0.77,43,2025-11-15 05:52:37,https://reddit.com/r/Revolut/comments/1oxjxp3/is_revolut_mobile_plans_expensive/,Revolut,Reddit
1jl7gdb,"AMA with the Global Head of Product at Revolut, Dmitry Zlokazov","Hey everyone!

We’re excited to announce that our AMA with the Global Head of Product at Revolut, Dmitry Zlokazov, is open for questions! We’ll keep this thread open for 24 hours, and Dmitry will start responding tomorrow at 16:00 GMT.

Before we start, we want to lay some ground rules: This AMA is focused on Product @ Revolut, which means Dmitry will be able to respond to questions about our products, development, careers, and strategy.

Please note that while we’ll do our best to address as many questions as possible, we won’t be able to go into personal account issues or questions that fall outside the scope of the AMA (e.g. regulatory, legal or governance matters). For personal help, please reach out via the Revolut app or message u/RevolutSupport.

[AMA Session](https://preview.redd.it/je3569yra9re1.jpg?width=2316&amp;format=pjpg&amp;auto=webp&amp;s=d9262abe178481ff2a6c0ddca595715452c9e8e8)

",Dmitry_Zlokazov,35,0.83,92,2025-03-27 16:04:54,https://reddit.com/r/Revolut/comments/1jl7gdb/ama_with_the_global_head_of_product_at_revolut/,Revolut,Reddit
1jbfnwn,E sim revolut feature,Anyone used this feature? Was it easy? Write a little about your experience to help out a fellow user. Going to Thailand for a month and thinking of using this,Japparbyn,35,0.87,95,2025-03-14 22:03:16,https://reddit.com/r/Revolut/comments/1jbfnwn/e_sim_revolut_feature/,Revolut,Reddit
1lg7jsc,Thinking of not having my savings on Revolut anymore,"As the title says, I’m thinking of not having my savings on Revolut anymore. The reason why is the interest rate. When I first started, they were paying an almost 2.5%. Then it was 1.5% and now it’s just 1.26%. I come from Germany and this is generating so little money daily.

Do you guys know if there’s an option to increase this by having another plan (I have standard) or other place where I can put my savings?",Mijimilito,79,0.84,60,2025-06-20 16:56:10,https://reddit.com/r/Revolut/comments/1lg7jsc/thinking_of_not_having_my_savings_on_revolut/,Revolut,Reddit
1qi9hjt,Using Revolut for a home purchase in Spain. Any experiences?,"I am preparing to buy a home in Spain and need to have the total sum available in a Spanish bank account.

I have a Spanish Revolut account (IBAN starting with ES), I am also a tax resident of Spain, though not a Spanish citizen (I am also not a US citizen, since they always ask)

My plan is to transfer a larger sum (mid 6 figures) to Revolut.

The source of the funds is Charles Schwab in the US (again, I am NOT a US citizen, own the account as a foreigner). This will be a wire transfer either sent in USD or in EUR (not sure where I will get the better exchange rate, chatgpt says Revolut may be better).

My main worry is that my funds will arrive at Revolut and land in some limbo. The support bot said that documents MAY be requested, but that the funds will NOT be frozen until review and will be immediately available to execute my home purchase. Can I trust this will be the case?",1ksassa,18,0.85,27,2026-01-20 18:40:19,https://reddit.com/r/Revolut/comments/1qi9hjt/using_revolut_for_a_home_purchase_in_spain_any/,Revolut,Reddit
1jl5iuj,"My 5+ Years with Revolut – Zero Issues, 100% Satisfaction","I’ve been using Revolut for about 5–6 years now, and honestly, I’ve NEVER had an issue with them. I started back when their standard card was free, but once I saw how amazing the Metal plan features were, I upgraded. Not gonna lie, the Metal card itself is an eye-catcher—it always gets attention when I use it.

Back then, I was traveling a lot, so the Metal plan made perfect sense. But when my travels slowed down, I downgraded. Even then, Revolut remained my go-to. Recently, I upgraded back to Metal since I’m now based outside the EU, and the currency exchange benefits alone make it 100% worth it—no hidden fees, no hassle.

Revolut even asked me for government documentation to verify my identity, and I had zero issues. I’ve received my salary through Revolut, transferred over 20k to my original bank without a hitch, and overall, I couldn’t be happier with the service.

For those complaining about Revolut, I genuinely believe you messed up while submitting your documentation. Their KYC (Know Your Customer) system is strict, but that’s exactly what you want from an online bank—it’s there to protect your money and prevent fraud.

And for anyone still saying, “Oh, but Revolut is an online bank, can you really trust them?”—let’s be real. Traditional banks are just as digital now. The only difference is that Revolut cuts out the unnecessary fees and inefficiencies. If anything, I trust Revolut more than a legacy bank that charges me for breathing near my account. ",SeanJon96,145,0.91,62,2025-03-27 14:42:55,https://reddit.com/r/Revolut/comments/1jl5iuj/my_5_years_with_revolut_zero_issues_100/,Revolut,Reddit
1m2wkpb,Revolut restricted my account,"Hey! I am living abroad, away from my family and my Dad has been sending me the money to live here and travel. Today I received a big payment (&gt;$11,000), and my account got restricted. It now asks me for verification of funds, but it’s money my Dad sends me once in a while to pay expenses, school, rent, etc. How is it the best way of proving this? I get the option to select that it is “inheritance” or “allowance” or “gift”, but what do you think is the best way to address this? Also, they ask me for proof of transfer, is a conversation with my Dad enough? 

Thanks and I hope you have a good weekend ahead!",ElonJuniorMusk,32,0.74,64,2025-07-18 09:10:22,https://reddit.com/r/Revolut/comments/1m2wkpb/revolut_restricted_my_account/,Revolut,Reddit
1m6g7zl,Revolut hacked?,"Hi, 

I keep getting a lot of notifications in the past 2 hours. All of the notifications are coming from a joint account and all of them are from past transactions. Also, I cannot see my investments of commodities, but they are summed up in the total amount at the top. 
Is revolut getting hacked?",Rotsinn,32,0.83,62,2025-07-22 15:53:59,https://reddit.com/r/Revolut/comments/1m6g7zl/revolut_hacked/,Revolut,Reddit
1qqwr6d,Revolut zero support for stolen crypto,"Hi everyone

  
Just wondering if anyone else has had the a similar experience.

I recently discovered that a crypto wallet of mine was drained and everything was sent to a wallet labelled as ""Revolut hot wallet""

[https://etherscan.io/address/0xF7C8dA79da4CB294C4f55DFeBB1B404E3E38d921](https://etherscan.io/address/0xF7C8dA79da4CB294C4f55DFeBB1B404E3E38d921)

  
Support simply denies that the wallet is associated with Revolut, even thou it's been clearly labelled as such, and their only response is to contact local law enforcement.

The amount that was drained is substantial, I'm just surprised by Revolut for being either ignorant or indifferent to my situation, even when provided with clear evidence.

Anyone have suggestions what to do in this situation? To whom can I report Revolut's indifference and inaction?",RevolutThrowAway,0,0.43,25,2026-01-30 05:29:34,https://reddit.com/r/Revolut/comments/1qqwr6d/revolut_zero_support_for_stolen_crypto/,Revolut,Reddit
1o9po6v,Revolut restricted my account,"Yesterday, I was expecting a larger-than-my-usual payment to my Revolut account. As soon as the money arrived, I got a notification and an email saying my account had been partially restricted. To release the funds, Revolut asked me to upload some documents verifying the source of the funds.

I uploaded the requested documentation right away. Revolut stated that normally reviews take up to three hours. Two hours later, I got a notification saying the documents had been reviewed and the funds were released. That’s it!

I’ve been with Revolut since October 2015 (one of the early adopters). About three years ago, I decided to make Revolut my main account (receive salary, pay bills). Since then, they’ve occasionally asked me for additional information, but that’s normal given they need to comply with local regulations.

Even though I’m on a standard plan, in-app support has always been pretty decent. The worst I’ve ever waited for a reply is about an hour. Granted, answers have not always been satisfactory from the get-go, but in those instances the agents escalated it to a relevant department and the issue got sorted.

I often see posts here about restricted or locked accounts. In many of these cases, the restrictions and account closures have been justified, either because users violated the terms or couldn’t provide the required documents. And that frustration gets directed at Revolut, even when the company is just following laws they’re required to comply with.

All in all, I wanted to share a positive story for balance. Negative experiences tend to get posted far more often, but that doesn’t mean the positive ones don’t exist. Revolut has tens of millions of users, so even a small percentage of issues will look like a lot online. They’re not perfect, no company is, but after a decade of using them, I can say issues are rare and usually handled promptly. Just know your T&amp;Cs, and if what you’re doing falls into a grey area (like crypto or using a business account for personal stuff), you should expect an account review. That’s just Revolut doing their job. ",TinyPlectrum,82,0.92,34,2025-10-18 08:41:25,https://reddit.com/r/Revolut/comments/1o9po6v/revolut_restricted_my_account/,Revolut,Reddit
1o3qqv3,What is this “2-month break fee” for cancelling Revolut Pro??,"I’ve been with Revolut for 9 years — literally since the early days when it was just a cool fintech alternative to traditional banks. I’ve always loved how simple and transparent everything was.

But today I tried to cancel my Revolut Pro account, and suddenly I’m told there’s a “2-month break fee.” Excuse me… what is that supposed to be??

A break fee for cancelling a subscription? This feels like something from old-school phone contracts, not a modern fintech company. I’ve never seen Revolut pull something like this before, and honestly, it’s really disappointing.

If you market yourself as flexible and transparent, then charging people extra just to stop using a product feels completely wrong.

I’ve been a loyal customer for almost a decade — this really makes me reconsider if Revolut is still the same company it used to be.

Has anyone else come across this “break fee”? Is it even a standard thing now?",Aggravating-Ad-4447,28,0.82,44,2025-10-11 09:57:51,https://reddit.com/r/Revolut/comments/1o3qqv3/what_is_this_2month_break_fee_for_cancelling/,Revolut,Reddit
1kb7wfe,Get your bitcoin out of Revolut!,"I’ve recently bought myself a hardware wallet to begin unloading my bitcoin onto it, upon trying to send from my Revolut crypto account I have been blocked from sending any amount over £2000 a day! 

They also charge a fee of £3.40 each time so correct me if I’m wrong but they are trying to squeeze as much money out of me as they can, as it would take me months to extract all of my bitcoin. 

Each time I try to send the amount I get numerous warnings telling me I am being scammed, even though I have sent photo recognition confirming it is my hardware wallet. 

Upon contacting Revolut they are refusing to up my daily limit. I advise anyone with crypto on Revolut to get it out of there as their intentions are not good, I’m hearing a lot about paper bitcoin lately and this leads me to believe that they may not have the bitcoin or certainly don’t want you taking it off their exchange even though I have paid for it!",NewBlacksmith5286,69,0.75,68,2025-04-30 05:23:21,https://reddit.com/r/Revolut/comments/1kb7wfe/get_your_bitcoin_out_of_revolut/,Revolut,Reddit
1pu05dz,Does Revolut offer an actual credit (not debit) card in the EU?,"See title.

While the default virtual Visa/Mastercard debit cards are fine for nearly all transactions, some online crooks, e.g. air ticket resellers, require an actual credit card (of a particular flavor) to apply a significant discount. They do that in order to legally advertise a price well below the competitors, but this price includes a discount, which almost always applies to a credit card. And since almost everone uses (virtual or real) debit cards for online purchases, the choice is either to get screwed or to find another reseller to click through with another 23 additional insurance offers to decline.

It would be very useful to have the ""non-debit"" Visa/Mastercard flavor available as a virtual card with the credit limit simply set to your balance. Is there such an option?

",RealNovgorod,9,0.69,32,2025-12-23 17:44:27,https://reddit.com/r/Revolut/comments/1pu05dz/does_revolut_offer_an_actual_credit_not_debit/,Revolut,Reddit
1q4s05z,"Wrong-network USDT deposit to Revolut – acknowledged, escalated, still waiting for resolution","Hi everyone,

I’m posting to share my experience and hopefully get guidance or visibility.

In December, I sent a USDT deposit to my Revolut crypto address but mistakenly used BNB Smart Chain instead of the supported network. The address itself was correct and belongs to my Revolut account.

Revolut support has since confirmed:

* The address is linked to my account
* The funds are visible on-chain
* The case was escalated to their Crypto Team
* A revert to the original sending wallet is the intended resolution path

I fully understand that recovery is not guaranteed and that wrong-network deposits are complex. That said, the transfer represents my salary, and it has now been several weeks with no concrete status update or timeframe, despite being told the case is under priority review.

Support has been polite and transparent, but communication has stalled at “the team is working on it with no ETA”.

I’ve seen other users here report similar situations where funds were eventually reverted after escalation, which gives me some hope. I’m mainly looking for:

* Reassurance from anyone who went through the same process
* Advice on whether there’s anything reasonable I can still do on my side
* Visibility from Revolut if possible

I’m not trying to blame anyone. I accept the mistake. I just want clarity and closure.

Thanks in advance to anyone willing to share their experience.",holofyhome,0,0.5,30,2026-01-05 17:29:19,https://reddit.com/r/Revolut/comments/1q4s05z/wrongnetwork_usdt_deposit_to_revolut_acknowledged/,Revolut,Reddit
1q96apk,Revolut → Swedish bank transfer stopped working – any workaround to avoid fees?,"I’ve been trying to transfer some funds (~€1,000, accumulated from friends during a vacation) from Revolut to my Swedish bank account, but it just won’t go through anymore.

The last successful transfer I had was sometime in 2024 — it seems to have stopped working during 2025. Recently I noticed Revolut now requires an address on the beneficiary, so I deleted and re-added my bank account with the address included, but the transfer still fails. Initially tried with 5€ transfer to make sure it worked.

I contacted Revolut Support, and they say the transfer is being rejected by their external partner (not my bank), but they can’t tell me why. They also don’t offer any alternative solution, except sending the money to my card — which comes with a 0.7% fee just for the transfer.

Has anyone else run into this? Any known workarounds, alternative transfer routes, or ways to avoid the fee?

(Cleaned up my text with AI)",Winesen,5,0.73,28,2026-01-10 15:04:10,https://reddit.com/r/Revolut/comments/1q96apk/revolut_swedish_bank_transfer_stopped_working_any/,Revolut,Reddit
1o9tmkk,Revolut started supporting Liquid Glass on iOS 26,"I do not know if it released in the main release,
I am using the beta on testflight.",yairstyle,127,0.92,26,2025-10-18 12:46:23,https://reddit.com/r/Revolut/comments/1o9tmkk/revolut_started_supporting_liquid_glass_on_ios_26/,Revolut,Reddit
1p6dmr1,Revolut card design,Might have the best revolut card design😁,Extra-Option3009,124,0.93,20,2025-11-25 14:20:21,https://reddit.com/r/Revolut/comments/1p6dmr1/revolut_card_design/,Revolut,Reddit
1qcuei5,Bad experience booking an apartment with Revolut. Support case number: 17518-09271-65215,"As the title says, we used some reward points to get a discount on a booking for an apartment in Madrid. I have a metal subscription. 

Everything seemed fine when we got the reservation confirmation through email and we did the usual online chech-in in the morning as asked to do. It was the first time we booked a hotel/apartment with Revolut (and last it will be), but obviously we have done the same thing with maybe a hundred other companies.

We entered the plane from Lanzarote to Madrid just with the confirmation but no instructions received. Even though that was not usual, we thought it was going to be ok because someone would be there since we indicated the approximate time of arrival and they had a few more apartments renting there.

We travelled with our 7 year old daughter and it was freezing in Madrid when we arrived at night. It was this last December. So we arrive with a taxi and no one is anywhere nor instructions sent to us by email, app or anything. 

We find out that in the Revolut app there is a not so obvious chat to ""help"". So after we chat with 3 people including a bot, they tell us it would be a mínimum of 30 minutes to answer back. That made us decide to get a hotel for the first night and get there with a taxi since it was around 10PM, luggage on the street, freezing and with a child, as I said. 

We check in the new hotel that we found with booking (most hotels were full so it was expensive). When we get to the room we see that finally someone from NUITEE (first time we saw that name) sent us the instructions way past 11PM. 

We chat again with Revolut and tell them we had talked to the apartment owner and that she just had known of our check in a few minutes ago (around when we got the instructions from Nuitee) and someone between Revolut, Nuitee or booking (it seems like Revolut does the booking through ""Booking"") probably ""forgot"" to send us the instruction on time. 

Revolut gives me a complaint form. So I fill it and a few days later the answer is that we have to contact Nuitee who is responsible (they say).  Nuitee was not who I booked with, I respond, it was with you: REVOLUT. They seem to not care at all.  So I contact Nuitee to make a claim, and oh, surprise, Nuitee´s answer is that it is Revolut who is responsible. So I continue with this ping pong game and Revolut finally offers 26 euros as compensation (which is an admission, by the way, of responsability). I did not know if it was a joke, and so I asked. It was serious. I did not accept the 26 euros.

I have everything kept digitall. I re-claimed to Revolut last week explaining all of it again. The answer is fast: no compensation or anything will be given to us.  Again: Support case number: 17518-09271-65215 denied.

I told them ""ok, I will get all my investments and money out of Revolut if with something so simple there is not an effort in favour of the customer who only paid the due amount of money and was the one that suffered the situation"". They seem not to care at all. Long term clients are not of their interest it seems.

I have been with them for almost a year and was happy. But this just makes me wonder what else might happen with all the investments I have with them. I already sold my crypto today. And when I find a good interest rate somewhere else I will withdraw all the money invested in the deposit and accounts and terminate my relationship with Revolut. There is something off and I want out as soon as I get a good fit for my money. I hope this helps someone.",Confinados,18,0.78,25,2026-01-14 18:02:03,https://reddit.com/r/Revolut/comments/1qcuei5/bad_experience_booking_an_apartment_with_revolut/,Revolut,Reddit
1isf3hr,Receive salary on Revolut,"As I noticed a lot of cases of people who had problems with Revolut on banning, lost and stolen money, and since now in Germany you can use a german IBAN for Revolut, I was asking myself if I should get my salary in my Revolut account. What are your experiences? Do you think is safe and worth it? Thank you! ",jon_snow2105,18,0.87,98,2025-02-18 15:21:47,https://reddit.com/r/Revolut/comments/1isf3hr/receive_salary_on_revolut/,Revolut,Reddit
1kif06z,Revolut is removing commission-free trading.,Revolut is removing commission-free trading.,cutelord,96,0.89,58,2025-05-09 11:17:02,https://reddit.com/r/Revolut/comments/1kif06z/revolut_is_removing_commissionfree_trading/,Revolut,Reddit
1qs2nq7,"Revolut and Perplexity in the metal plan, why did my Perplexity Pro expire? I didn't see any expiry date when I entered the Revolut promotional c0d3 on Perplexity.","Quite some time ago, I don't remember when, I activated the Revolut Metal plan promotion that allowed me to get Perplexity Pro for free, but either because of my carelessness or because there wasn't really anything written about it, I went ahead thinking that Perplexity Pro would last exactly as long as the Metal plan, so if I cancelled the Metal plan, I would automatically lose Perplexity Pro as well.

But no, yesterday when I logged into Perplexity, I noticed that I had lost the Pro status even though I had kept the Metal status. Do you know if I can reuse the Perplexity Pro status as it is, or if I have to cancel the Metal status and redo it to get a new c0d3 linked to my Revolut Metal plan?",BGamerManu,21,0.95,20,2026-01-31 13:41:39,https://reddit.com/r/Revolut/comments/1qs2nq7/revolut_and_perplexity_in_the_metal_plan_why_did/,Revolut,Reddit
1pvzbmo,Long-time Revolut Poland user without RevPoints — am I missing much?,"I’m wondering if anyone else is in a similar situation.

I’ve been a Revolut Poland user for a few years now (2019 to be precise). Despite that, I still don’t have access to the RevPoints feature, while I see many newer users (joined \~1 year ago) who already do. I’m still on cashback, which I personally don’t find very useful.

I’m a relatively high spender and also have a credit card with Revolut. I’d be interested in converting points to miles/Avios, and access to RevPoints would likely make me consider upgrading to Metal.

At the moment, it feels a bit discouraging as a long-term customer. Before making any decisions, I wanted to ask:

* Are RevPoints actually worth it?
* Am I missing out on something significant?
* Any insight into how Revolut rolls this out to users?

Thanks in advance for any experiences or advice.

Update: Revolut contacted me after this post and… still nothing.",Born_Departure6782,10,1.0,30,2025-12-26 08:20:34,https://reddit.com/r/Revolut/comments/1pvzbmo/longtime_revolut_poland_user_without_revpoints_am/,Revolut,Reddit
1qmduyw,Revolut Teens: No IBAN = No Independence,"**Hey!**

I’d like to use Revolut, but since I’m under 18, my account doesn’t have an IBAN, which I actually need. My mother doesn’t use Revolut much; she only uses it for me. But let me ask this: how are teenagers supposed to grow up if they can’t even access their own salary from an apprenticeship or part-time job, and instead have to wait for their parents to transfer it to them? It doesn’t make any sense!

People tell kids to become more responsible and independent, but then a bank can’t even set up an IBAN for a minor. I’m in Germany, and every other bank I know can do this without any problem:

* Sparkasse
* Volksbank
* Commerzbank
* Sparda Bank
* BW-Bank
* Deutsche Bank
* Postbank
* ING
* HypoVereinsbank (UniCredit Bank)
* DKB

Only Revolut can’t. Sure, it’s a nice online bank, but it’s useless if kids can’t properly receive or manage their own money. I think the concept behind Revolut Teens really needs to be reconsidered.

What do you think about this?",Born-Bet2520,0,0.35,23,2026-01-25 08:40:35,https://reddit.com/r/Revolut/comments/1qmduyw/revolut_teens_no_iban_no_independence/,Revolut,Reddit
1qq6me7,DO NOT TRUST REVOLUT !!,"My account got removed suddenly. No good explanation given.   
They kept just using their terms as an excuse.

After i sent a email to their complaints system i got more answer.  
They have removed my account because risks related to money laundering and/or terrorist financing.

To be clear, this is how my account is beeing used.

I am Norwegian, i got the account for ease of transfer between friends cross boarders, and because i was doing a backpacking trip across europe and asia.  
Normal banking has so high fee's that revolut was very good compared.

**My use:** 

My pension transfered from my norwegian account into revolut and taking money out in diffrent countries related to my travel. Now alot in thailand since i have a condo here now.  
I transfered some small amounts to my thai girlfriends account because i support her in normal life, and she dont need to pay any fee in the atm's here.  
I transfered rent to my thai landlord for my condo here.  
And i have borrowed and repaid some money to a friend of mine a couple of times.

This apprantly is enough to trigger this ""risk assesment"" to financial fraud or terror financing.

Revolut can and will remove your account in a sudden.  
They do not care if your half across the world. They will remove it instant and block any use of account. You will only be able to send your money to a normal bank account that takes many days to emty your revolut account.

So if your using revolut for your traveling needs. I would make sure you have a backup solution, or stay away from them as a whole.  
They can and they will remove your account if they suspect you of anything.",AmazingAd1681,0,0.27,24,2026-01-29 11:57:21,https://reddit.com/r/Revolut/comments/1qq6me7/do_not_trust_revolut/,Revolut,Reddit
1prog4v,Revolut not working in the Philippines without VPN,"If you happen to travel in the Philippines, Revolut app or desktop doesn’t work without VPN. Just a heads up",Accurate_Bat_4061,39,0.89,26,2025-12-20 20:53:23,https://reddit.com/r/Revolut/comments/1prog4v/revolut_not_working_in_the_philippines_without_vpn/,Revolut,Reddit
1npz2rm,Revolut being late in their job locked my account. Anyone facing same issue ?,"Update: After reaching to their customer service and get some kind of classic AI answer from agent, they ""escalated"" my case and manage to resolved it the same day. Of course without further explanation about the reason of this huge delay.  

In 10 years, first time I got my account locked, and moreover because Revolut is 2 months late in doing their job! They requested a document verification for new law enforcement, which I sent right away to avoid getting locked out of my account. And now I still get locked out anyway because it looks like they're struggling more than all the other banks doing the same law enforcement.
Just for clarification, this doesn't involve any crypto transaction or huge amount of money, but just a new local regulation regarding registered address verification.

For context: I'm an early user over Revolut starting back 10 years ago when Revolut was still in Lithuania. Bring back to them a lot of friends because they were efficient and seamless as a bank, doing what you want without any fuss. Then they become a real bank, and that's where things get worse and worse. Noticed the increasing amount of people complaining about getting money blocked or locked out of their account, with the sales service getting less and less responsive. Now using Al bot repeating the same useless sentences. I move my money out because I didn't want this to happen to me, and I'm glad I did it! Getting locked out of my account not even because of me but because of their late job is crazy!",NaNoXy,32,0.83,44,2025-09-25 07:04:29,https://reddit.com/r/Revolut/comments/1npz2rm/revolut_being_late_in_their_job_locked_my_account/,Revolut,Reddit
1la59dg,Revolut froze and then closed my account without giving a reason,"
Just wanted to share my experience to warn others and hopefully get some advice.

Revolut recently froze my account without any warning. I received a message saying I needed to submit some documents, which I did immediately everything they asked for.

After that, they told me my documents were under review and that I could appeal the decision if needed. I followed all the steps and submitted the necessary documents again as part of the appeal process.

Despite doing everything correctly, Revolut decided to close my account with no explanation. No detailed response, no actual reason just the same crap, copy-paste messages from support saying they can’t provide more information and that the decision is final.

I’ve tried reaching out to them through the app, email, and social media, but I keep getting the same bs replies.

It’s incredibly frustrating and honestly a bit scary that they can freeze and close accounts like this with zero transparency, even when you comply with everything they ask for.


This is the future we’re supposed to be excited about? Banks with no offices, no real people to speak to, and no accountability where your money can be frozen or taken without reason and you’re left with zero control over what’s rightfully yours?

I used to laugh when my friend said, “Cash is king.”
Now I’m afraid he was right.
What a shame.

Also Revolut replies to these threads saying you should contact them, I feel like this is just more bs.",Pc_tiger,33,0.75,65,2025-06-13 03:49:34,https://reddit.com/r/Revolut/comments/1la59dg/revolut_froze_and_then_closed_my_account_without/,Revolut,Reddit
1p116e2,Revolut’s EOS delisting ruins customers again…,"Revolut has rug-pulled its crypto customers again.  Those trusting Revolut to purchase and hold their crypto are facing losses of over 50% in the next 2 days.

Revolut issued its notice on the 18th November giving customers just 3 days to sell EOS or have forced liquidations within a few days of the deadline.

Following the recent capitulation, virtually all crypto altcoins are down around 20-50% or more and holders are hoping the predicted retracement close to previous levels will allow one last chance to exit at reduced losses.

But now Revolut’s decision has taken that hope away from EOS holders giving them no time whatsoever.  Revolut are giving no specific details on the reasons for their decision and there is nothing their customers can do. 

To make matters worse, Revolut will be taking their usual crypto selling fees in a big cash-in for the online bank in one hit. 

Customers should now be even more concerned about what Revolut will do on other altcoins. ",George_Lista,0,0.43,38,2025-11-19 07:28:04,https://reddit.com/r/Revolut/comments/1p116e2/revoluts_eos_delisting_ruins_customers_again/,Revolut,Reddit
1kwv8ob,Why are there so many posts of Revolut supposedly freezing peoples funds ?,"I started using Revolut a few months back and i was always nervous about depositing since I've seen the seemingly endless horror stories here on Reddit about Revolut just freezing peoples accounts for ""no reason"".

I then decided to just try with small amount of up to 5.000 euros and i have not experienced any issues whatsoever, not even been asked to provide proof of funds or anything of that sort. I have since then deposited and spent more than 40.000 Euros in a single month on various things but still my account has not been limited, frozen or whatever.

Will i eventually run into problems ? who knows but so far I have not had a single bad experience with Revolut, quite the opposite in fact. Just thought i would share my experience so others can see that not everyone who deposits more than a few hundred dollars/euros gets their account limited/frozen as Reddit sometimes make it feel like.",Smooth_Historyy,53,0.87,63,2025-05-27 19:44:49,https://reddit.com/r/Revolut/comments/1kwv8ob/why_are_there_so_many_posts_of_revolut_supposedly/,Revolut,Reddit
1qk8yna,Can Revolut Cancel this Payment?,"My dad tried to transfer 5k to a crypto scammer this morning using his revolut account. They flagged it as a possible scam and sent him this email. About 4 hours later he made touch with revolut to approve it (so he says) and the 5k was sent. I've since taken his phone and laptop as he's lost 100k in total. He now says (10pm) he's convinced it was a scam and that he needs the phone back to get onto revolut to cancel that payment. He says he needs face ID to do it, but I don't trust him with the phone not to go lose more money.

https://preview.redd.it/0yooneus8zeg1.png?width=1038&amp;format=png&amp;auto=webp&amp;s=62a3d74273568d05d046e21df41db4fe51328956

So my question is, if that payment went through, would it have went through immediately and therefore not be retrievable?

EDIT - The moment I set up this post I started getting PMs from the below user, pretending to be staff of revolut, and then asking me to set up a crypto wallet and transfer funds there.

[https://www.reddit.com/user/Diane\_Reyass/](https://www.reddit.com/user/Diane_Reyass/)

  
",SuitOfWolves,2,0.62,24,2026-01-22 22:30:20,https://reddit.com/r/Revolut/comments/1qk8yna/can_revolut_cancel_this_payment/,Revolut,Reddit
1oo8hwo,Revolut locked my account for a “standard security check” — no access to funds or real help from support,"**Hey everyone,**

I’ve been using Revolut since 2024 as my main personal account, and occasionally for small freelance or creative work. In total, I’ve received around 8–10 payments related to that since opening the account.

Of those, **six payments came from a company run by my family** — not a separate business of mine. They had asked me to help with some design and website SEO work, and I was simply reimbursed for my time. The **remaining payments were from friends** who also needed a bit of help with small projects.

Today, I tried to make a few payments and suddenly got a message saying my account was restricted due to a “standard security check.” No warning, no explanation — just instantly locked out of my own money.

I contacted support and got the usual copy-paste responses about “periodic security reviews” and “legal compliance.” They said it could take up to 7 days, but couldn’t tell me why my account was flagged or give any real timeframe.

What’s most frustrating is that this is my main account with all my funds, and there’s absolutely no way to reach anyone beyond the in-app chat. Even having a Metal plan makes no difference — same generic replies, no priority, no clarity.

It’s honestly crazy that a financial institution can just freeze your money without a clear reason or any meaningful support.  
Has anyone else been through this and managed to get it resolved faster?",With_Mazur,6,0.64,39,2025-11-04 14:25:02,https://reddit.com/r/Revolut/comments/1oo8hwo/revolut_locked_my_account_for_a_standard_security/,Revolut,Reddit
1jxdthj,Do you receive your salary on Revolut?,I plan to receive my salary on Revolut but I'm afraid of blocking ,SnooOpinions7428,25,0.93,79,2025-04-12 10:56:03,https://reddit.com/r/Revolut/comments/1jxdthj/do_you_receive_your_salary_on_revolut/,Revolut,Reddit
1k9ftm6,"Revolut didn't let me down, ever.","From first moment revolut was amazing to me!

This is my first time using chargeback with fears and they approve it!

I am happy using Revolut.
",Zealousideal_Ad2039,155,0.9,47,2025-04-27 23:04:01,https://reddit.com/r/Revolut/comments/1k9ftm6/revolut_didnt_let_me_down_ever/,Revolut,Reddit
1po817r,Why is Revolut lying?,"Why is Revolut denying my chargebacks, claiming they're related to gambling (MCC 7995), when none of the merchants are gambling sites? How can another Spanish bank on the same card network process chargebacks and refunds, while Revolut won't?

I also have a report from the Polish Ombudsman, where Coinpacto is registered, stating that this company is illegal and cannot process payments under MCC 6051.",Ok_Mirror_6277,0,0.4,31,2025-12-16 17:31:25,https://reddit.com/r/Revolut/comments/1po817r/why_is_revolut_lying/,Revolut,Reddit
1pf4kzc,Transaction lost by revolut,"300 euro transfer disapeared

I made a 280 euro(2000 dkk) transfer to my visa on 11 july and i not recieved them yet.

I spend over 50 hours on their live support.

Revolut cannot proof they have been recieved only sent.

They tried refund after months with no succes.

They keep blaming the bank connected to the visa and keep sending me to them. My visa bank tells me Revolut is respondable for the transaction until recieved and they cant see any in or out going activity on my visa card from revolut or the amout.

They checked it multipel times now.

After some time, revolut then made me wait for almost two weeks for them to check if it was due to tech issues and the result was yes and they asked me where i wanted to money be transfered to, but it was to good to be true. After few days same replies came back from them. Money was sent from their end and they had confirmation from recieving bank that the money was recieved and I then asked the recieving bank to confirm it and they denied it.

When money is being transfered to visa card they cant see anything before the transaction is actually landed they cant track the ANR number provided by revolut only revolut themself can.

Dont use revolut they will scam and try dodge respondability at any cost.

A bank who make money dispear and unable to track them must be considered a fraud bank. 

Im gonna sue them now and hopeful i will get my money + the time i spend on their mistake.",Anderswoot,1,0.54,33,2025-12-05 19:41:51,https://reddit.com/r/Revolut/comments/1pf4kzc/transaction_lost_by_revolut/,Revolut,Reddit
1lwbgf4,Extremely disappointed with Revolut Business.,"Extremely disappointed with Revolut Business.
We are Boreal Helsinki Oy, a Finnish company, and have been waiting over 3 weeks for an incoming transfer of €80,800 (sent on 18 June). Revolut keeps repeating the same generic messages, provides no clear timeframe, and the verification team has not contacted us once.

This delay is harming our business: we are unable to pay contractors and continue the construction of our restaurant. We’ve submitted all documents immediately, but the funds remain frozen with no explanation.

We’ve now filed a formal complaint, contacted lawyers, and begun escalating the case to the Financial Ombudsman. I’ve also started publicly sharing our experience across platforms to warn others.

Revolut was supposed to be a reliable banking solution for growing businesses. Right now, it feels like the opposite.",Level_Conclusion_412,112,0.95,41,2025-07-10 13:28:29,https://reddit.com/r/Revolut/comments/1lwbgf4/extremely_disappointed_with_revolut_business/,Revolut,Reddit
1iof5er,Account frozen after moving 20k no response from CS terrible experience avoid revolut for big amounts of money,"UPDATE : Today after 4 days the money got transfered to the account I gave them. thank you all so much 


3 days ago I made a transfer of a considerable high amount of money out of my revolut account.

I have (erroneously as it seens) decided to keep my money into revolut's saving account since you were ofeering a 2.2% interest rate and protection up to 22.000 EUR.

however, I found another bank that offers a higher interest rate above 3% and funds protection up to 100.000 EUR

My account has been restricted for the past 3 days, with customer service lacking empathy giving my vague responses.

Still I don't have any concrete date when my funds will be transferred to my account given to them

terribly disappointed...

I wanted to ask in similar cases after how many days were your money got unfrozen? ",SublimeDreamer,25,0.77,90,2025-02-13 09:11:49,https://reddit.com/r/Revolut/comments/1iof5er/account_frozen_after_moving_20k_no_response_from/,Revolut,Reddit
1oqpmfs,How reliable is Revolut?,"I have an account opened, i use revolut for everyday usage but not as my main account. I receive salary on another account, then i send about 1000e to my revolut. Ive seen some comments warning people not to trust Revolut as they tend to lock/restrict your account and its very hard to get a help from the support. I obviously dont want to go through this as i am planning to transfer larger amount of money to Revolut, and these comments are really making me worried.",pastduevanilla,8,0.72,37,2025-11-07 09:08:16,https://reddit.com/r/Revolut/comments/1oqpmfs/how_reliable_is_revolut/,Revolut,Reddit
1nbvf0i,"People with a Revolut Credit card, what do you like and hate about it?","Emphasis on Credit, as in a card with a credit limit. I want to know the good and the bad about it and how it compares to other credit cards.

Much appreciated, thanks!",Scared-Skin-2506,17,0.9,47,2025-09-08 19:17:39,https://reddit.com/r/Revolut/comments/1nbvf0i/people_with_a_revolut_credit_card_what_do_you/,Revolut,Reddit
1pmekie,Cannot close my Revolut account because I still have 0.01 CHF,"Hello, Italian living in Switzerland, currently trying to close my Italian Revolut account (to maybe open a new one in CH).

When I tap on ""close account"" on the revolut app, it says that I cannot close the account because there is still some money left on it, specifically 595.70 CHF. I try to send money to my Swiss bank account, but:

* If I send 594.65 CHF, the commission fee is 1.04 CHF, with a total of 595.69 CHF, leaving 0.01 CHF on the account preventing me from closing it.
* If I send 594.66 CHF (1 cent more) the commission fee is 1.05 CHF, with a total 595.71 CHF (exceeding my current balance).

What can I do? Why is it so complicated and there is not an option to just ""close and send everything to XXX"" as with every other bank?

It's fine, you can have my 0.01 CHF, just let me close my account please :D",Tzsack,52,0.92,23,2025-12-14 13:53:13,https://reddit.com/r/Revolut/comments/1pmekie/cannot_close_my_revolut_account_because_i_still/,Revolut,Reddit
1lpvo34,Revolut is being REALLY annoying about crypto,"For a couple of days in a row now Revolut has been asking for documents that provide the source of my cryptoholdings. I keep sending them Binance and Koinly tax documents, but they keep saying the documents are incomplete and need more. Has anyone experienced this? I'm not a criminal but I'm out of ideas as for what they ACTUALLY need. Has anyone else dealt with this? What did you give them? I'm close to just closing my account because this is really annoying. When I talk to support they say all is fine, but then the next day they're asking for documents AGAIN.",WhisperCrystal,31,0.76,55,2025-07-02 14:19:25,https://reddit.com/r/Revolut/comments/1lpvo34/revolut_is_being_really_annoying_about_crypto/,Revolut,Reddit
1mdjf24,"My Revolut account has been blocked since July 28, I can no longer access my money!","Hello everyone,

My Revolut account has been blocked since July 28, without any concrete explanation or solution. I was promised that the problem would be resolved on July 29, but nothing has been done since.

I am a Premium customer, I pay a subscription for a 24/7 service, yet I have not received any real response for several days. Every time I contact support, they pass the buck, ask me to take unnecessary steps again, and no progress is made.

I am disabled, and this bank is my only source for managing my finances. This blockage puts me in great difficulty, I had to take out a loan to survive, this is unacceptable.

I have already filed an official complaint, with all the evidence that they are at fault. However, they continue to drag things out without providing the slightest solution.

I'm looking for advice on how to make things happen, because this situation is becoming urgent and dramatic.

Thank you all for your help.
",Revolutrendezmnbif,12,0.68,55,2025-07-30 22:42:25,https://reddit.com/r/Revolut/comments/1mdjf24/my_revolut_account_has_been_blocked_since_july_28/,Revolut,Reddit
1omlbnp,Revolut charged me money because of their own reward system error,"Revolut charged me money because of their own reward system error

Recently, I took part in one of Revolut’s promotional campaigns where existing users can get a small bonus after another person opens an account. Everything went fine at first — I received €50 as the bonus (about €62.50 before taxes).

A few days later, Revolut suddenly removed €62.50 from my balance with a transaction labeled “Reversal of incorrect reward”. In short, they gave me €50 and then took €62.50 back, so I ended up losing €12.50 because of their own system issue.

When I contacted support, they said the other person had to complete some “steps” to validate the promotion. But that’s completely unfair — I did nothing wrong, and that person isn’t required to take extra actions. If Revolut’s system sent the bonus by mistake, it’s on them, not on the user.

It’s unacceptable that a customer loses real money because of an internal mistake. I’ still waiting for my €12.50 refund and a proper explanation.",Practical_Minute6887,22,0.87,34,2025-11-02 16:11:30,https://reddit.com/r/Revolut/comments/1omlbnp/revolut_charged_me_money_because_of_their_own/,Revolut,Reddit
1o3v7b9,Why is buying crypto on Revolut still so ridiculously expensive?,"Honestly, the crypto fees on Revolut are wild. Even with the Ultra subscription, the real issue isn’t the subscription tier, it’s the built-in fees and spreads baked into every trade.

Feels like such a missed opportunity. If Revolut made crypto buying even slightly more competitive, people would actually use it as their main entry point. They already have the user base, the interface, and trust, but the pricing pushes everyone straight to Binance, Coinbase, or Revolut X (where available).

Anyone knows if there’s a way we can push Revolut to revise this? Would love to see them drop the hidden spreads or at least make pricing transparent enough for both sides to benefit.",babazei,25,1.0,38,2025-10-11 14:07:44,https://reddit.com/r/Revolut/comments/1o3v7b9/why_is_buying_crypto_on_revolut_still_so/,Revolut,Reddit
1miifyt,"Revolut froze my account 3 weeks ago - no violations, no updates, no access to my own funds","My Revolut account was frozen on July 8th for a ""security check"".
I was told it would take up to 3 working days.

It’s now been over 3 weeks — no updates, no clear status, no action. I’ve contacted support almost daily. They keep sending the same templates. No one takes responsibility.

I’ve done nothing wrong. My income is from salary. All crypto transfers were to my own wallets. I'm a Metal customer and need access to my funds for rent and credit card payments.

What are my legal options?
Anyone else experienced this?",gelo5991,24,0.74,51,2025-08-05 20:15:02,https://reddit.com/r/Revolut/comments/1miifyt/revolut_froze_my_account_3_weeks_ago_no/,Revolut,Reddit
1phfckq,"Revolut agent told me not to cancel my hotel booking, hotel says they would’ve refunded if it was cancelled – lost 4,000 RevPoints + £82","Posting this because I’m genuinely disappointed with how Revolut handled this, especially as a Metal customer using RevPoints for the first time.

I booked a stay at Voco Haymarket, Edinburgh using 4,000 RevPoints and £82. When I realised the information about late checkout was incorrect, I contacted Revolut immediately. Their support agent told me very clearly not to cancel the booking myself, and assured me that a refund would be issued once they processed it with their partner.

I relied on that advice.

Later, I spoke to the hotel directly. They told me the only reason they couldn’t issue a refund was because the booking was never cancelled by Revolut, and I was therefore marked as a “no show.” They also made it clear that if the booking had been cancelled at the time (which I would have done if Revolut hadn’t instructed me otherwise), they would have refunded me.

Because of Revolut’s incorrect guidance, I’ve lost £82, 40,000 RevPoints, and had to book another hotel last-minute when I arrived in Edinburgh.

Revolut’s customer service has been unhelpful and refuses to accept that their own instructions caused this situation. They have now given me their final position, so I’ve escalated the case to the Financial Ombudsman Service.

This was my first time using RevPoints and it will be my last. Happy to answer questions if anyone else has dealt with something similar.
",roseboytrip,58,0.92,22,2025-12-08 15:30:50,https://reddit.com/r/Revolut/comments/1phfckq/revolut_agent_told_me_not_to_cancel_my_hotel/,Revolut,Reddit
1nlzecs,Revolut Ultra no longer includes IGA Lounge at Istanbul Airport,"I am a Revolut Ultra cardholder, and until recently, one of the main free benefits I valued was access to airport lounges. Specifically, at Istanbul Airport, I could use the IGA Lounge for international departures.

Today, however, to my surprise, I found out that access to that lounge is no longer available for Revolut Ultra holders. For me, this is a serious problem: Istanbul is by far one of the hubs I use most frequently, and being able to rely on a decent lounge was one of the main reasons I chose Revolut Ultra.

This isn’t just about convenience: lounges offer quiet spaces to work, food, drinks, reliable Wi-Fi, and a place to rest—all things that are otherwise hard to get in such a busy airport. Removing this lounge drastically reduces the real value of the card, at least for those of us who travel often from Istanbul.

Has anyone else experienced this? Are there any good alternatives in Istanbul for Revolut Ultra holders? And, most importantly, does anyone know if this is a temporary or permanent decision?

Honestly, I feel disappointed and frustrated: one of the main perks of my card has disappeared without notice.",Automatic-Usual-4876,22,0.76,42,2025-09-20 15:18:50,https://reddit.com/r/Revolut/comments/1nlzecs/revolut_ultra_no_longer_includes_iga_lounge_at/,Revolut,Reddit
1n1tz47,Are there any risks if I apply for a card with this exact custom design? And what the worst that could happen if Revolut declines?,Are there any risks if I apply for a card with this exact custom design? And what the worst that could happen if Revolut declines?,Illustrious-Big168,0,0.49,51,2025-08-27 22:38:00,https://reddit.com/r/Revolut/comments/1n1tz47/are_there_any_risks_if_i_apply_for_a_card_with/,Revolut,Reddit
1lnlj09,"Italian ""long-standing"" revolut users are finally receiving local IBANs","It took a year before anything happened, but finally here we are",BGamerManu,61,0.94,50,2025-06-29 19:16:34,https://reddit.com/r/Revolut/comments/1lnlj09/italian_longstanding_revolut_users_are_finally/,Revolut,Reddit
1mxw7j6,My Revolut review after using Metal for three years.,"My objective experience with Revolut.

I've been using Revolut metal for a few years now. I have now moved from Australia to Thailand and use the card every day. 

The benefits:
1. The 1% cashback cancels out the annual fee most months so the metal plan is free.
2. Of the subscriptions I use the free nordvpn.
3. My bank back in Australia offers free overseas transactions and atm withdrawals unlimited, but the exchange rate is about 0.2% worse than revolut.
4. I'm superficial I like having a metal card and when I renewed i got another free metal card and wrote a nice message for my wife which she loved.

Down sides for me:
1. Recently needed to use the customer service chat, I had to ask the same question four times in a row. I only got an answer when I asked to talk to a human at which point they claimed they were a human asked me to ask a fifth time and then finally answered. 
2. The atm withdrawal limit per month is low even on metal. If i didnt have my Australian bank this would prevent me from using Revolut. 
3. The main benefit i had for Revolut is now unavailable to me. My bank has less attractive exchange rates when transferring overseas, Revolut was great for transferring my thai apartment rent, but their interbank partners now require the landlords date of birth before transferring. I have offered copies of the contract, full name and address all of which they don't want only date of birth. The landlord is not willing to share their personal info. Meaning international transfers are no longer available to me for the purpose i use them i.e. paying rent. I've confirmed this with customer service several times now and tried to cheekily make another transfer, but they just ask for the same info then ask for my permission to revert payment.

Conclusion,  for me Revolut is a cool nice to have, but it no longer satisfies any need for me, given my Australian bank. 

I think for Australian customers it doesn't really fit into a niche given there are free alternatives. Which is a shame im a sucker for a metal card.",malloeee,55,0.95,41,2025-08-23 09:43:09,https://reddit.com/r/Revolut/comments/1mxw7j6/my_revolut_review_after_using_metal_for_three/,Revolut,Reddit
1owjufw,Could Revolut really reach $1T valuation? Genuine question.,"Without a doubt @Revolut is Europe's best shot at a $1tn dollar company. In 10 years it's achieved:

&gt; $75bn valuation 
&gt; $1bn profit 
&gt; 65m users 

It's backed by @balderton, @IndexVentures, @lakestarvc and many other great European firms.

I made this video to celebrate the success the company has seen, and its MONUMENTAL level of ambition.

It's the first video I've made like this. Let me know what you think.


Source: https://x.com/mrjbond1968/status/1989005474449223997?s=46&amp;t=N-NbxjKa4u15vRfGGCkN0A",Muted-Divide3993,15,0.66,32,2025-11-14 01:56:43,https://reddit.com/r/Revolut/comments/1owjufw/could_revolut_really_reach_1t_valuation_genuine/,Revolut,Reddit
1jilx6l,My bank started to decline Revolut top-ups,"Hello,

I have been a Revolut customer for a very long time, one of the early joiners, Revolut Metal user now and happily so. Never had any issue with it. 

My bank (in France) seems to have recently started to block credit card top-ups to Revolut. My credit card (Mastercard World Elite) is fully functional, not reached any limit, but Revolut top ups started to fail some weeks ago. At first randomly failing, but would sometime go through, now it's 100% failing. 

I contacted the bank and wait for answer, just wanted to know if others were in the same kind of situation recently. I expect them to say ""we do that to prevent fraud"" or shit like that, I know my wife had issues with her bank who still refuses top-ups by credit card. 

Is there a way to legally force them to let me use my card to top up Revolut account ? There were no changes in any conditions of use 

I know I can use wire transfer and it's not an issue but I just hate to have my credit card refused for stupid reasons and it's more convenient for me.

I tried with Google Pay and manually adding the card. 

Thanks",vince7594,26,0.81,76,2025-03-24 08:27:56,https://reddit.com/r/Revolut/comments/1jilx6l/my_bank_started_to_decline_revolut_topups/,Revolut,Reddit
1k7pz0b,Revolut said I am breaking their terms and conditions,"Hey everyone,

For the last 3 years I have been sending money to coinbase from my account without any issues. But recently Revolut contacted me about my transactions and I told them that I use my funds for trading on exchanges. I was told that I broke their terms and conditions specifically clause 11. This woman from the chat went through all my statements and when she realised that I make money trading she said that I was breaking their terms. What bullshit is this? These challenger banks just end up becoming like other banks when they see that people use their services to send money to crypto exchanges. Like imagine allowing people to send money to the exchanges and then make up bullshit reason to suspend their services if they are making money? Has anyone had the same issue with Revolut?",galdus,53,0.88,63,2025-04-25 17:59:29,https://reddit.com/r/Revolut/comments/1k7pz0b/revolut_said_i_am_breaking_their_terms_and/,Revolut,Reddit
1qnqm3d,Revolut closed my account because I'm trading crypto,"Hi, 

  
I've been trading crypto trough their REST API on revolut X. Today I got an email saying that they close my account and they don't want to give me any details at all. I have the account now more than 1 year, I haven't been using it much, the only transactions in the last year+ is 2 transactions where I've received money from my son - I would say that's highly unlikely the reason they would close my account. Other than that I'm doing a lot of crypto transactions, through their Rest API, on Revolut X. I have a small bot trading on it - is that something revolut doesn't allow ? Why would they provide REST API if they are not ok with this kind of stuff ?

Just curious if other people are doing trading thorugh their bot without any issues. It's really annoying they don't wanna give me the reason of my account closure, since it's clearly not something illegal that I'm doing like AML or other stuf.....",Party-Alarm-3755,6,0.58,19,2026-01-26 19:44:15,https://reddit.com/r/Revolut/comments/1qnqm3d/revolut_closed_my_account_because_im_trading/,Revolut,Reddit
1qd32fd,So I was checking out Revolut's metals (gold/silver) section...,"and did an experimental trade on silver to figure out their dynamics. They claim to charge a 0.99% fee on their commodities exchange, so let's break down what happened:

\- bought €196.25 worth of silver at 9am this morning, at a spot price of €79.80. The 0.99% fee was €1.94

\- by the end of day, silver was trading at a little over +2% on global markets

\- by simulating a sale, Revolut offered €187.80 after the exchange fee of 0.99% aka €1.88, showing a price of €77.90 on silver

this is AFTER silver went up over +2% in the day, which means beyond the 1.98% total roundtrip of exchange fees, I would still pay another 4% - 5% on their spread, which to me sounds absolutely insane

just wanted to share this so people are fully aware of what they are getting into when these companies offer them easy investment options with ""low fees""

",JKobe_,70,0.96,13,2026-01-14 23:27:42,https://reddit.com/r/Revolut/comments/1qd32fd/so_i_was_checking_out_revoluts_metals_goldsilver/,Revolut,Reddit
1p81dj9,revolut plan card,apparently now if you cancel your plan from metal and go straight to standard it also terminates ur card? is there any way i can cancel it and keep my card?,Long-Car-8195,36,0.83,25,2025-11-27 12:47:31,https://reddit.com/r/Revolut/comments/1p81dj9/revolut_plan_card/,Revolut,Reddit
1ozi181,There’s finally a Revolut Pay merchant list within the app!,"RevPoints -&gt; Redeem -&gt; Revolut Pay. The list is short (I’m from Austria, maybe that’s why?) but it gives you a nice overview of how many points you can get with merchants. ",the_john19,94,0.99,19,2025-11-17 14:41:45,https://reddit.com/r/Revolut/comments/1ozi181/theres_finally_a_revolut_pay_merchant_list_within/,Revolut,Reddit
1qtqnf7,Revolut Ultra is a Scam (lost 500€) No,"Why am I paying €60 per month to Revolut if you are unable to support me in a clear and well-documented dispute?

I provided all necessary evidence and clear proof, yet my refund is still being denied. Instead of receiving assistance, I am now forced to handle this matter myself.

This is not the level of service I expect from a paid premium account.

Honestly, this money would be much better invested in legal insurance or with American Express, where customer protection and dispute handling actually work.

The proof is already clearly stated in my previous email. Nevertheless, I am now left with no choice but to take legal action against Agoda.

This situation is extremely disappointing, and I expect this case to be reviewed again promptly and resolved fairly.

I was a big Fan of Revolut already invited more the 100 people. Now I have to Tell people just Revolut Standard is good ",EffectLazy3097,0,0.33,18,2026-02-02 09:38:30,https://reddit.com/r/Revolut/comments/1qtqnf7/revolut_ultra_is_a_scam_lost_500_no/,Revolut,Reddit
1n2l1td,Built a tiny free tool to help you pick the best Revolut plan,"I’ve spent the last few weeks creating a small tool to help you figure out which Revolut plan actually fits your spending and the features you really use.

I crawled all available plan data across every Revolut market and spent 30+ hours building it. I’ll probably add an easy way to skim historical changes too (like when features are removed or new benefits get added). The whole idea is to stop guessing and get a plan you really use.

You just answer a couple of quick questions and get a personalized recommendation right away. I know similar calculators have popped up before, but they often ignore a bunch of features and mostly lean on the savings interest rate, without considering what your other bank might already offer.

Anyway, it’s completely free, and I’m still tweaking a few things, so feedback is super welcome.

Try it here https://finperks.io

(Also added an easy way to skim through the plans across different countries in case someone wants to compare prices/benefits/subscriptions)

**REPOST since mod wanted me to add the site**",wromats,55,0.95,38,2025-08-28 20:01:12,https://reddit.com/r/Revolut/comments/1n2l1td/built_a_tiny_free_tool_to_help_you_pick_the_best/,Revolut,Reddit
1ox2vuy,€560 transfer via Revolut has disappeared,"I’ve been sending my rent to the same bank account for over a year, but this time €560 has completely disappeared.

Revolut suddenly asked for additional verification for the recipient’s bank, saying they needed proof from me before the transfer could continue. So I submitted the required documents and completed the verification.

However, the €560 rent payment was never delivered, even though all my other transfers (electricity bill, utilities, etc.) went through without any issues.

I also requested a trace from the recipient’s bank, but they told me there is no record of the transfer at all. I passed this information to Revolut, but it has been over a month, and all I keep hearing from them is that they are still “investigating internally.”

Has anyone else experienced something like this with Revolut?

€560 is not a small amount for me, and I really need it back. If Revolut doesn’t resolve this, is there any other way to recover my money?",Greedy_Try_1455,25,0.93,29,2025-11-14 17:31:21,https://reddit.com/r/Revolut/comments/1ox2vuy/560_transfer_via_revolut_has_disappeared/,Revolut,Reddit
1qoaz0h,Revolut is asking for my US tax residency data even though I live in Europe,"Basically, what's said in the title. How do I fix this?",joaovelez,0,0.5,19,2026-01-27 11:09:34,https://reddit.com/r/Revolut/comments/1qoaz0h/revolut_is_asking_for_my_us_tax_residency_data/,Revolut,Reddit
1nvyvl5,Why is revolut asking for my total wealth?,This requested information deems to be extremely sensitive to me and I do not feel comfortable disclosing this to anyone let alone an online/app bank! Why is revolut asking this and is there any possibility to continue without answering? It seems to be a prerequisite for joining the Revolut Switzerland Payments AG.,laseflex,13,0.68,39,2025-10-02 10:13:16,https://reddit.com/r/Revolut/comments/1nvyvl5/why_is_revolut_asking_for_my_total_wealth/,Revolut,Reddit
1or5zu6,🚨 Revolut Australia Unlawful Account Closure &amp; Funds Missing (Who wants to sue?),"Hi everyone,

I’m a lawyer and business owner based in Melbourne, Australia. I’m posting this because Revolut Australia has unlawfully closed my business account, erased my commodities and funds, and provided no valid explanation, even after I submitted proof of legitimate funds and documents verifying my business activity.

All of this happened while I was overseas, which made the situation even more distressing. Thankfully, I use other Australian banks; otherwise, Revolut’s negligence and lack of customer service would have left me completely stranded.

I’ve also been paying for the Metal Plan for almost a year, and under their own licensing terms, Metal plan accounts are supposed to receive enhanced protections and limits: protections that have clearly not been honoured.

As many of you may know, Revolut operates under an Australian Financial Services Licence and is regulated by the Australian Securities &amp; Investments Commission (ASIC). Given their repeated misconduct and breach of financial duty, I am preparing to initiate legal action and file a complaint to ASIC.

I’m reaching out to connect with other users in Australia who’ve faced similar issues, such as sudden account closures, loss of access to funds or crypto, or ignored complaints. If we unite forces, we can strengthen our collective case and push for ASIC to investigate or suspend their AFSL.

If this happened to you:
- Account frozen or closed without clear reason
- Missing balance, crypto, or commodities
- Customer service ignoring evidence or communication

Let’s team up to demand accountability and protect consumers in Australia 

This bank should not exist 
",forcoherence,25,0.64,30,2025-11-07 20:54:43,https://reddit.com/r/Revolut/comments/1or5zu6/revolut_australia_unlawful_account_closure_funds/,Revolut,Reddit
1qdm770,Revolut WON'T automatically report to the Spanish tax office,"So you will need to manually fill every investment movement and gain. Very bad, very arcaic.",Appropriate-Long,0,0.31,21,2026-01-15 15:15:47,https://reddit.com/r/Revolut/comments/1qdm770/revolut_wont_automatically_report_to_the_spanish/,Revolut,Reddit
1qi3t0d,"Been scammed of 5000 EUR through smishing and Revolut declined by dispute, although the transactions are still pending.","Hello. So I've been scammed through SMS phishing of 5000 euros. I've just delivered a parcel through GLS and then, I got a SMS purportedly from them telling me that the parcel couldn't be sent, that I had to change the address  and that I had to pay 1 extra euro or so for the delivery. It was an important document I've sent, so in my panic, it didn't cross my mind that it could be phishing.

I immediately realize what happened, opened a dispute with Revolut, they acknowledge that the merchant(which now is, as per the transactions, SBB or something, which is the Swiss Federal Railways-I live in Denmark) is not responding, but in an hour or so, they just tell me that the dispute has been declined and there's nothing more than can do ""due to card scheme rules"". There is nothing more they want to do for my case!

Please advise me, all, as I am desperate! I am losing my mind! It's a huuuuge amount of money and I can't afford to lose it! Please, anything! ",Kiwi_Acceptable,0,0.27,20,2026-01-20 15:17:55,https://reddit.com/r/Revolut/comments/1qi3t0d/been_scammed_of_5000_eur_through_smishing_and/,Revolut,Reddit
1o8wvuq,Revolut x NBA Games 2026,"Did anyone receive the Mail to the Pre-Sale Ticket Access already?

I’m a Metal costumer but sadly havent gotten anything yet.

[https://www.revolut.com/en-DE/legal/revolut-nba-2026-pre-sale-new/](https://www.revolut.com/en-DE/legal/revolut-nba-2026-pre-sale-new/)",Comunitat,6,0.75,37,2025-10-17 10:39:17,https://reddit.com/r/Revolut/comments/1o8wvuq/revolut_x_nba_games_2026/,Revolut,Reddit
1q28uv4,Revolut is withholding my funds - ETH on Optimism,"I’m in Germany and I’m dealing with a crypto deposit issue that I believe is caused by Revolut/Revolut X UI and their deposit flow.

I’m posting this as a warning and to ask if anyone has found a recovery path.

What happened

* In the Revolut X app, the “Receive” flow allowed selecting the network “Optimism” for ETH.
* After selecting Optimism, the app displayed a deposit address to copy - with no clear blocking warning that Optimism is unsupported for ETH deposits.
* around 14 ETH (40.000€) were sent via Optimism to the address shown in the app.
* The transaction is confirmed on-chain.

Revolut’s response

* The funds were never credited.
* Support later claimed Optimism is an unsupported network for ETH deposits.
* At one point support indicated a return to the original sending address would be arranged, but it never happened.
* Formal complaints were rejected and the final position is essentially “we can’t do anything”.

Why this seems like a Revolut-side UI/product issue

* The network was selectable inside the app itself.
* The warning text only talks about deposits made on the “wrong network”, but the network was chosen in-app.
* The address shown appears valid and is still shown today.
* This setup can still be reproduced in the app (screenshots available).

Questions

* Has anyone successfully recovered ETH sent to a Revolut deposit address via Optimism (or any unsupported L2) when the app allowed selecting it?
* Any confirmed escalation path that worked (e.g., Bank of Lithuania dispute resolution, regulator complaint, etc.)?
* Any concrete steps to push Revolut into performing a manual recovery?

I can share screenshots of the in-app network selection, address screen, and the complaint outcome, but I’m avoiding posting personal/account details publicly.

Already contacted Bafin, Bank of Lithuania, the german ""Verbraucherschutzzentrale"" and a lawyer, maybe that helps..

Update 2026-01-03:

* Contacted the team of revolut via mail in effort to also find the correct email of the CEO.
* Revolut Support wrote me a message on Reddit but did not respond further yet.

Similar to existing issues:

[https://www.reddit.com/r/Revolut/comments/1mq0a4t/please\_help\_me\_sent\_10k\_usdc\_from\_base\_to\_revolut/](https://www.reddit.com/r/Revolut/comments/1mq0a4t/please_help_me_sent_10k_usdc_from_base_to_revolut/)

[https://www.reddit.com/r/Revolut/comments/1pq5gun/sent\_to\_the\_wrong\_network\_on\_correct\_add\_for/](https://www.reddit.com/r/Revolut/comments/1pq5gun/sent_to_the_wrong_network_on_correct_add_for/)",Ok-Book1805,0,0.44,23,2026-01-02 19:58:42,https://reddit.com/r/Revolut/comments/1q28uv4/revolut_is_withholding_my_funds_eth_on_optimism/,Revolut,Reddit
1ppccu8,USDC sent from Coinbase to Revolut using wrong Network (Base),"Hey i wanted to ask if anyone had a simuilar experience. So i send all my USDC to Revolut (which i really need otherwise my life is over) from my coinbase account but coinbase standardly used base network and before i could react i already sent it. Now if i view my transaction hash i see the money arrived at revolut so they have it. Their support says they can do a back payment to my coinbase i agreed. But i cant really wait long… Has anyone had the same problem and how long till they solved it and sent you the money back or is there any other way through coinbase for e.x !

Thanks for you help",WearyUnit4655,0,0.5,26,2025-12-18 00:02:52,https://reddit.com/r/Revolut/comments/1ppccu8/usdc_sent_from_coinbase_to_revolut_using_wrong/,Revolut,Reddit
1q4ucb1,Revolut Ultra (Spain): WeWork perk not working + subscriptions dropped 17→16,"Hi all, I’m based in Barcelona, Spain, and I’m having two separate issues with Revolut Ultra: 

1.	WeWork / coworking perk — is not working Since Jan 1, the WeWork (coworking) benefit hasn’t been updated / doesn’t work. I’ve contacted Ultra priority support, but after 6 days I still don’t have a real fix—only “it’s been escalated.” 

2.	Included subscriptions — dropped from 17 to 16 When I subscribed, Ultra showed 17 included subscriptions/benefits. Now it shows 16, and support can’t tell me which one was removed or why.

Anyone else in Spain (or elsewhere) seeing the same? If you solved it, what worked (app update, perk reset, reissue, etc.)?",Relevant-Sky3305,1,0.6,22,2026-01-05 18:50:49,https://reddit.com/r/Revolut/comments/1q4ucb1/revolut_ultra_spain_wework_perk_not_working/,Revolut,Reddit
1qombye,Revolut dispute chargeback help,Some agent are saying that it’s the final outcome for declined cases and some are saying that indifferent evidence I’m so confuse what’s going on???,Warm_Training_752,0,0.5,17,2026-01-27 18:36:02,https://reddit.com/r/Revolut/comments/1qombye/revolut_dispute_chargeback_help/,Revolut,Reddit
1jwtesp,UPDATE: Revolut Withheld My $500k — I got my first 50k out,"Hey folks, for those who are interested, here’s a quick update for everyone who followed my original post about Revolut withholding half a million dollars. Along the way, they accidentally admitted to having issues with their partner bank since October 2024…

# Recap:

I transferred my life savings to Revolut after confirming with their customer support that I’d be able to move it freely afterwards. Result: money stuck, \~$60/day lost in interest, and endless stonewalling.

# What’s happened since the post:

* The post blew up -- 120,000+ views, 140+ comments, lots of DMs. So, I guess a lot of people either a) joined in the rant, or b) enjoyed a bit of schadenfreude at how dumb one can be (and fair enough…)
* Revolut *publicly* responded here on Reddit. Some of you weren’t having it — shoutout to u/oneletter2shor for calling them out.
* They also DM’d me within hours of the post going viral and guess what: The original weekly cap *got immediately lifted*… but was replaced with a per-transfer limit of $50k every 3 hours. Nice sleight of hand.
* So, 50k have made it out, 9 more tranches to go
* During the chat support back-and-forth, they accidentally admitted they've been having a major issue with their partner bank (Sutton) since October 23, 2024. It has something to do with their savings accounts. I’m getting more details -- but don’t be mad if I hold off on sharing more until all my money is out of Revolut

**Learnings?**

I'm a dumb f\*ck, but also:

1. u/Ldn_Syd: *“It’s a holiday travel card. And that’s all”*
2. u/Mediocre-Ad1831: *“See it as a friendly favour from Revolut. Since you're using a fintech bank to wire a half million to Robinhood”*
3. u/GenetikGenesiss:*“Please do everything in your power to bankrupt them into non existence or sue for so many damages they are forced to make you a major shareholder. Please fix revolut for everyone xD”*",market_monkey,155,0.94,42,2025-04-11 17:01:27,https://reddit.com/r/Revolut/comments/1jwtesp/update_revolut_withheld_my_500k_i_got_my_first/,Revolut,Reddit
1qu0zzv,BTC - Revolut vs. Crypto.com price difference,Why do Crypto.com (higher) and Revolut (lower) have such a big price difference in the same time?,jaja199516,21,0.78,14,2026-02-02 17:11:45,https://reddit.com/r/Revolut/comments/1qu0zzv/btc_revolut_vs_cryptocom_price_difference/,Revolut,Reddit
1mk0826,Revolut don't unlock my ETH from stacking after 16 days,"
My ETH money is blocked and I spoke multiple times on chat about it and they said it would take maximum 16 days to get it because it was on stacking, 16 days passed and it still blocked, now they turn off the chat support , should I advance with a lawsuit?",Timely_Yam_4309,0,0.5,51,2025-08-07 14:32:56,https://reddit.com/r/Revolut/comments/1mk0826/revolut_dont_unlock_my_eth_from_stacking_after_16/,Revolut,Reddit
1p0mm2p,Why doesn't Revolut advertise new benefits they add?,"I am a Metal subscriber. I just accidentally stumbled across 3GB of global mobile data that I get monthly. This was not a thing a couple of weeks/months ago. I also randomly read on Reddit two days ago that Lovable, Duolingo and Flow were also added to Metal.

They should let me know and be proud of these new benefits. Or am I part of some kind of test group and these are not final?",Equivalent_Map8474,28,0.95,26,2025-11-18 20:15:25,https://reddit.com/r/Revolut/comments/1p0mm2p/why_doesnt_revolut_advertise_new_benefits_they_add/,Revolut,Reddit
1m8t3es,Revolut Business account emptied apparently on orders from PLAIS,"My Revolut business account (Finnish business) has been emptied. Previous balance €13414.

I immediately reported fraud, and Revolut told me it wasn't a fraudulent transaction but as a result of an order received from PLAIS which is Lithuanian Cash Monitoring System.

They told me to go to this website [https://www.antstoliurumai.lt/en](https://www.antstoliurumai.lt/en)

I asked for a court order and they said that under Lithuanian rules this orginisation can take money at will. I said they at least had to have a cause, and a reference number but no, Revolut said I must contact this orginisation myself without any details and politely ask them why they took my money.

I have not tried to contact them yet. Anybody had this experience? 

Where do I go from here?",Irish_beast,18,0.67,49,2025-07-25 08:44:58,https://reddit.com/r/Revolut/comments/1m8t3es/revolut_business_account_emptied_apparently_on/,Revolut,Reddit
1qr0f3z,Weirdly cheap prices on Revolut stays,"I was looking at a hotel for 6 days in Chongqing on [trip.com](http://trip.com) and they had a 3 bedroom apartment for €2000+. However, when I looked it up on Revolut it's only like €470 for the exact same dates and room. Would love to book but it feels too good to be true.

It's about 2 grand on Agoda and Expedia was well and when I changed the dates to one night on Revolut it was around €300 which is the usual rate. I don't know why it's that cheap for 6 whole days for such a big apartment.",Mobile-Lie6087,6,0.88,16,2026-01-30 09:02:09,https://reddit.com/r/Revolut/comments/1qr0f3z/weirdly_cheap_prices_on_revolut_stays/,Revolut,Reddit
1ma8b49,How to Make Revolut Listen Up: A Legal Guide for EU and UK Customers,"Locked out of your account? Funds frozen for weeks/months ?Money disappeared? Fraud report ignored? Here's how to legally fight back.



What's Going On?



Lots of people are saying the same thing: Revolut freezes accounts out of nowhere, ignores fraud claims super fast, and leaves customers hanging for weeks (or even months!) with zero help.



If that sounds like you, don't worry! You can do something about it.



This guide will show regular customers and small business owners in the UK and EU how to take Revolut to court (without a lawyer!) to get back what's yours. It's not too expensive, anyone can do it, and it can really work.



What This Guide is About



This is for getting back money you're owed. We're talking about clear amounts, like money stuck in your account, refunds they didn't give you, or messed-up transfers.



You can also add interest and court costs to what you're claiming.



If Revolut gets back to you before the court makes a decision, you can try to get them to settle. This means you could get a little extra on top of what they owe you, even if you can't directly claim for damages in small claims court. I'll tell you more about that later.



**Who Are You Suing, Exactly?**



It depends on where you live and where your account is registered.



United Kingdom



If your Revolut account is a UK one (check the app or your signup stuff), sue:



Revolut Ltd

 Company Number: 08804411

 7 Westferry Circus

 Canary Wharf

 London E14 4HD

 Contact them here:

legaldisputes \[at\] revolut \[dot\] com

  


courtorders \[at\] revolut \[dot\] com



You can do it all online using the Money Claim Online system. You don't even need to leave your house. If you're not in the UK, a virtual address service like [UKPostbox.com](http://UKPostbox.com) can help (around £15–£20).



European Union



If your account has a Lithuanian IBAN or says it's with Revolut Bank UAB, then you're dealing with:



Revolut Bank UAB

 Company Number: 304580906

 Konstitucijos ave. 21B

 08130 Vilnius, Lithuania

 Contact them here:

legaldisputes \[at\] revolut \[dot\] com

  


courtorders \[at\] revolut \[dot\] com



You can use the European Small Claims Procedure:



\*   From your own country (there are rules for suing across borders), or

\*   Straight to the Lithuanian courts (if you're okay with that)



Most EU countries let you file small claims by mail or email.



**What Money Can You Actually Claim?**



✔ \*\*Specific Amounts:\*\* Money that's clearly yours and you can prove they owe you. For example:



\*   Frozen funds

\*   Denied refunds

\*   Money sent back that never came back

\*   Blocked incoming transfers

\*   Business accounts shut down with money still inside



✔ \*\*Interest:\*\* In the UK, you can add 8% interest per year. Other EU countries have their own rates, usually 5–10%.



✔ \*\*Court Fees:\*\* You can add the cost of filing the claim to what you're claiming.



❌ \*\*What you can’t claim:\*\* You can't get money for stress, being annoyed, or other non-money problems through small claims. BUT, if Revolut wants to settle, you should ask for a little extra to make up for it.



UK Court Fees (Money Claim Online - 2025)



| Claim Value          | Filing Fee |

| :------------------- | :--------- |

| Up to £300           | £35       |

| £300.01 to £500      | £50       |

| £500.01 to £1,000    | £70       |

| £1,000.01 to £1,500  | £80       |

| £1,500.01 to £3,000  | £115      |

| £3,000.01 to £5,000  | £205      |

| £5,000.01 to £10,000 | £455      |

| £10,000.01 to £200,000| 5% of claim

| Over £200,000| £10,000



To start, search make money claim online gov uk on Google to find the official UK government website.



EU Claims (European Small Claims Procedure - Up to €15,000)



This works for suing Revolut Bank UAB (Lithuania) from another EU country. You can start the process in your own country's court, or go directly to Lithuania.



Fees (Lithuania):



\*   3% of the claim, minimum around €15

\*   25% off if you file online



To see the fees for each country, search EU court fees small claims e-justice on Google



File your case quickly after the problem happened (within 2-3 weeks is best). The court will usually tell Revolut about it soon after you file.



**How to Settle with Revolut**



In the official forms, you can't ask for compensation for the trouble they caused.



BUT, if Revolut reaches out after you file, you can offer to drop the case if they:



\*   Pay back the full amount they owe you

\*   Cover your court fees

\*   Give you a bit of extra (€100–€500 is normal)



Make sure you get everything in writing and only drop the case AFTER they pay you.



**Getting Your Case Ready**



Take your time to prepare. A strong case makes them take you seriously.



Include this:



\*   A timeline of what happened (with dates)

\*   Screenshots of your conversations with Revolut

\*   Proof that you sent them your ID, documents, transfer info, etc.

\*   Screenshots showing money missing from your account or locked

\*   A short explanation of how you tried to sort it out with them



Before you file, send Revolut a formal letter and email. Tell them:



\*   What you're claiming

\*   Why you're claiming it (broken contract, consumer rights, etc.)

\*   That you'll go to court if they don't fix it within 14 days



Be polite and professional. You're not threatening, just letting them know what's up.



**Tell the Authorities**



Even if you're suing, report Revolut to the people who keep them in check, especially if you think they're doing shady stuff.



\*   \*\*UK FCA:\*\* consumer \[dot\] queries \[at\] fca \[dot\] org \[dot\] uk

\*   \*\*ASA (UK advertising):\*\* enquiries \[at\] asa \[dot\] org \[dot\] uk

\*   \*\*CMA (UK competition):\*\* general \[dot\] enquiries \[at\] cma \[dot\] gov \[dot\] uk

\*   \*\*EBA (EU banking):\*\* whistleblowing \[at\] eba \[dot\] europa \[dot\] eu



Send them a quick description, your Revolut complaint number, and copies of any documents.



**One Last Thing**



I'm not a lawyer. I'm just someone who had this problem with Revolut and fought back. This is based on what I learned. It's not legal advice, so double-check everything and talk to a lawyer if you're not sure.



But here's the thing: Revolut can't just keep your money forever. They have to properly look into fraud. They can't block you from your own money without a good reason.



Taking them to court, even with a simple small claim, can get them moving. Once your case lands on their legal team's desk, you're not just another random customer anymore.



So, be organized, keep records, and don't give up.



You have choices. Use them. Feel free to ask me any questions !",kol6Figueiras,137,0.91,29,2025-07-27 01:07:34,https://reddit.com/r/Revolut/comments/1ma8b49/how_to_make_revolut_listen_up_a_legal_guide_for/,Revolut,Reddit
1qojuji,Is it possible to report a scammer to Revolut if they are receiving money via its service?,"I got scammed by a Reddit user who took money via revolut. I have their full name and Revolut account number. Basically, they needed help with food and said they'd return the amount on a later date. I try to help a few people where I can with small amounts so I didn't mind. However, they blocked me as soon as they received the money, which is silly to me because its a small amount. However, I see they have been posting and asking people for money on Reddit, certainly trying to scam others too and potentially that small amount multiplying. I don't care about the money, but would be glad if Revolut were to look into their transactions and take action.",Standard_Property213,0,0.4,17,2026-01-27 17:11:09,https://reddit.com/r/Revolut/comments/1qojuji/is_it_possible_to_report_a_scammer_to_revolut_if/,Revolut,Reddit
1qj5cri,"Revolut disabled access to crypto (no withdraws, nothing) in EU. Please help understand their explanation via Complaint","Asking for a relative here.

""Buy"", ""Send"" worked fine before 2026. Kept withdrawing due to daily limits.

Since 2026 January ""Send"", ""Receive"", ""Buy"", ""Sell"" of Bitcoin was disabled.

Some time later ""Cryptocurrency"" meniu completely disappeared.

No explanation or real help from ""Assistant"".

Written Complaint via form.

Main point of their answer due to Complaint:

&gt;Cryptocurrency services are subject to stringent legal and compliance requirements. In certain situations, these requirements necessitate that access to crypto-related features be restricted or made unavailable on an account. Based on the application of these requirements, cryptocurrency services are currently not available for your account.

&gt;These limitations are applied automatically as part of our established compliance framework and do not signify an investigation, a review in progress, or any specific concern regarding your account.

&gt;At this juncture, we are unable to enable cryptocurrency services. Should the applicable compliance conditions change in the future, availability will be reassessed in accordance with our regulatory obligations.

&gt;Please be advised that this decision is determined by our compliance framework and the legal requirements pertaining to cryptocurrency services. We are unable to disclose internal criteria or decision logic.

So, without disclosing internal criteria, allegedly due to ""stringent legal and compliance requirements"", they basically ""unable to enable cryptocurrency services""?

Is this due to EU regulations? How to get funds back? Should relative get help from a lawyer?

Thanks!",Talkless,0,0.44,18,2026-01-21 18:08:20,https://reddit.com/r/Revolut/comments/1qj5cri/revolut_disabled_access_to_crypto_no_withdraws/,Revolut,Reddit
1n4vre8,Revolut account blocked for 2 weeks – €3707 stuck + salary returned,Revolut account blocked for 2 weeks – €3707 stuck + salary returned,Ballerinas92017,7,0.62,43,2025-08-31 15:12:56,https://reddit.com/r/Revolut/comments/1n4vre8/revolut_account_blocked_for_2_weeks_3707_stuck/,Revolut,Reddit
1q1cd6t,Revolut app crashes during registration (iPhone 15 Pro),"Hi,
I’m having an issue while registering for Revolut.

After entering my phone number and the SMS verification, the app asks me to choose whether I want to allow push notifications. No matter which option I select, the app crashes immediately.

I’ve tried reinstalling the app and updating my phone, but the problem still occurs.

Device: iPhone 15 Pro
iOS: latest version

Has anyone else experienced this or knows a workaround?

Thanks!
",Emergency_Avocado298,7,1.0,20,2026-01-01 19:16:55,https://reddit.com/r/Revolut/comments/1q1cd6t/revolut_app_crashes_during_registration_iphone_15/,Revolut,Reddit
1kzsm0s,Revolut is requesting personal data (Salary scale) and threatening that my account won’t be useable anymore if I do not respond ASAP. I received an email. Apparently I would need to indicate it on the app directly.,Is this even legal in the EU? Have you received any of these and responded? thank you all,Wonderful-Bat-5897,0,0.36,62,2025-05-31 09:59:00,https://reddit.com/r/Revolut/comments/1kzsm0s/revolut_is_requesting_personal_data_salary_scale/,Revolut,Reddit
1kuuc0b,Alternatives for revolut in eu?,Lately i have been very dissapointed with revolut and downgraded from metal to plus. But i was wondering if anyone recommends a similar service that has better benefits? ,blablabla765431,40,0.85,53,2025-05-25 05:43:43,https://reddit.com/r/Revolut/comments/1kuuc0b/alternatives_for_revolut_in_eu/,Revolut,Reddit
1pprigd,Revolut a restreint mon compte,"Recently, I sold a motocross bike to a private individual. It was a private sale, and since Revolut has become my main bank for almost two years, I gave them my Revolut IBAN. I received the transfer they made in three parts: one from their account and the other two from their friend's account, since they had reached their limit. I sold this item to acquire another one. So, I immediately tried to make the transfer. To the next person I was supposed to buy the item from, big surprise: Revolut suddenly restricted my account and put aside €2000, which I can't touch. My salary is coming in a week, and they would have refused your incoming transfer. I've been sending them messages since last Sunday; it's been four days now. They're asking me to justify the sale, but I don't have a sales certificate. I'm sending them proof that the transfers are indeed from the deposit the buyer provided me. This aqua box replies to me. ""We'll let you know if we need more documents."" Does anyone know how to speed up the process because I urgently need this money, and I need to receive my salary in my Revolut account?",Ill-Meringue3788,0,0.3,20,2025-12-18 14:00:31,https://reddit.com/r/Revolut/comments/1pprigd/revolut_a_restreint_mon_compte/,Revolut,Reddit
1of09c2,"Revolut wants passport, only have driving license UK","Hi, my partner is having a bit of trouble. She opened a savings account together with me, we already have a current account together with revolut and that's fine. However when trying to open the savings, revolut started  saying they need additional information as part of regulatory requirements, however when she goes to the verify citizenship page, it only asks for passport. Not driving license or anything. 

She had contacted live chat and they said to ignore it. However she received a reminder email today and she contacted live chat and now she's being told different.

Please can anyone help?",N88C,0,0.47,33,2025-10-24 16:07:40,https://reddit.com/r/Revolut/comments/1of09c2/revolut_wants_passport_only_have_driving_license/,Revolut,Reddit
1lnmo91,"i cant open revolut app , it says is not supported on devices with custom firmware","2 days now i cant open revolut app , it says is not supported on devices with custom firmware and i dont use any custom firmware! My phone is xiaomi 11t and i was using revolut just fine! This is a disaster! i have tried everything, cleaning cache , reinstall app and nothing worked!

https://preview.redd.it/7t1gydqcbx9f1.jpg?width=1080&amp;format=pjpg&amp;auto=webp&amp;s=0e15585edb023a671f5deb2fd46f432f742a6912",Least-Rub5933,4,0.75,54,2025-06-29 20:03:47,https://reddit.com/r/Revolut/comments/1lnmo91/i_cant_open_revolut_app_it_says_is_not_supported/,Revolut,Reddit
1p394j9,Hr Revolut Job Opinion,"Hi,
Does anyone work in HR department at Revolut? I am curious on the work environment. ",Initial_Ad5090,2,1.0,27,2025-11-21 20:17:12,https://reddit.com/r/Revolut/comments/1p394j9/hr_revolut_job_opinion/,Revolut,Reddit
1mdto53,Revolut alternatives for EU resident?,"Brit living in The Netherlands here, with a Revolut Premium account in EUR/GBP, which I primarily use for my banking needs in UK.  May also need to use it to receive a large inheritance in the near future. 

Very worried about all these stories of Revolut suddenly blocking account access with no customer service response. 

Such a pity, as when Revolut works, it’s great. 

Post Brexit, what are the viable alternatives?",Pretty_Radio_7746,11,0.68,46,2025-07-31 06:56:40,https://reddit.com/r/Revolut/comments/1mdto53/revolut_alternatives_for_eu_resident/,Revolut,Reddit
1l7ehvi,Revolut is a freaking fraud,"Don't ever use Revolut because they will charge you hidden fees. After using the service for 10 months and paying monthly fees I now realised that the service doesn't work as advertised. ATMs still charge you withdrawal fees because they probably don't recognize the card. 

The insurance has so many conditions that it's basically impossible to claim insurance in case of a problem and when you want to downgrade they charge you with two months of monthly plan because apparently you agreed to a two year agreement which was not properly communicated. 

I don't want to see this fraudulent service ever again. I hope this company will go bankrupt.",jaykosurko,0,0.33,58,2025-06-09 20:48:13,https://reddit.com/r/Revolut/comments/1l7ehvi/revolut_is_a_freaking_fraud/,Revolut,Reddit
1p35ap0,r/Revolut rejected and lost incoming transfer. No help from customer services,"I made a large payment to myself within the UK, from HSBC to Revolut, with the intention of converting currencies. It was a CHAPS transfer. I make such transfers monthly, but of far smaller amounts.

HSBC confirmed the transfer went through and verified all the details, but the money wasn't showing up in my Revolut account. (CHAPS transfers are almost immediate).

A day later, Revolut stated that the transfer had been rejected (declining to explain why) and sent back to HSBC. However, HSBC has not received any funds. Though HSBC, I have come to find out that they are sitting with an intermediary bank (Barclays). HSBC stated that Revolut needs to ensure the returning transfer is completed.

A full week later and hundreds of messages with Revolut through their app (they refuse to provide a phone contact), I still don't have my money. I have provided MT103 SWIFT documents and HSBC payment confirmations, but Revolut keeps rejecting them as ""invalid documents"". They keep opening tickets with their payments/transfers department, who just close them within an hour with a rejection without rationale.

I have now logged a formal complaint with Revolut, with the intention to follow immediately after 15 days with an Ombudsman complaint if not resolved and, eventually, a legal action.

I see similar cases. Can someone tell me if they managed to get their money back, how and how long it took? Any advice?",Connect_Situation726,19,0.86,24,2025-11-21 17:49:38,https://reddit.com/r/Revolut/comments/1p35ap0/rrevolut_rejected_and_lost_incoming_transfer_no/,Revolut,Reddit
1m8ai3b,Sand your Revolut Metal cards,"My Metal card started losing paint while travelling so I just removed all the remaining paint and it looks dope af. 
Obviously try to not damage the chip and magnetic strip",nothingeverhappen,55,0.81,38,2025-07-24 18:22:32,https://reddit.com/r/Revolut/comments/1m8ai3b/sand_your_revolut_metal_cards/,Revolut,Reddit
1qrbden,(Revolut 2 months of free Premium) too good to be true?,"Did I miss something?

Is it totally free if I don’t order any card and cancel within 2 months?",Initial-D-88,2,0.58,14,2026-01-30 17:09:33,https://reddit.com/r/Revolut/comments/1qrbden/revolut_2_months_of_free_premium_too_good_to_be/,Revolut,Reddit
1os4dsi,Since when did Revolut start to use 100% AI generated answers even if you escalate to a human agent?,Since when did Revolut start to use 100% AI generated answers even if you escalate to a human agent?,Apprehensive_Dig7397,0,0.41,29,2025-11-08 23:54:09,https://reddit.com/r/Revolut/comments/1os4dsi/since_when_did_revolut_start_to_use_100_ai/,Revolut,Reddit
1ojd1mm,Revolut Ultra for Lounges,"Hi guys I am planning to go on holiday in a few days and since I will be in 5 different airports in the next few weeks I was wondering if getting the revolut ultra pass was worth it. Also, do I need the physical card with me or is it done by phone only? That's important cause I will leave in 2 days and there is no way I get a physical card before that lol",ec_mack1140,16,0.94,28,2025-10-29 18:49:56,https://reddit.com/r/Revolut/comments/1ojd1mm/revolut_ultra_for_lounges/,Revolut,Reddit
1q5y116,"Revolut account restricted for over 2 months after $5,000 transfer — anyone in the US experienced this?","Hi everyone,

I’m based in the US and I’m looking for advice from anyone who has dealt with a similar situation with Revolut.

On November 12, I transferred $5,000 from my Bank of America account to my Revolut account. Shortly after that, my account was placed under restriction and has remained restricted for over two months.

I contacted Revolut support many times and clearly stated that I’m willing to provide any documentation or proof of funds they need, but I never received a clear explanation, a list of required documents, or a timeline for resolution. I also cannot access or withdraw my money.

One support agent mentioned allowing contact with “authorities” for authorization, but this was never explained properly, and no further instructions were provided.

For additional context, I already filed a complaint with the CFPB. I was informed that Revolut would contact me directly in response to the complaint, but so far there has been no progress or meaningful update.

At this point, I only want my funds returned, even if that means closing my account.

Has anyone in the US experienced a prolonged Revolut restriction like this?
• How did you eventually get your funds released?
• Did escalation beyond CFPB help?
• Any specific steps or wording that worked for you?

I’d really appreciate any advice or shared experiences.
Thank you.",piclee13,16,0.83,16,2026-01-06 22:57:10,https://reddit.com/r/Revolut/comments/1q5y116/revolut_account_restricted_for_over_2_months/,Revolut,Reddit
1maj5a9,Revolut as a daily bank account,"I just opened an account because I'm sick of Huntington telling me where I can or can't spend my money, and chatgpt said that revolut doesn't block international transactions. It seems this is mostly used for currency exchange, and wire transfers. Has anyone just used this as a normal, daily bank account domestically? If so, what's your experience been like? Thanks",Fit-Judge7447,23,0.83,43,2025-07-27 11:39:35,https://reddit.com/r/Revolut/comments/1maj5a9/revolut_as_a_daily_bank_account/,Revolut,Reddit
1p1z0z3,"Revolut gave me an invalid £50 Google Play gift card (7,000 RevPoints) and keeps blaming Google - what can I do?","I’m having a really bad experience with Revolut and I’d like to know if anyone else went through something similar.

I used 7,000 RevPoints to redeem a £50 Google Play gift voucher (UK). The voucher doesn’t work at all and gives errors on Google Play, even though my account is set to the UK.

I contacted Revolut support and they kept saying it was Google’s problem. They refused to escalate my case and even suggested I wasn’t being honest about contacting Google.

I reached out to Google Play through their official support form. They replied saying they cannot activate or fix third-party gift vouchers and that the issue comes from whoever issued it — not from me. I sent this proof to Revolut, but they still refused to help. They closed my complaint and said their answer is final.

At this point, I’m planning to escalate the situation to the Financial Ombudsman Service because Revolut won’t replace the voucher or restore my points, even after Google confirmed the issue is on the issuer’s side.

Has anyone else had problems with gift vouchers or RevPoints? Did Revolut resolve it for you?",KassiaVieira,46,0.91,18,2025-11-20 09:41:03,https://reddit.com/r/Revolut/comments/1p1z0z3/revolut_gave_me_an_invalid_50_google_play_gift/,Revolut,Reddit
1nq7xxl,"Revolut Ultra — Account Blocked Without Clear Reason, Support Unresponsive","I'm a Revolut Ultra member, and my account was suddenly restricted without prior warning or a specific explanation. After submitting a formal complaint, I received only a generic reply referencing their terms (""When we might block your account or Revolut Card"") — with no connection to my actual case.

The response felt templated and vague, lacking transparency or justification. I've contacted national financial authorities in both the Czech Republic and the UK, but haven't received any updates yet.

This is urgent, as I need access to my funds to cover rent and other essential expenses. I expect Revolut to review the situation and restore full access promptly.

If anyone has faced a similar issue or has advice on how to escalate this effectively, I'd appreciate your input.",Severe_Guarantee_803,8,0.65,35,2025-09-25 15:15:26,https://reddit.com/r/Revolut/comments/1nq7xxl/revolut_ultra_account_blocked_without_clear/,Revolut,Reddit
1mqmums,"Paying €4,300 to a private seller via Revolut – what security questions should I expect?","Hey all,

I’m buying a van from a private seller tomorrow for €4,300 and plan to pay through Revolut. I’ve never sent that much to someone I haven’t paid before, so I’m expecting Revolut might ask some security questions or temporarily hold the payment.

For those who’ve done large one-off payments on Revolut:

What kind of security/fraud-prevention questions did you get?

Did Revolut ask for proof of the item, the seller’s details, or the source of funds?

How long did the checks take before the money went through?",segasega89,14,0.94,38,2025-08-15 04:57:49,https://reddit.com/r/Revolut/comments/1mqmums/paying_4300_to_a_private_seller_via_revolut_what/,Revolut,Reddit
1plkq13,Beware of Revolut keeping your money,"Revolut are basicaly thieves. I sent to TRUSTED and VERIFIED recepient money (where i sent money regularly), that is used for embankment of land where I will be building resort. It is very time sensitive, Revolut has been illegaly withholding my money FOR OVER THREE WEEKS. It costs me roughtly 1500 Eur EVERY DAY fines on delayed payment, which I explain them every day for two weeks now, they do absolutely nothing. Three times during those weeks they streight up LIED and told me it will be released within 24 hours. They dont ask any info about me or the transfer, they are just illegally withholding my money, causing me high fine every day. I demanded to speak to the manager of the team, that is supposedly handling the case- when I demant to speak to him, they just transfer me to another underlink, who does absolutely nothing.

So unless you want your money stolen by shady company, dont use Revolut. This WILL end in court case, I will keep update how it goes with those thieves.

If someone from Revolut is reading this thread- release the money you are illegaly taking from me and be ready to reinburse me for fines you cost me",Slow_World9796,0,0.41,22,2025-12-13 12:54:17,https://reddit.com/r/Revolut/comments/1plkq13/beware_of_revolut_keeping_your_money/,Revolut,Reddit
1qjqasb,Revolut “temporary restriction” with no explanation or timeline,"Revolut placed a “temporary restriction” on my account without any prior notice.

Since then:

	•	no clear reason has been provided,

	•	no timeline has been communicated,

	•	only generic replies like “standard security review”.

All requested documents have already been submitted, yet the restriction remains and full access to my funds is still blocked.

I understand compliance and security checks, but calling it temporary while giving no transparency and no expected resolution date, and freezing all funds, is extremely problematic.

👉 Has anyone experienced a similar temporary restriction with Revolut?

👉 How long did it actually take before the account was unlocked?

Thanks for any feedback or advice.",ConsistentBeat6367,0,0.43,15,2026-01-22 09:41:03,https://reddit.com/r/Revolut/comments/1qjqasb/revolut_temporary_restriction_with_no_explanation/,Revolut,Reddit
1opk363,Revolut's multi-currency IBAN is broken.,"I sent a large wire transfer to Revolut in CAD and it arrived as the wrong currency and at a horrible FX rate that caused me to lose about $7,000 in CAD. Revolut support was of no help and said they didn't convert anything. The other bank I sent the transfer from investigated the issue and confirmed that the funds were sent in CAD and were received by Revolut's intermediary bank Societe Generale as CAD. I brought this information back to Revolut and they just dodged resposibility, said they had no visibility into this and I should investigate further with my other bank. They were unwilling to contact their intermediary bank and figure out what happened.

Buyer beware if you send international transfers to Revolut. It may arrive as the wrong currency, you will get destroyed on the terrible conversion rate their intermediary bank gives you, and their support will do little to help you. The felt it was my Canadian bank's responsibility to figure out why Revolut's intermediary bank decided to change the currency and they were unable (unwilling) to do anything about it.",speedybanana,42,0.87,22,2025-11-06 00:18:08,https://reddit.com/r/Revolut/comments/1opk363/revoluts_multicurrency_iban_is_broken/,Revolut,Reddit
1qr253x,Concerned about future €5-6k transfer into Revolut account,"Hi all, i have been using revolut for a month or so. Originally opened an account as I want an easy way to pay in foreign currencies during my holidays without hauling stacks of cash.

I found a lot of handy features and have been using it more than my main bank since then.

I did read a lot of horror stories that concerned me for my summer holiday.

Before summer, i’m planning to sell about 5-6k € worth of gold i have been buying the last 4-5 months. I would then deposit it into my main bank account (my name) and then transfer to my Revolut acct (joint me + wife) to use it during my holiday.

What is the risk my acct will get frozen on this transaction? I never kept the receipts, bought some of the gold cash and some with my debit card. I can ask for a receipt of my sold gold if necessary.

Anybody here with advice or experience regarding this? Thanks in advance.",Crk38,2,0.75,13,2026-01-30 10:44:58,https://reddit.com/r/Revolut/comments/1qr253x/concerned_about_future_56k_transfer_into_revolut/,Revolut,Reddit
1phme09,Revolut has revoked nearly £700 and cleared out my bank account ….,"Cut long story short- we have had massive issues disputing a direct debit with a notorious merchant. Revolut resolved it and got our monies back, under the Direct debit guarantee. They then got in touch with me asking if I had any further evidence as merchant is disputing this. I provided sufficient evidence.

3 weeks later, Next thing I know- revolut completely drained my bank account by reversing this return- and gave back the merchant their money.

They have put me into financial hardship with them giving into the merchants demands. Now they can’t retract that money back from the merchant unless the merchant WANTS to, which they won’t.

I’ve complained, I’ve asked for a resolution. And for over a week I’ve been told ‘the team are working on this’ and they feed me with sympathy.

Is there anything else I can do or say? I’m furious they have returned the money back to the merchant!!",tootypootycooty,150,0.84,50,2025-12-08 19:53:18,https://reddit.com/r/UKPersonalFinance/comments/1phme09/revolut_has_revoked_nearly_700_and_cleared_out_my/,UKPersonalFinance,Reddit
1od4e6g,Should I be freaking out about an incoming Revolut transfer of a significant sum of money having not yet arrived?,"I recently switched to Revolut as my main bank because I quite liked their app. I'm now receiving £20,000 in a lump sum as an inheritence, sent from a family member yesterday via one of the major banks, and it's still not arrived. They sent me £1000 a week ago to the same details and it arrived just fine.

My family member rang their bank earlier today and they said they'd held it as they thought it may be fraud, however he assured them it wasn't and they said they'd transfer it on themselves, however it's still not arrived. I did a bit of Googling and I've seen some stuff like Revolut is not a real bank, etc? Things which as a non-banking-savvy person has now convinced me that my money is lost in the ether somewhere. If someone knowledgeable about this could help me;

\- What are the chances my money is lost in the ether?

\- Is it safe to keep such a sum in Revolut, or when it arrives would you transfer it to another bank immediately?

 \- Would it be worth it my family member contacting their own bank and telling them to instead send the money to my other bank, one of the major UK banks?

Many thanks.",Corsair833,20,0.74,35,2025-10-22 11:18:04,https://reddit.com/r/UKPersonalFinance/comments/1od4e6g/should_i_be_freaking_out_about_an_incoming/,UKPersonalFinance,Reddit
1o5nw74,I develop adult video games on Steam. I can't find a bank that will actually let me withdraw my money from Steam. Can I get some advice?,"Game has sold quite well on Steam. I've got almost £90,000 ready to withdraw after Steam's cut + VAT taken off.

However, it's been 2 months now and I can't find ANY bank in the UK who will let me withdraw my money from Steam.

I've been banned/refused/unable to get a business account with:

Wise  
Revolut  
Monzo  
Monese  
Chase  
Starling  
Nationwide  
Halifax  
Barclays  
Lloyds  
RBS

It always comes down to, ""Where did you get this money from?""

""It's coming from games I sell on Steam.""

""Can we see the store page?""

""Sure.""

""I'm sorry, we can't do business with you at this time.""

It keeps coming down to a commercial decision purely because I make adult content.

What the hell am I supposed to do? I've pretty much exhausted the whole banking system. I just want to be able to be paid for products I've sold.",Previous-Camera1641,936,0.95,496,2025-10-13 17:05:57,https://reddit.com/r/UKPersonalFinance/comments/1o5nw74/i_develop_adult_video_games_on_steam_i_cant_find/,UKPersonalFinance,Reddit
1l4n6j5,Is it safe to put a large amount of savings into Revolut?,"I’m talking £40,000 the current interest rate is 4 per cent which is better than an ISA. Asking for a friend, I said I’d do some research. They are cautious of putting this amount of money in but could get a better return and want instant access. Thanks ",Key-Environment-4910,0,0.36,50,2025-06-06 09:19:21,https://reddit.com/r/UKPersonalFinance/comments/1l4n6j5/is_it_safe_to_put_a_large_amount_of_savings_into/,UKPersonalFinance,Reddit
1py5mvh,Revolut savings 4.5% - ok to use?,Is this fine to use? Have heard bad things about Revolut but it says it’s FSCS protected. It’s not on the MSE top savings account list despite paying 4.5% daily ,cynthiaxs,0,0.36,14,2025-12-28 23:15:13,https://reddit.com/r/UKPersonalFinance/comments/1py5mvh/revolut_savings_45_ok_to_use/,UKPersonalFinance,Reddit
1jb763x,Is Revolut still as bad nowadays?,"I really like Revolut and haven’t had any problems in the last 4 years, but I’m aware it has a very bad reputation on this sub (I’m fairly new to this sub so didn’t know beforehand). People keep mentioning it’s not FSCS protected but my savings accounts say they are protected up to £85k? (not that I keep my savings in there- but still). I have found it very useful and with a 4% interest in savings accounts with the immediate withdrawal option I feel like it’s quite a good option. Also, when I withdrew a big amount of money, a great deal of alarms were set off as they were worried I was being scammed, which I thought was good. Is the reputation of Revolut bad because of it’s past or is there still a reason to mistrust it? ",No-Dragonfruit-6654,12,0.65,57,2025-03-14 15:54:03,https://reddit.com/r/UKPersonalFinance/comments/1jb763x/is_revolut_still_as_bad_nowadays/,UKPersonalFinance,Reddit
1pqeutq,Revolut Savings Accounts and FSCS Protection – Are They Safe?,"I’ve been looking for a good high-interest easy-access savings account and noticed that Revolut is offering around 4.50%. [https://i.postimg.cc/5t9RmxNp/IMG-6946.png](https://i.postimg.cc/5t9RmxNp/IMG-6946.png)

However, I couldn’t see Revolut in your popular website’s (moneysavingexpert, becleverwithyourcash etc) list of top savings accounts — is there a reason for that?

I remember that in the past money held in Revolut wasn’t covered by FSCS (because they aren’t technically a bank). From what I can see on their website now, it looks like savings accounts are held with ClearBank, which *should* make them FSCS-protected:

[https://help.revolut.com/help/app-features/savings-vaults/understanding-savings-vaults-products/how-are-the-funds-in-my-savings-vaults-protected/](https://help.revolut.com/help/app-features/savings-vaults/understanding-savings-vaults-products/how-are-the-funds-in-my-savings-vaults-protected/)

That said, I’m still a bit skeptical about trusting Revolut with a significant portion of my savings.

My questions:

1. Is there a specific reason Revolut isn’t listed in your savings rate table?
2. Do you consider Revolut savings accounts to be reliably FSCS-covered now?
3. If it were you, would you trust a Revolut savings account for holding your savings?

Thanks in advance, I’d really appreciate your opinion.

p.s. I already have savings with Chase at 4.5%, but I’d like to diversify and keep a separate pot elsewhere. At the moment I’m using Starling, but the 3% rate feels quite low, so I’m looking for a better alternative ",bowie-david,4,0.83,13,2025-12-19 07:14:01,https://reddit.com/r/UKPersonalFinance/comments/1pqeutq/revolut_savings_accounts_and_fscs_protection_are/,UKPersonalFinance,Reddit
1qj3all,Savings account on revolut and self assessment,"Hi, it might be a stupid question, but I have a Revolut savings account and there I earned some silly amount, something around 5 quid.

  
If I'm already filling in my self assessment tax return, should I include this or not?",AnywayMushroom,5,1.0,5,2026-01-21 16:55:02,https://reddit.com/r/UKPersonalFinance/comments/1qj3all/savings_account_on_revolut_and_self_assessment/,UKPersonalFinance,Reddit
1pkbk7p,"Revolut keeps blocking my transfers, even after a formal complaint – should I escalate to CEO/FOS?","I’m at my wits’ end with Revolut and could use some guidance.

On 1 December, I filed a formal complaint because Revolut repeatedly blocked perfectly legitimate transfers to regulated crypto exchanges and to my own personal wallet. I provided every piece of evidence they asked for — ownership of accounts, screenshots, transaction history, everything.

To date Revolut has:

* declined 28 legitimate transfers,
* blocked my account for 24 hours,
* repeatedly accused me of being a “victim of fraud”, and told me multiple times to “stop communicating with the third party involved” (there is no third party!!),
* completely ignored the fact pattern that I’m transferring funds to accounts I own.

Not blowing my own trumpet but (as I've told them) I have a senior position underwriting structured credit risk for a major UK bank, and I'm a high-net-worth client with substantial experience in complex financial products, I know what I'm doing here. There is absolutely nothing suspicious about my activity — I’m simply trying to withdraw my own funds and move them where I want.

What’s making it worse is that this continues despite the formal complaint.

Under FCA DISP rules (1.4.1R and 1.6.2R), they’re supposed to investigate the complaint competently and keep me reasonably informed. Instead, they’ve ignored requests for updates and continue to freeze/decline transfers without explanation.

Today they blocked even more transfers — again with baseless ""suspicion of fraud"" flags.

The impact has been awful:

* My funds are essentially frozen.
* I’ve been unable to execute planned investments.
* I’m getting punished with fragmentation and awful pricing because my funds are trapped.
* The stress has been extreme — I’ve barely slept for two weeks and it’s affecting my work and home life.

I’ve drafted a formal escalation letter to Revolut’s CEO (via the executive complaints team), because at this point its pretty clear its systemic, not a one-off glitch and I just don't see how I can get my money out when they are systematically blocking me.

My questions:

* Has anyone had success escalating to Revolut’s CEO Office or Executive Complaints Team?
* Did it actually lead to a resolution?
* Should I send a copy of my complaint to the Treasury Select Committee or is that overkill?

For anyone who’s taken Revolut to the FOS:

* Did you include evidence of repeated blocks after filing the initial complaint?
* Did the FOS consider it relevant as a pattern of behaviour?

At this point, I just want access to my own money without being accused of fraud every time I click “send”.

Would appreciate any real-world experiences or advice. Happy to share the CEO-level escalation letter if that helps others.",Happy-Clouds,0,0.36,9,2025-12-11 22:52:08,https://reddit.com/r/UKPersonalFinance/comments/1pkbk7p/revolut_keeps_blocking_my_transfers_even_after_a/,UKPersonalFinance,Reddit
1qhi9vy,Revolut: Are the physical cards optional,can I open an account for just the virtual card NOT a physical card. I know some banks auto send you one but idk if revolut does or you have to choose it of which I wouldn’t choose to,Whole-Breakfast-6336,2,0.75,5,2026-01-19 22:03:34,https://reddit.com/r/UKPersonalFinance/comments/1qhi9vy/revolut_are_the_physical_cards_optional/,UKPersonalFinance,Reddit
1jz3d1p,Revolut to take on American Express with move into reward credit cards,"Revolut is in the early stages of developing a points-based credit card, putting it in direct competition with incumbents such as American Express. 

[https://sifted.eu/articles/revolut-reward-credit-cards](https://sifted.eu/articles/revolut-reward-credit-cards) ",tomohiro234,54,0.8,35,2025-04-14 17:37:26,https://reddit.com/r/UKPersonalFinance/comments/1jz3d1p/revolut_to_take_on_american_express_with_move/,UKPersonalFinance,Reddit
1lqo17b,"Revolut, Monzo or Starling for travel spending","I am looking to start one of these accounts purely to get fee-free spending abroad. What are people's experiences? What are the big pluses and negatives with each?

I've heard there is not much between Monzo &amp; Revolut.",royalbluestuey,1,0.57,32,2025-07-03 13:14:36,https://reddit.com/r/UKPersonalFinance/comments/1lqo17b/revolut_monzo_or_starling_for_travel_spending/,UKPersonalFinance,Reddit
1qdmuw5,Revolut Spare Change (RevPoints). What happened and how I (hopefully soon) got my money back,"I’m sharing this because I honestly wish I’d known about it earlier.

Over several months, small amounts of real money were being taken from my Revolut account through the “Spare Change RevPoints” feature. I never knowingly switched this on and only realised something was wrong when I noticed that more money than usual was leaving my account after making a purchase. What seems to be happening is that every card payment gets rounded up and the difference is converted into RevPoints, and once that happens you can’t change it back into money yourself!

As soon as I realised (8 months after), I disabled the feature by going into the app, then RevPoints, then Earn, then Spare Change and turning it off.

I opened the in-app chat with Revolut and explained clearly that money had been taken without my informed consent, that this caused me financial loss, and that I wanted a full breakdown and a refund.

I also made sure to say it was a formal complaint and mentioned that I would escalate the issue to the Financial Ombudsman if it wasn’t resolved. They investigated, confirmed the total amount that had been taken, which in my case was a small amount of around £50 (I don't use it that much), and said they would refund the full amount back into my account, hopefully within 24 hours.

My main advice is not to accept the first vague reply. Ask for a full transaction breakdown, use the phrase “financial loss without informed consent”, and always ask for a complaint reference number.

Also, double-check in your app that this feature isn’t active, and be careful not to activate it, because what you get in return seems very poor value for the points. If this helps even one person avoid losing money, it’s worth sharing.

Edit: Got the money back 💪 And again, I have no idea how I activated that, and to be fair, I’m not sure why anyone in their right mind would activate it, the 'deal' is very bad.",SaunterSardine,3,0.57,2,2026-01-15 15:40:52,https://reddit.com/r/UKPersonalFinance/comments/1qdmuw5/revolut_spare_change_revpoints_what_happened_and/,UKPersonalFinance,Reddit
1oul1bt,monzo or revolut for insurance,"i am a samsung phone user. i would like to protect it against theft or loss.  i heard of samsung care+ but saw too much negative experience with them.  i usually change carrier whenever i like hence dont prefer any carrier insurance.

which one should i get ? monzo max or revolut metal  or any other provider for insurance ? looking for one where claims are easy as a replacement phone or bank credit

i would like to insure phone and laptop if possible. ",DontGiveUp2025,0,0.43,11,2025-11-11 20:47:56,https://reddit.com/r/UKPersonalFinance/comments/1oul1bt/monzo_or_revolut_for_insurance/,UKPersonalFinance,Reddit
1pnhhor,Revolut - Unknown Transaction Appeared,"My girlfriend just got back from work and she’s very security conscious like doesn’t download things she doesn’t know etc…

She has a virtual card with Revolut and it’s only ever been used for Apple Pay transactions at cooplands and Morrisons contactless.

There was an attempt of a payment in a foreign currency but it was blocked by Revolut using that card that has only ever been used on Apple Pay.

How could they have got the card details?",Separate-Ad-5255,1,0.57,5,2025-12-15 20:04:39,https://reddit.com/r/UKPersonalFinance/comments/1pnhhor/revolut_unknown_transaction_appeared/,UKPersonalFinance,Reddit
1ncxftu,I'm an idiot and exercised illiquid share options from Revolut. Do I have to pay UK tax if they were vested while working and living in Poland?,"UPDATE: Thanks to everyone who has commented. I contacted HMRC and apparently UK tax isn't due! They gave me this link and Example 5 here is exactly my case. I need to figure out how to pay Polish tax though! https://www.gov.uk/hmrc-internal-manuals/double-taxation-relief/dt1925b

Hi! I Need some advice on a share option tax situation. It's a small amount and I can't afford a tax advisor right now so I'd really appreciate any help and guidance on what to do now.

Here's my timeline:

Jan 2019 - June 2021: Employed by Revolut, based in Poland, paid all employment taxes in Poland.

Dec 2020: Came to UK for 1 month, and then back to Poland.

May 1st 2021 onwards: Moved to the UK.

June 2021: Employment officially ended.

Mar 2025: Exercised my vested Revolut shares while UK resident. The total amount was £4500 approximately.

(When I exercised the options I had no idea that I wouldn't be able to sell them... And now I owe tax. Yes, I'm a total idiot I know it.)

So I vested the shares through Polish employment, but exercised them as a UK resident. Do I need to pay tax in Poland or in the UK?

Chatgpt says Poland and then file a self assessment just to inform HMRC of the event, but I don't really need to pay UK tax for this. Is that true?

I'd really appreciate any help!",Pacific_Blue,9,0.71,15,2025-09-09 23:40:01,https://reddit.com/r/UKPersonalFinance/comments/1ncxftu/im_an_idiot_and_exercised_illiquid_share_options/,UKPersonalFinance,Reddit
1nq3epw,i want to open a second bank account without my parents knowledge,"I'm 18 and currently taking a gap year before university (which is killing me), I have a bank account where my salary is deposited into but my mum co-owns the account so she monitors every transaction that I make

This becomes a problem when doing things I don't want them to know about like sneaking out, I usually have a bit of cash left over from here and there which I use for taxis, etc
It would be much easier if I had  a second bank account that I could use, especially so I wouldn't have to like use cash to pay for drinks and stuff

I understand that it is legal to operate a second bank account, and I'm probably going to go with Monzo because it's online-only and I can opt out to not receive bank statements in the mail, but they obviously need to mail me a card and I need to do all of this without my parents knowledge, and the card would most likely come while I'm at work so my mother would see it, etc. You get the point 

I guess I'm asking, is there any other way for me to achieve my goal of a second bank account I can use for whatever I want without my parents finding out at all?",ObjectiveStomach3096,420,0.92,452,2025-09-25 11:44:24,https://reddit.com/r/UKPersonalFinance/comments/1nq3epw/i_want_to_open_a_second_bank_account_without_my/,UKPersonalFinance,Reddit
1krwksk,"Unpopular opinion: I hate app banks, monzo/tide/revolut the lot","Some people think these apps are gods gift to mankind. They have fast, responsive app, and have all these ""nice to have features"" like pots and whatnot. Often they have a very small scam victim funds so they are so risk averse and shut down accounts when they feel the customer might be even slightly at risk of being scammed. The lump all crypto together and assume if you're putting money into crypto you might be high risk of scam.   
  
Anyway.

I dont do crypto, my personal pet peeve with them is the user interface is absolutely littered with upsells, get credit report, get cashback deal, upgrade to are super plus plus membership fort £30 a month and get pointless benefits you'll never use.   
  
Funds are low? Notification: apply for a credit card or a loan

They make so much of their money through upsells - they've become a bit like credit karma and clearscore where you are just making a profile for them to push new credit cards onto you. Both clearscore and creditkarma now assume that my 0% card I have with full balance is not on promotional rates and they're badgering me to get a balance transfer card. 

I like my halifax and my co-op bank account, the co-op is sooooo anti app. It doesnt have an app. And thats just how I like it! 

The halifax has an app but their upsells are not intrusive, they never use notifications to push promotions, they have some light offers on homepage on credit cards/savings and have a cashback programme. But it's never pushed the way app banks do.  ",Acceptable-Store135,0,0.45,28,2025-05-21 13:28:25,https://reddit.com/r/UKPersonalFinance/comments/1krwksk/unpopular_opinion_i_hate_app_banks/,UKPersonalFinance,Reddit
1pdvnr3,Revolut Savings Pots - What good alternatives are there to split your savings into dedicated pots?,"Hi guys,

I use Revolut to split up a mix of my short-term savings and upcoming spend into pots like holidays, bills, hobbies, days out etc etc.

However their interest rate is being cut to 3% which is very annoying.

Are there any similar providers you can split funds into pots with that offer a reasonable interest rate?

I’m reluctant to do this off-app (as in stick the whole lot in one place and track on a spreadsheet) and so keen to find another provider.

Appreciate any suggestions - thank you 👍🏼",evertoniandy,1,0.67,3,2025-12-04 09:25:02,https://reddit.com/r/UKPersonalFinance/comments/1pdvnr3/revolut_savings_pots_what_good_alternatives_are/,UKPersonalFinance,Reddit
1kau2hi,Revolut and Wise. What else is there?,"hello,

i am looking to get a card for my travels that i can use. what is an alternative from Revolut &amp; Wise? someone said Chase but i am not a US citizen so i don't have a SSN to apply for a chase card.",Ok-Condition9241,0,0.4,24,2025-04-29 18:43:15,https://reddit.com/r/UKPersonalFinance/comments/1kau2hi/revolut_and_wise_what_else_is_there/,UKPersonalFinance,Reddit
1n9skvv,I just realised I only need £500k to retire. Is this really true?,"My goal is to have an income of around £20k per year in today’s money. That might not sound much to a lot of people but I’m a minimalist at heart. I don’t spend much and the things that make me happy are simple. 3 things: my health (obviously), my friends &amp; family and going to the library to learn random things. Unlike normal people, I don't care about traveling, having kids, eating out, or buying stuff. Basically, I’m boring but happy and content.

I used ChatGPT and it suggests a 4% withdrawal limit so as not to run out of money. If that’s the case then to fund £20k a year income, I’d only need a portfolio of £500k.

Right now I’ve got about £10k in my shares ISA invested in the S&amp;P500 and Nasdaq. I’m planning to add £1k a month (more when I can). I ran a backtest, and based on the last 15 years, my £500k target is achievable in less than 15 years.

In other words, I can retire in 15 years if I want to. Am I missing something?

EDIT: Some people mentioned that I need to factor in inflation. What I will do is add inflation to my monthly contributions. Since I am planning to invest £1K a month of today's value, I will adjust this figure to add the cost of inflation. So for example, next year my monthly contribution will be £1050, and so on.

EDIT: For anyone wondering how I came up with my projections, here is my back test after adjusting for inflation:

[https://testfol.io/?s=9kolUjol3f7](https://testfol.io/?s=9kolUjol3f7)

I basically divide my portfolio 50% SnP500 and 50% Nasdaq. It is US focused, and tech heavy because I think US companies are in a good position to capitalise on the AI revolution. The final figure is £600K",Ornery_Jellyfish5886,445,0.87,350,2025-09-06 07:37:24,https://reddit.com/r/UKPersonalFinance/comments/1n9skvv/i_just_realised_i_only_need_500k_to_retire_is/,UKPersonalFinance,Reddit
1lef8wt,Looking for a UK alternative to Revolut for a joint account – Monzo and Starling both rejected one of us,"My partner and I have been using Revolut together for the past 6 years, but we’re no longer happy with their service and are looking to move to a different online bank—ideally one that allows easy setup of a joint account.

We first tried Monzo: I was able to open an account without any issues, but my partner received the usual “we can’t offer you a Monzo account” message, with no explanation or way to appeal.

So we moved on to Starling: this time, my partner was accepted, but I got the rejection message instead.

It's really frustrating, especially since we both live in the UK, have stable full-time jobs, and decent credit histories. There seems to be no recourse or clarity on why either of us got rejected.

Are there any other UK-based neo-banks or online account providers that offer joint accounts?",-Dags-,0,0.43,17,2025-06-18 13:00:21,https://reddit.com/r/UKPersonalFinance/comments/1lef8wt/looking_for_a_uk_alternative_to_revolut_for_a/,UKPersonalFinance,Reddit
1odk6w7,"Im having issues with My S&amp;S Isa via the revolut trading app,  AI and actual assistant is not very helpful, &amp; taking too long to resolve the issue","Revolut investment gone wrong?

Hi there, 
Ive been dabbling(learning) with the Stock market via Revolut, 

Recently jumped on the troubled Beyond burger shares, (BYND)

I bought 200+ shares when the value hit $.55 (or so i believed)

I kept my eye on the value over the weekend, the stock was visible in my isa account,
Then when i came to sell them a couple of days later at a Value of $1.18 i thought i did fairly nice, 

But once the transaction executed, the app reported that i had sold all my shares for a total value of $.76c

So i disputed this with the help of a “wonderful” AI chat assistant which told me that i never actually bought the shares thanks to some app glitch, thats why the sale value was so low,  but something still didn’t add up to me, As i also sold a smaller amount of shares that i held for over 6 months, from a general stock account, again at the $1.18 value, but the total from that sale was on $0.75c
so i kept on at them, to finally be put through to a real assistant, who told me the app had some problems that are taking time to resolve.

Fast forward to today, same person is currently assisting, But is no more useful than the AI. 


Apparently the failed order of 200+ shares converted the currency from £ to $ but after the exchange the sale didn’t complete, and the money is no longer available to withdraw or invest as its in $ but the S&amp;S isa os on held in £


So currently still waiting…


Hope you can make heads of this!

Any Thoughts or similar experiences? 


",Chip-butty_86,0,0.5,3,2025-10-22 21:52:19,https://reddit.com/r/UKPersonalFinance/comments/1odk6w7/im_having_issues_with_my_ss_isa_via_the_revolut/,UKPersonalFinance,Reddit
1o1dct7,Tax Refund not in my Revolut account,I'm waiting on a tax rebate. It says on the HMRC website it's been paid today but nothing is showing up in my Revolut account. Has anyone had any similar issues? Does Revolut take a few days to clear it? Thanks in advance x,GuidanceOtherwise522,3,1.0,4,2025-10-08 16:16:37,https://reddit.com/r/UKPersonalFinance/comments/1o1dct7/tax_refund_not_in_my_revolut_account/,UKPersonalFinance,Reddit
1msnxry,Is Revolut a good secondary account alongside a Nationwide student account?,"Hi everyone,

I’ll be going to uni in a few weeks and am making plans on how I'll manage my money. I have decided to get a Nationwide student account as my main bank account (where income, bills, student finance and rent go in/out - if another student account is better, please also let me know). I also have a Barclays account which was my first bank account and has been my main account since, but my mum puts her money into it so that I can help her with online shopping, so I've only used it for small purchases, for example when going out with friends or getting a snack. Hence I don't think using the Barclays account for my personal things is a good idea.

Therefore, I’m looking for a secondary spending account that I can treat like a wallet. My plan is:

* Keep my Nationwide account for essentials (income, rent, bills, emergencies).
* Send a weekly/monthly allowance into my secondary account for day-to-day spending (food, going out, other personal things, etc.).
* Use it to set aside money for specific things like subscriptions and savings goals (I'm currently saving for an iPad to use for my studies).

I’ve been trialling Revolut on its free plan because:

* I like the Pockets feature for splitting money into categories like “Subscriptions” and “iPad Fund”.
* It’s easy to instantly top up from another bank account.
* I’m not travelling much, so foreign exchange benefits aren’t a big factor for me, but it seems useful in the case that I do travel.
* I won’t be withdrawing lots of cash (and can just use Nationwide if I need to).
* It has a lot of nice features like easy budgeting of categories, seeing my other bank accounts within the app, disposable cards, etc.

I wouldn't keep a lot of money inside of Revolut, since it will just hold a monthly/weekly allowance for day-to-day stuff, and then the money I set aside for things like subscriptions and saving up for things, compared to my Nationwide, which will hold the bulk of my money. With the example of my iPad, that Pocket/saving pot will not go higher than £300-600 depending on which iPad I decide to get. And I can't imagine going over a few hundred pounds for my allowance. The absolute maximum I can see the money I would store in Revolut going towards is £1000 but I imagine it will be much less for a long time, the only time it could get close when I am getting near to my saving pot goals.

Hence, for my use case, does Revolut make sense as a secondary spending account?

Is Revolut reliable enough for this role, or should I consider something like Starling or Monzo instead? And which should I choose exactly if not Revolut? I seem to hear very varied opinions about Revolut, some people say it works great and they have several thousands in their accounts, whereas others say it is very unreliable with accounts getting locked down randomly and also it being easier for people to scam money out of your account (although I have prevented family from falling to scams and have never fallen victim to one myself so idk if this problem affects me that much), plus it doesn't have FSCS protection. Will these problems be as serious if I'm only holding a few hundred pounds in there or less? Are there any other problems I should be thinking about? 

I am considering possibly making a Starling account, but I like Revolut; the app is nice and smooth and has nice features as I’ve described above.

Thanks! (also I am new to properly manage financing myself, so I'm sorry if my lack of knowledge affects my question or responses)",bradleythedeveloper,3,0.81,9,2025-08-17 11:59:45,https://reddit.com/r/UKPersonalFinance/comments/1msnxry/is_revolut_a_good_secondary_account_alongside_a/,UKPersonalFinance,Reddit
1lfc2ii,HMRC tax refund to Revolut account,"Hi all, I’ve recently submitted a tax refund (PAYE not self assessment) to my Revolut account.  How long does this take and what time of day did it deposit? I know sometimes they credit your account the evening before.",Repulsive_Ad_4923,0,0.5,14,2025-06-19 15:22:58,https://reddit.com/r/UKPersonalFinance/comments/1lfc2ii/hmrc_tax_refund_to_revolut_account/,UKPersonalFinance,Reddit
1msgh65,"UK student on exchange year: Revolut, Monzo, or Starling?","Hi, I’m a UK student heading to the Netherlands soon for an exchange year. I won’t be receiving a student loan this year, so my parents will be covering my living expenses by transferring me money each month.

I’m trying to figure out the best option for spending and withdrawing cash while I’m there, mainly between Revolut, Starling, or Monzo. From what I’ve read:

* **Monzo**: Seems to have issues if you stay abroad long-term.
* **Revolut**: Lets you hold both euros and pounds, but charges extra fees for international spending on weekends. Cash withdrawals are only fee-free if done in the local currency, which seems kinda like a hassle. That said, Revolut apparently offers better conversion rates during weekdays. from what I've read on reddit
* **Starling**: Seems like it might be the most straightforward option, but I’m not entirely clear on what advantages it has over the others.

I might set up a Dutch bank account eventually if needed, but for now I just need something reliable for daily spending and withdrawals while I transition over there.

If anyone has experience using these banks while spending abroad, I’d really appreciate hearing how it worked out for you. 

(Apologies if I sound a bit daft, I'm still quite financially illiterate haha)",Souffle_Scum,3,1.0,7,2025-08-17 04:35:29,https://reddit.com/r/UKPersonalFinance/comments/1msgh65/uk_student_on_exchange_year_revolut_monzo_or/,UKPersonalFinance,Reddit
1msn3z3,Revolut or Starling for everyday spending abroad?,Im going on a year abroad to France for my degree and i was wondering if i could use a british bank(i.e. starling or revolut) whilst im there or should i get a french bank card.,ilovemommyndaddy,0,0.4,7,2025-08-17 11:10:12,https://reddit.com/r/UKPersonalFinance/comments/1msn3z3/revolut_or_starling_for_everyday_spending_abroad/,UKPersonalFinance,Reddit
1nfhgrm,"Currently maxing my pension and wife is on a career break, would like to set up some kind of long term investment account (S&amp;P500) for her any advice? What about revolut portfolios?","My wife and I would like her to have some kind of growth fund for retirement and to invest some extra cash that we have. My pension is already maxed. We can start with 10k and add between 2-300 per month. We'd like to go with some kind of long term growth fund, she's not currently working. Something that we can keep adding to that will go into S&amp;P 500. Any advice on the type of account we should setup? 

I see revolut have investment portfolios, anyone got a take on these? ",Minute_Influence_636,1,0.67,4,2025-09-12 23:52:03,https://reddit.com/r/UKPersonalFinance/comments/1nfhgrm/currently_maxing_my_pension_and_wife_is_on_a/,UKPersonalFinance,Reddit
1mnazm9,"Non-UK Resident – Paid via Deel, Sending Funds to UK Revolut Account – Any UK Tax Risk?","Hi everyone,

I’d appreciate some help understanding the UK tax implications of my situation:

* I’m a **British citizen**, but my **tax residency is in the UAE**.
* I work remotely as a **contractor** for a non-UK company.
* I’m paid in **USD** via the Deel platform for freelancers.
* I withdraw my earnings from Deel directly into my **Revolut UK account**.

My understanding is that if you’re **non-UK tax resident**, HMRC doesn’t tax your foreign earnings, even if you later send that money to the UK. But I have a concern:

When the funds arrive from Deel, my UK bank statement may make it look like I’m being paid as an employee of Deel.

**Question:**  
Given my non-resident status and the fact the work is done abroad, could HMRC have *any* basis to tax these funds purely because they arrive in a UK bank account and have “LETS DEEL LTD” in the transaction details?

I’m confident on the residency rules (I meet the Automatic Overseas Test under the Statutory Residence Test), but I’m curious if anyone has first-hand experience or insight into whether this might raise questions with HMRC.

Thanks in advance!",tinsoBLM,0,0.38,6,2025-08-11 12:58:43,https://reddit.com/r/UKPersonalFinance/comments/1mnazm9/nonuk_resident_paid_via_deel_sending_funds_to_uk/,UKPersonalFinance,Reddit
1jxie0p,didn't declare revolut account to mortgage broker,"hi, when we had our appointment with the mortgage advisor, he never asked us for every bank account we own- just the one we get our salaries paid into, and any credit accounts. however i'm seeing everywhere that every account should be disclosed, and i have a revolut (empty) that we use for holiday spending money, is this gonna cause an issue. will it even come up if it's just an emoney account that's not attached to my credit ?",Proof_Ad_4854,0,0.36,15,2025-04-12 15:20:57,https://reddit.com/r/UKPersonalFinance/comments/1jxie0p/didnt_declare_revolut_account_to_mortgage_broker/,UKPersonalFinance,Reddit
1ms081u,Revolut and APP Scam – No Resolution Despite New UK 5-Day Rule,"Hi everyone, I wanted to share my experience with Revolut regarding an APP scam claim.

In early July 2025, I was looking for a flat through Zoopla and received a WhatsApp message about a property. It was in my search area, so I didn’t suspect anything. I viewed the property on 7 July, made an offer, signed the tenancy agreement on 16 July, and paid the deposit on the same day via Revolut. Both the sending and receiving accounts were with Revolut.

Later, I noticed that the property listing had not been removed. When I called the advertised phone number, I was told via an automated message that I should report the matter to Action Fraud. On 30 July, I submitted reports to both Action Fraud and Revolut.

Under the new Payment Systems Regulator (PSR) rules in force since 7 October 2024 in the United Kingdom, banks and PSPs must resolve APP scam reimbursement claims within 5 business days (unless a valid reason is formally communicated).

I repeatedly reminded Revolut of this legal requirement, but instead of giving concrete updates, they sent only generic copy-paste responses. In one chat, they even implied they could take more than 35 business days—which is misleading, because the 35-day limit only applies if they “stop the clock” for valid investigation reasons, which must be clearly explained. In my case, no such explanation was given.

The 5-business-day deadline has already passed with no resolution and no formal reason for delay. All evidence — including WhatsApp messages, emails, signed agreement, and payment receipts — has been provided. Yet Revolut’s communication has been extremely poor and unhelpful.

I’m now preparing to escalate this to the Financial Ombudsman Service. If anyone has successfully reclaimed funds from Revolut under the new scheme, I’d appreciate hearing about your experience.",Advanced-Customer782,1,0.55,3,2025-08-16 17:31:54,https://reddit.com/r/UKPersonalFinance/comments/1ms081u/revolut_and_app_scam_no_resolution_despite_new_uk/,UKPersonalFinance,Reddit
1ktl9ho,Revolut for Savings? Safe or not?,"Has anyone used the Revolut savings account and do you think it is a good option if you cannot open a regular savings account with a bank? 

I am a dual EU/US citizen and most providers won't open a cash ISA with me because of my US tax status (I don't want a stocks and bonds one because of complications with the IRS). Most banks won't even let me open a regular savings account at all and it's becoming very frustrating. 

Somehow, HSBC let me open a fixed-rate cash ISA that is supposed to mature into a flexible, ""loyalty"" ISA. Technically I am not meant to have either, but the bank agent said if it does mature into a loyalty ISA and HSBC does not close it, then I can keep using it. We'll see in a year.

However, if that does not work, I am thinking of using Revolut's savings account which seems to be available for people in my situation. I have used Revolut casually for trips etc but never for serious money and I am wondering how secure it is and whether it is a good savings option. Thanks!",Master-Cut-8869,0,0.25,7,2025-05-23 15:41:07,https://reddit.com/r/UKPersonalFinance/comments/1ktl9ho/revolut_for_savings_safe_or_not/,UKPersonalFinance,Reddit
1kh6ym5,Unreceived Barclays ATM withdrawal from Revolut Card,"Hello everyone,

I need some advice. A month ago (April 2nd) I made 3 consecutive withdrawals of £500 from my Revolut Business debit card at a Barclays ATM. The first withdrawal was successful. However, on the second withdrawal I did not receive any money, but a message on the screen that my request could not be fulfilled. I assumed that there were problems with the availability of banknotes in the machine, so I decided to try again. The third withdrawal also went through. Of course, my expectation was that the unrealized withdrawal would be canceled in minutes. I even waited 1 hour, after which I took the standard step of disputing the transaction in the Revolut app. I received assurance that a dispute had been opened with the merchant (Barclays), with the deadline for receiving a decision set at 29.05 (about two months after submitting the report). Yesterday I was surprised to see that the deadline had been changed to 25 June. It is quite worrying that a simple check of the availability at the ATM requires nearly three months. I am worried that the longer this dispute drags on, the more difficult it will be to verify and prove. Please advise me on what to do and what my chances are.

Thank you in advance!",BeeOk3345,2,0.67,7,2025-05-07 20:59:50,https://reddit.com/r/UKPersonalFinance/comments/1kh6ym5/unreceived_barclays_atm_withdrawal_from_revolut/,UKPersonalFinance,Reddit
1kr9vzr,Chip and Revolut- are both linked to Clearbank?,"Hi everyone,

Does anyone know if Chip and Revolut both are linked to Clearbank? Does this mean I cannot have more than 85k savings in both together?

Thank you",Stock-Horse-6375,2,0.75,6,2025-05-20 17:53:50,https://reddit.com/r/UKPersonalFinance/comments/1kr9vzr/chip_and_revolut_are_both_linked_to_clearbank/,UKPersonalFinance,Reddit
1khtgr1,"No local IBAN with Revolut, unlike Wise?","I regularly need to move some money from foreign accounts and also spend abroad in different currencies, given that I travel a lot. 
I have both Revolut and Wise, but have been using the latter as it seems that Revolut only offers a UK IBAN, while Wise offers a local IBAN for each currency pot.  Apart from the fact that Wise charges a small fee, and that they both use the same exchange rate, having to do international transfers every time I want to send money to my Revolut is bound to cost me a lot more than with Wise; am I wrong?  

I'm also interested in feedback on spending money abroad: any advantage in Wise vs, Revolut?

What's you experience?",Tioz90,3,1.0,6,2025-05-08 16:50:24,https://reddit.com/r/UKPersonalFinance/comments/1khtgr1/no_local_iban_with_revolut_unlike_wise/,UKPersonalFinance,Reddit
1j3h01m,Revolut or Nutmeg for Investing?,"Hi Everyone, 

I'm looking to get into basic level of investing, can anyone recommend between using Nutmeg or Revolut for investing? I have a Trading 212 account also but it isn't the friendliest for beginners!

TIA",Kyloss10x,1,0.67,10,2025-03-04 17:59:40,https://reddit.com/r/UKPersonalFinance/comments/1j3h01m/revolut_or_nutmeg_for_investing/,UKPersonalFinance,Reddit
1k66cdh,Paid a bill ee says its not payed revolute says it is advice?,Paid a bill through apple pay stupid i know they didnt get the money i cancelled my charge back as ee told me i should wait 24hrs and now my bank is refusing to re raise the charge back revolute for reference so now im out 80 quid there is no transaction ids on anything i cant get ee to track the payment without one ,xcritsy,0,0.38,5,2025-04-23 19:21:11,https://reddit.com/r/UKPersonalFinance/comments/1k66cdh/paid_a_bill_ee_says_its_not_payed_revolute_says/,UKPersonalFinance,Reddit
1jeszo5,Are any of the Monzo/Revolut/Chase style cards good for self budgeting/limiting monthly spending?,"Im looking into ways of budgeting my monthly spending. Ideally I want to send myself £200-£300 a month and use that as money for myself, so I can easily see how much I am.spendong on non essentials. Are any of these cards worth it for these purposes?",Aydindril,0,0.5,7,2025-03-19 09:24:28,https://reddit.com/r/UKPersonalFinance/comments/1jeszo5/are_any_of_the_monzorevolutchase_style_cards_good/,UKPersonalFinance,Reddit
1ija84c,"Starling, Monzo, or Revolut for being paid by international clients?","I'm moving back to the UK after several years of living in the UAE. I'm a freelancer and most of my clients are either UAE or USA based, so I'll be primarily paid in USD or AED. In your experience, is Starling, Monzo, or Revolut (or something else entirely) more ideal?",cjame004,0,0.5,5,2025-02-06 18:56:18,https://reddit.com/r/UKPersonalFinance/comments/1ija84c/starling_monzo_or_revolut_for_being_paid_by/,UKPersonalFinance,Reddit
1j4hz0b,Revolut - international transfer not processed,"I’m not sure if I posted the right subreddit, but I’m curious what are my options here.

We have sent an international transfer to Bulgaria from Revolut last Monday (24th February). This was the second such payment, but to different recipients, the first was processed within a 16 hours without a hitch.

However this, second payment is still pending. I first contacted them last Wednesday (26th February), when they stated that they needed additional information, which was supplied within a few hours from us. They had then stated they passed on the information to their processing partner, and that the transfer should be completed within 2-4 working day.

Tuesday morning (4th March) I again reached out - they kept saying no additional information and are being vague, saying the money is with their processing partner, it’s out of their hands. Surely, they should know the status and know why it’s not being sent right?

Has anyone experienced this? We double checked the details and they are correct. At this point we are happy if the money is either sent or returned, but it’s been almost two weeks and it is a deposit to our wedding venue, not sure how patient the hotel is going to be if it’s not sorted soon.",Essanamy,0,0.5,2,2025-03-05 23:54:32,https://reddit.com/r/UKPersonalFinance/comments/1j4hz0b/revolut_international_transfer_not_processed/,UKPersonalFinance,Reddit
1qn7zef,"Lent £244,000 to someone I was involved with – now facing delays, excuses and what feels like coercion. How do I recover it? (England)","Throwaway account. I’m in England and need realistic advice because I’m in a very bad place financially and mentally.

Around October 2024 I started seeing someone locally. We met in person several times. They were going through a rough time (bad breakup, boyfriend cheated and left, various emergencies) and I wanted to help. They promised multiple times they would repay everything and also offered sexual favours (explicit promises like oral) and sent me a large number of nude videos and pictures to keep me interested. I realise now I let attraction and hope cloud my judgment – I never actually received any of the sexual stuff, it was all promises.

The money started small (groceries, bills) but quickly escalated: car repairs, buying cars, replacements after returns/wrecks, insurance claims, etc. They kept saying they would repay “when the refund comes in,” “when the insurance pays out,” “when the Revolut account unlocks,” etc.

Total sent: £244,000 (mostly bank transfers and Revolut). They claim about £150,000 is sitting in a “locked” Revolut account from car refunds/insurance and will be available around 17 March 2026. They say they’ll send me what’s in there then, and repay the rest “when able” once they get a new job.

They lost their job recently and have mentioned suicide multiple times (breakup + job loss has hit them hard). When I tried to set a boundary and said no more delays after March, they didn’t respond well.

I know this looks insane. I feel incredibly stupid, ashamed and guilty. This money was part of savings/plans with my mum (house move) and I’ve seen almost nothing back (one £700 that was immediately asked for back, so it reset the loan).

Questions:

* If the £150k doesn’t arrive in March, what’s my realistic next step? Letter Before Action → court claim?
* Was the earlier behaviour (implying they’d refuse to work and lose their job unless I let them take £10k from refunds) blackmail/coercion under UK law?
* How do I tell family (especially mum) without dying of embarrassment? She needs to know if house plans are affected.
* Any realistic chance of recovering even part of the £244k given they’re local, have an address, and are in the UK?

Not looking for judgment – I already hate myself for this. Just practical, UK-based advice on what I can actually do now. Thank you.

(England if that matters for legal stuff)",Similar-Command8481,468,0.8,57,2026-01-26 06:05:31,https://reddit.com/r/UKPersonalFinance/comments/1qn7zef/lent_244000_to_someone_i_was_involved_with_now/,UKPersonalFinance,Reddit
1pyljfz,Have I been scammed? Sold something on FB Marketplace and now my Barclays account is blocked.,"I sold a phone on FB Marketplace yesterday for £200. The buyer sent the money before I'd dropped the item off (red flag, I know) which I thought was slightly suspicious but the funds landed in my bank account so I dismissed it. I dropped the phone off and we were both happy. I was also wary that the name on the account I received the money from was a British name yet the buyer was from Eastern Europe.

Fast forward to this morning when I opened my phone and saw Barclays were asking for proof regarding where the payment came from and telling me my account was blocked. 

I assumed the buyer had reported me for fraud to try and get the money returned whilst keeping hold of my phone. I text him asking why he was trying to scam me but he insisted he isn't; he even answered the phone when I called and is asking to meet up to sort the issue.He's saying his bank account is also frozen. He sent the money via Revolut but the screenshot he sent me of his frozen bank account was a Lloyds account? 

I'm pretty sure I've been scammed but then why is he asking to meet up and claiming his bank account is frozen instead of just blocking my number?

What is the likelihood I get to keep the money I received for my phone? I have all the screenshots of us arranging to meet up to drop the phone off and now screenshots of him admitting he received the phone yesterday.

** Cheers for the replies. I'll see what the bank say when they complete their investigation.",Cogston96,152,0.87,88,2025-12-29 12:52:52,https://reddit.com/r/UKPersonalFinance/comments/1pyljfz/have_i_been_scammed_sold_something_on_fb/,UKPersonalFinance,Reddit
1lb6pyk,Is my mum screwed? She’s 59 and no pension or savings,"For reference my mum (59) brought myself and my sister up alone with very little financial support from my dad - free school meals, all the benefits, etc… which essentially means she had no money at all to put away for retirement (although I think she was still paying her NI). 

She recently started receiving disability payments at £105 a week due to her condition - she now has a pretty stable self employment job that probably brings in 35k-40k a year. She also lives in London (council house £900 a month) so it’s just about enough to cover expenses with not much room to save. 

Inheritance wise, none of her parents have passed yet, though they’re not wealthy and she has a lot of sisters so probably wouldn’t see more than £30k as and when that happens. 

What I really want to know is what would be the best way to use the £105 a week to go towards her retirement? Is it too late for a SIPP? Her risk appetite is quite low given the lack of savings and the awareness of no pension. ",lou-lou1,259,0.88,139,2025-06-14 12:42:54,https://reddit.com/r/UKPersonalFinance/comments/1lb6pyk/is_my_mum_screwed_shes_59_and_no_pension_or/,UKPersonalFinance,Reddit
1qdeyuv,What are the best banking apps?,"I am with Santander and I do not like the banking app. Two key functions that are missing, which boggles my mind in 2026.

* I cannot find anywhere in the app to show me a simple spending tracker, by month, by year, etc. They have useless ""my insights"" that tells me I spent more on utility this month, or what ""my carbon footprint"" was based on spending . F Off. Just give me a bar chart and ability to filter by date and card type, say savings account or credit cards
* No notifications when money is spent, withdrawn or transferred in the app or even by sms/email. I asked. They said it's not possible, ""but you can get notifications about our new offers and services"". Embarrassing.

I cannot be the only one that this frustrates.

Also, now that I realise I've been on their fee paying credit card for years (£3 a month), and not earning much cashback (due to caps and only specific cashback categories), can you recommend a credit card that gives flat cashback on all purchases, and ideally has a decent banking app.

**Edit: no one has mentioned Amex. Are they still not accepted in most places? What about their app?**",Warm-Brick-6277,39,0.82,113,2026-01-15 09:19:25,https://reddit.com/r/UKPersonalFinance/comments/1qdeyuv/what_are_the_best_banking_apps/,UKPersonalFinance,Reddit
1n0wejj,Rejected by 3 banks trying to open a current account?!,"Hi 

I am a UK citizen, UK resident from birth, perfect credit score, never missed/had a late payment, I don't do crypto/only fans/gambling etc and I am (just about) a high rate tax payer. I solely own a property with a mortgage in my own name, and I do not have any dependents. On paper, one should think Im near ""the perfect customer"". 

Monzo is currently my primary/only current account, so I wanted to open a second one for redundancy + foreign spending (as monzo only allows £200 per month foreign ATM withdrawals, which just isnt enough when traveling). 

So far, I have been rejected by Chase and Starling (no reason given). I just tried first direct, and they ""need some more time to think about it"". 

I paid for a check my file report last month just to see if anything was off - looks perfect. 

What on earth is going on and how can I resolve this? ",InfaSyn,142,0.86,137,2025-08-26 21:08:50,https://reddit.com/r/UKPersonalFinance/comments/1n0wejj/rejected_by_3_banks_trying_to_open_a_current/,UKPersonalFinance,Reddit
1oy8yda,UK Worker but i get paid in dollars / Help!,"I’m self-employed in the UK, but the company I work with pays me in US dollars. I bank with HSBC, who charge me a £5 fee for receiving foreign currency. Also, i always seem to receive less than expected! For example, last month I invoiced $2,800, which is £2,178, but  only received £2,133 in my HSBC account. It feels like I’m losing money every month due to conversion rates and fees.


What are my options? Is there a bank that’s better suited to this kind of situation? Or do I just have to accept the fees? Help!",LukeSpiller_,138,0.86,92,2025-11-16 01:34:53,https://reddit.com/r/UKPersonalFinance/comments/1oy8yda/uk_worker_but_i_get_paid_in_dollars_help/,UKPersonalFinance,Reddit
1owc9yu,Thoughts on a seperate phone for digital banking?,"I’ve been feeling a bit nervous lately about the idea of having access to all my finances through my phone, because I’ve heard of muggings where they force you to make payments through it. 

I have a relatively older iPhone at home that’s unused, thoughts on loading my main account, investments etc on that? I would keep my credit and 1 mobile banking app on my phone, for emergencies. 

",triggerman04,48,0.74,112,2025-11-13 20:38:16,https://reddit.com/r/UKPersonalFinance/comments/1owc9yu/thoughts_on_a_seperate_phone_for_digital_banking/,UKPersonalFinance,Reddit
1qr04z1,Client wants to pay me in crypto... Help!,"I'm an education writer and I mainly work for one large client. They're a big online education provider in Beijing and I've been getting steady work creating educational materials for them for 4-5 years now.

At first everything was great... They'd pay in USD directly into my British bank account. Then that stopped working (as I understand it, due to CCP regulations that made it harder to make international payments). So for the past year or so I've been receiving payments via PayPal (they pay me extra to cover the charges).

Now it seems regulations have tightened even more and even PayPal is becoming difficult. So now they want to switch to paying me via Solana, which is crypto.

This makes me quite nervous, mainly cause I know nothing about it. There's a bank account (Revolut) which apparently accepts crypto payments so I'll have to set that up and get them to pay me in a USD equivalent rather than their own SOL currency.

But I'm nervous about any tax implications or just 'getting in trouble' somehow 😬

Maybe it's silly... But at one point a few years back my personal bank account suddenly refused to keep accepting my payments because they came from China. AFAIK this was just a new blanket policy to avoid any money laundering. But it made me feel like I was doing something wrong and now I'm nervous.

I get that it looks dodgy... I'm receiving thousands of pounds from some random in China every month. (As far as I understand it the company get an employee to transfer the payments to their overseas writers... It sounds so unnecessarily complicated). But it is completely legitimate. I am writing for them almost full time and have thousands of self-authored English comprehension tests on my hard drive to prove it! I also fill out a tax return and pay tax on my earnings every year.

I don't want to stop doing this job if I can possibly help it... It's perfect for me at this point in time, with two autistic kids living at home.(think daily assignments, mildly creative, no pitching or searching for work, fully flexible and remote... It's a dream, honestly.) But I also don't want to get myself in trouble 

But yeah... TL;DR... Does anyone know what I need to do to receive crypto payments, mainly in terms of ensuring I'm all legal and above board? But also, advice on actually accepting them and not getting scammed is very welcome! Thank you",rootyboots1983,47,0.81,77,2026-01-30 08:44:43,https://reddit.com/r/UKPersonalFinance/comments/1qr04z1/client_wants_to_pay_me_in_crypto_help/,UKPersonalFinance,Reddit
1ksjwlp,"Separating from GF, have a house","Been with my GF for 9 years, not married, was about to... 
She's decided she's not 100% happy and 'needs to find herself'. We are still friends, besides her leaving me, I have nothing negative to say about her. In fact I still love her. 
We are renovating the house and have agreed I'll continue to live in it for the next 3-6 months while I finish renovating it, then we will sell it and split the money 50/50. I'm fine with that. 

My question comes about the future. Our next house was going to be a big family house in the country side, of course that dream is now ruined. 
I certainly want to find another partner,  would you buy another house alone or rent? I don't love the idea of a new partner moving into a house I'm fully paying for, that being said I have no problem selling it. It would also be my third house (that ive brought), I would plan to buy below market price and renovate, then sell so would only intend to keep it a year or two.

I make £50k a year, no children. I'm 26 and in a very secure job, however may leave as I may move- of course i'll only buy once I've decided where to live. Ive always been told not to rent, infact I used to be a landlord 😅. I have around £50k in savings, £20k in investments that I do not plan to touch. Perhaps another £20k when i sell this house. 
As a side note, i still plan to go on a few holidays this year, but I do them on a budget and travel round Europe, nothing too expensive and lavish- may aswell while i have the money! Hopefully as you can tell, im pretty money savvy and i have no intentions to waste it.

My whole life plan has crumbled away and although I'm young, it's going to be a whole lot harder now! 

What would you guys do? I'm not sure excatly what I'm asking, I suppose I'm just lost and looking for other insights.

Thanks for any advice, hopefully she'll change her mind

Edit*** Thanks for all the replies. I can't reply to them all! Lots to consider

Edit 2**** . She's definitely not cheating! I am looking into buying her out, shes open to the idea. Thanks again for all the replies ",Apprehensive_Dust723,134,0.76,135,2025-05-22 07:26:34,https://reddit.com/r/UKPersonalFinance/comments/1ksjwlp/separating_from_gf_have_a_house/,UKPersonalFinance,Reddit
1qq97ty,How do people with online (non-high street) banks draw higher than ATM cash out?,"After a particularly frustrating visit to Lloyd's bank this morning, I'm seriously considering going online only (monzo, revolut, chase, or to somewhere with a big sign up bonus).

It got me thinking, aside from making large cash withdrawals (for fb marketplace, etc), what else do you even need a high street branch for anymore?

Therefore, for people with those providers, how is that taken care of?

TIA",Thaty0shiguy1,0,0.5,49,2026-01-29 13:56:33,https://reddit.com/r/UKPersonalFinance/comments/1qq97ty/how_do_people_with_online_nonhigh_street_banks/,UKPersonalFinance,Reddit
1q8nvyz,Wrongful cifas marker on my name,"Hi guys so I found out I have had a cifas marker on my name since June 2025 after revolut shut down my account.

Some back story: I was approached by someone on telegram saying if I like some tik toks or like some YouTube videos (can’t remember exactly) I would get paid for it, me thinking nothing of it though ok then if I don’t get paid it’s not like it cost me anything or required much effort but if I do get paid then happy days I get lunch paid for by someone else 😂. So I do whatever they wanted me to like or subscribe to or whatever and I get a nice £18 for it. Not bad for liking some tik toks which people do for free on a daily basis. So then after I got paid a couple days later the same person who paid me did a charge back on the payments and revolut asked me why I should keep the money and I did explain I got paid to like tik toks they asked me to like but revolut didn’t side with me and instead sided with the scammer and sent them the money back and then shut my account down claiming I misused their facilities. I thought nothing of it and said sod it i don’t care not like I need revolut in my life so life goes on until 6 months later Halifax said they are shutting down my account, I got confused as to why and they said I have to contact CIFAS to find out the bank that put it on my name so i did and I got the DSAR report back saying it was revolut and I instantly knew why they did it🤦🏻‍♂️. I contacted revolut and complained to them and showed them the screenshots of the chat and they refused to budge because the screenshots didn’t include dates of the conversation which it wouldn’t if u took it on the day and I can’t go back on the chat again today since the person who sent me the money deleted the chat for me and them on telegram as telegram has that features to delete the chat on both parties phones. I got issued a final decision email and then I went to Cifas themselves to complain and to the financial onbudsman and I’m waiting to hear back from both of them. I have been using chat gpt to help me write my complaints and fill out any questions and respond to any emails they send me so it saves me from typing out a lot of stuff.

Let me know if anyone has any advice or any tips to remove the marker off my name, I don’t want to lose my other bank accounts like monzo or wise which have my savings in it for a car I’m saving up for.

I have asked a solicitor for help but they asking £2500 plus VAT to help my situation which for that price I’d rather live with the marker on my name for 6 years then pay 3k💀😂😂😂

Edit: on 12/1/26 at 13:05 I got a email from revolut saying my CIFAS marker has been removed🥳.

Fuck CIFAS and everything they stand for and fuck whichever cunt at revolut shut down my account and put a cifas marker on my name. Goddamn dickhead bastards are the scum of the earth.

To the person who removed the marker for me who actually has brains and realised I’m in the right and I was the one who was trying to get scammed I salute you and wish you the best life possible🙏. As for the rest of CIFAS I hope they all burn in hell and step on a Lego and choke on their next meal",ReB_VoDKa50,0,0.35,47,2026-01-09 23:26:58,https://reddit.com/r/UKPersonalFinance/comments/1q8nvyz/wrongful_cifas_marker_on_my_name/,UKPersonalFinance,Reddit
1o33z29,My wife wants to invest £100 in ETF’s a month?,"Hi, my wife would like to start investing £100 a month in some ETF’s. She has had some advice to use Revolut from a woman’s investing website, but I have heard bad things about them on here. So I’m wondering if there is a better platform to use which is cheap and safer than them? Thanks",thewombatkid,55,0.86,58,2025-10-10 16:25:15,https://reddit.com/r/UKPersonalFinance/comments/1o33z29/my_wife_wants_to_invest_100_in_etfs_a_month/,UKPersonalFinance,Reddit
1kijj6m,Buzzing because im finally debtfree!,"I’m very buzzing to share this news. I have just cleared £11,800 (to be precise) over 5 credit cards and 2 overdrafts. I’ve always been “in my overdraft”  so this felt particular good. 

I’m in my late 40s and i sort of stumbled into debt without there being a singular event that took me here. Have always been in work, spend less than i earn etc. basically I’ve always been fairly sensible with money. But a few years ago I bought my first home and between monthly mortgage payments, bill hikes and unexpected expenses that come with buying a place, I was stretched way too thin.

The first issue was the boiler broke and it was too expensive to pay for with the little savings i had left post home purchase. This was Jan last year and it was £3K+  which i didn’t have. I had a credit card so i paid it on there and assumed i would just pay it off within the year. Pretty sure it was a 0% purchase at the time and seemed affordable. 

But i guess what we call “life” happened. The next thing was a new washing machine, and that again wasn’t something i budgeted for so chucked it on the cc’s. There multiple versions of this and out of nowhere the payments owed each month were most of my income so i was relying on credit. And then i needed another credit card and played the whole balance transfer thing until i couldn’t. Eventually i couldn’t take any new cards out so started using overdrafts. The tesco shop, petrol etc all through overdraft. 

By the end of it i had 5 cards and 2 overdrafts to pay each month and it just got too stressful. 

The whole thing just felt weird. I was working, and didn’t really think things like this happened. Just felt really ashamed about it all and eventually i did what we’re all told not to do and buried my head in the sand. Loads of letters and calls started coming through and the anxiety begun. I should add that i didn’t have any friends or family that were in the position to help. Nor did I want them knowing about it (which was a mistake!!) 

I eventually made some progress in dealing with it so started researching. Found all the usual bits on debt consolidation, debt plans and the rest but i didn’t want those and the only loan i was able to get was basically double the interest rates . I found a lot of help on reddit and this sub in general which was helpful. You very quickly realise it happens and you can manage it. 

First thing I did was to list everything down in a paperpad and then call the companies and told them the situ. Many of them agreed to some period where they would pause fees and some weren’t so helpful (looking at you Aqua) 

Other things that helped: 

1. List all cards, overdrafts, money i had coming in, what fees i was paying and what i could afford to pay each month. I’m a tradesman and wasn’t ever one for spreadsheets so i asked a mate to help me out. Did the job and it gave me a date that was showing when the pay off would be. 
2. Seeing this together was good for me and helped loads 
3. I had a few bank accounts but was mostly using my halifax. I got £20 to opening a revolut bank with a link
4. Another thing that was good about that sheet was that it would show me what an extra £10 would do. I had a lot of stuff in storage from my old flat and most of it i didnt need so sold the bits and bobs that were worth anything. All the usual places online gumtree and ebay and facebook marketplace. Was kinda tedious to take pics and put up but needed to 
5. Found some cashback apps that i never used to think were legit but turns out i could get an extra 7 or 8 quid doing this 
6. The most embarrassing of all was asking mates if they wanted random vouchers for cash but i’ve known them long enough and they were ok with it. It all added up 
7. Stop eating out and went less to the local 
8. Theres seriously loads of stuff you can get if you’re bothered to sign up to things 
9. Started getting loads of ads for loans which lets you pay off cards but didn’t qualify unfortunately 
10. Found an app mentioned on here called incredible for paying off all cards. It was useful to stay on top of it each month and show you progress but ended up that i still needed the spreadsheet to check the overdrafts. It's helpful to stay organised
11. Cancelled sky and prime, but I’ll be honest, i kept netflix 
12. Reduced my phone bill and kept threatening to leave all my providers to see who would give me a discount
13. Changing mindset helped here to speed things up but it would've gotten worse if i didnt

Since then ive cleared it all off now and whilst work has picked up and i’ve earned a bit more than before all the stuff i did help me focus one getting this one thing done. 

My next plan is to build up savings again and once i do that i want to get a new car for work but only when i can afford to pay the whole thing 

Money and debt and leaving it till its too late is very depressing and take it from me someone who has always been cautious it can happen to anyone but just get up and tell someone or tell yourself and write down how you can do it and then go and do it. 

If you go through similar just start with saving the 1st pound and take it from there 👍",Available_Mark_8202,409,0.97,31,2025-05-09 15:14:36,https://reddit.com/r/UKPersonalFinance/comments/1kijj6m/buzzing_because_im_finally_debtfree/,UKPersonalFinance,Reddit
1n4tf51,No bank accepting me with cifas,"I was tricked a few years ago and I got a cifas. Certain online banks accept me then shut down my account after doing random checks for no reason. I’m doing hairdressing I get payments sent to me I prove it and they still shut down. 

I’ve tried starling revolut monzo and all the online banks under that I’ve been declined for basic account like Santander and virgin money. 

Anyone have any suggestions maybe I’m missing something? Felt like I’ve raided App Store but I can’t find nothing more maybe someone in a similar situation. I’m also on UC and no where to get paid my child benefit into tomorrow. ",Whereisbdb,40,0.74,60,2025-08-31 13:28:22,https://reddit.com/r/UKPersonalFinance/comments/1n4tf51/no_bank_accepting_me_with_cifas/,UKPersonalFinance,Reddit
1ppmbcv,How to better myself for the future,"Hi all,

I'll try and keep this short. I'm 25m, just secured a new job at £36k a year. A completely new role but within the same company I was at so I have lots to learn but hopefully down the line I can push myself to £42k a year.

I live with my girlfriend who pays me £150 a month. I don't expect her to pay half of my mortgage as I bought my flat before I met her and it's my flat. If she pays for half of it and we break up then that'll be a nightmare.

So takehome per month is £2,330 + £150 = £2,480. No other income.

Mortgage: 700

Council tax: 91

Electric: 112

Water + Sewage: 23

Sim for phone: 10.25

Phone: 21.61

Internet: 25

Service charge + Ground rent: 20 a month (varies. I just paid £1.2k so I can't give an accurate figure)

Petrol: 60

Food: 200

Subscriptions: 53 (Netflix, Spotify, Prime, Disney+, Playstation+ and this amazon fire stick that somehow has loads of movies and tv shows + live tv on!?)

total: £1,405 

£1,075 left over

I understand I pay a lot in subscriptions. the £150 my partner gives me is for half of most bills that she uses, like electric, water etc etc.

Where I try and distribute my money. I have pots on revolut

Car repairs

DIY / Furniture  
Fun shopping  
Holiday  
Insurance  
Petrol  
Service + Ground rent.

I usually transfer between £500-750 a month and distribute then where I see fit.

And I like to put in a bit of cash into the S&amp;P 500 (Only started recently so only have £400 in there.

Probably around £300 a month after that I keep in my bank account.

I have £21,435 in my pension.

About £20k equity in my flat

Only have about £4k total across pots / main bank account. (Granted I've just spent £1.2k on service charge and other expensive bills!)

I've just purchased a holiday for next year (yay) using a 0% credit card. I have £750 already set aside to pay and will have another £750 to pay off which I have until May 2027 to pay off.

I feel like I'm doing okay and I'm in a fortunate position. But I really want to buy a house in 5 years time. Hopefully with my current partner.

I just want to see if there's anything I should change / focus more on to better my future &amp; help me secure a house in the future.",TheAwayGamer,7,0.7,36,2025-12-18 09:05:42,https://reddit.com/r/UKPersonalFinance/comments/1ppmbcv/how_to_better_myself_for_the_future/,UKPersonalFinance,Reddit
1qmv8hg,"Moving back to the UK from Australia in ~1 year, with significant savings in AUD to transfer. Is there a ""best"" way to do this &amp; should i start moving some now?","I am currently living in Australia, with my wife and newborn. We are looking to move back next March/April.

Between us we have almost $250,000 AUD (\~£125K) to transfer back (plus super/ pension funds that we can also access when we move).

When i have transferred money back before I have used Wise, but is there a better way with that sum?

I was also wondering whether it is worth trickling some, or better to do in one go?",Jmsaint,0,0.5,27,2026-01-25 20:59:17,https://reddit.com/r/UKPersonalFinance/comments/1qmv8hg/moving_back_to_the_uk_from_australia_in_1_year/,UKPersonalFinance,Reddit
1qd3rnq,How to invest ~159k net worth for growth,"Hi. Here's my financial breakdown: I'm 28, currently earning 63k a year (hope to increase this in the next year). I have 50k invested by me in a S&amp;S ISA and I have 75k in a fund that my grandfather kindly gifted to me. I have only 4k in savings, due to spending a lot on travel - focusing on rapidly increasing savings this year. I have no spouse or children, and don't plan on either. I also currently live with my family so don't have any major expenses apart from bill contributions (\~£300 a month). I also have 1 Bitcoin, which I bought with my sibling, so my half is currently \~34k. We both don't want to sell it yet, and also are aware of capital gains tax (not sure if we can avoid it if we do sell, would welcome any advice) since we bought it at 5k in 2018 and it's now valued at \~68k, though of course that could change.

I want some advice on how I'm investing my money, as I'm pretty sure it can grow more rapidly than it has. 

The 75k breakdown:

\- Contributions by my grandfather: 15k in 2007 (I personally think it should have been weighted more heavily in tech stocks especially at that time, then it would be worth a lot more now). He added 3k in 2010, 15k in 2011, 6k in 2015.

Split between:

* OMR ASI American Equity
* OMR BlackRock Balanced Growth Portfolio
* OMR Index Balanced
* OMR Quilter Investors Ethical Equity
* OMR AXA Framlington Global Technology - now switched to OMR Jan Hend Global Technology Leaders. Fund charge 1.13%



I would personally like to move this money away from the investment bond it’s in, which is looked after by the financial advisor firm my grandfather employed. They take a percentage of it as payment e.g \~1% annually, which is quite a lot given that it isn’t very much money. I want to move it into a fund that will increase in value faster/is more high risk and will offer better returns.

  
The 50k S&amp;S ISA breakdown (invested by me starting in 2024, maxed out contributions 2024-25 financial year):

* FTSE All World VWRP 34.2k
* Nvidia 1.6k
* Netflix 1.3k
* Microsoft 1.1k
* Reddit 1k (went up +228, bought when it was quite low)
* Meta 0.9k
* Alphabet 0.7k
* Apple 0.6k
* LVMH 0.5k
* Dior 0.5k
* Ulta Beauty 0.5k
* NASDAQ 100 0.4k
* Mastercard 0.4k
* Berkshire Hathaway 0.3k
* Amazon 0.3k
* L’Oreal 0.3k
* Tesla 0.3k
* S&amp;P500 0.2k
* MongoDB 0.2k
* IBM 0.2k
* Publicis Groupe 0.2k
* Siemens 0.2k
* Expedia 0.2k
* Salesforce 0.19k
* Coinbase 0.19k
* Twilio 0.18k
* DoorDash 0.17k
* Oracle 0.15k
* Texas Instruments 0.14k
* Next 0.14k
* Palantir 0.14k
* Adidas 0.13k
* E.l.f 0.13k
* Pernod Ricard 0.13k
* Alibaba ADR 0.12k
* Procter &amp; Gamble 0.1k
* Estée Lauder 0.08k
* Target 0.08k
* UPS, BMW, Intel, Revolve, Circle, easyJet,  Physical Gold, Roblox, Legal &amp; General, Nike, Wise, ASOS, America Eagle, Octopus Renewables, Birkenstock, Instacart, Wetherspoons, Gitlab, Greggs, Vodafone, Gamestop, Bloomsbury, National Grid, THG, M&amp;S, Revolution Beauty, Aviva, NatWest, Barclays, The Honest Company, PensionBee, LADBible group, Coty, Naked Wines, Alfa Financial, ITV, Funding Circle are all under 0.08k invested.

I guess my overall wealth investment wise is 159k. I have been considering to buy a house in the next year or so, especially as I would hate to return to the trap of renting in the UK. I would probably buy in London (which is where I was born and raised, would be priced out if not for living with parents) and it might then be a good investment property after I leave the UK. However, I’m worried about sinking all my investment money into an extortionate house deposit (to pay it off faster/have more equity) when I do plan to leave the UK within the next 5 years, due to the high cost of living, quality of life decreasing, etc. I don’t want to settle here, however I do want to grow my career in London over the next few years. So I’m looking for investment advice that will help me grow this capital as quickly as possible, if I can make it produce income, and advice on how to access it from abroad (most likely another country in Europe e.g Germany, Italy, Portugal) and manage taxes. I wouldn’t mind renting per se if I could be sure my capital is growing fast, however it would suck to pay someone else’s mortgage rather than build my own equity while I’m still in the UK. The benefit though is getting out faster and not having the fees associated with buying a house e.g conveyancing. My ultimate goal is FIRE in a lower cost of living country.

Would appreciate any advice, thank you!",scroogesdaughter,3,0.55,29,2026-01-14 23:56:19,https://reddit.com/r/UKPersonalFinance/comments/1qd3rnq/how_to_invest_159k_net_worth_for_growth/,UKPersonalFinance,Reddit
1qkawyr,EE phone bill 55% increase from 2022 to 2026,"Hello I will start with the facts/data. The below involves solely services provided by EE and no hardware(phone deal etc) add ons/payments.

As of Jan 2022 my phone bill with EE was £19.86 per month.

As of 2022 I was informed my bill would increase by £1.84. As of 2023 my bill would increase by £3.10. As of 2024 my bill would increase by £1.94. As of 2025 my bill would be increased by £1.71. 

Now as of 2026 I have been informed my bill will increase by a further £2.50. This leaves me with a projected bill of £30.95 for 2026 by EE per month. A 55.8% increase over a 4-5yr period, which imo is outrageous and unsustainable in the long run.

I am wondering if there are any tips to firstly negotiate my price. I have complained prior to EE about lack of signal on their services, as well as disappointment that my monthly charges cannot be pivoted to services/usage abroad (which incur additional costs ontop of and seperate to my monthly payments). If I were to use EE services abroad at these rates I would see costs for a month reach north of £60.

If negotiations are not possible/advisable, I have never changed providers before. What would be the first steps and websites to visit to compare prices?


P.S. In honesty, I am a bit lost and disappointed at the price gouging with EE and british businesses as a whole atm. Even more concerning following the pandemic and during a cost of living crisis. With 50-55% price increases expected over 5 year periods from british businesses, I don't know where to turn to, possibly providers abroad/E-Sims?",Keltoix,0,0.31,26,2026-01-22 23:51:57,https://reddit.com/r/UKPersonalFinance/comments/1qkawyr/ee_phone_bill_55_increase_from_2022_to_2026/,UKPersonalFinance,Reddit
1nzgxrr,"Transferring £37k of savings from France to the UK, what does the process look like?","Hi all,

I’ve seen a few posts adjacent to this topic over the last couple of weeks, but they’ve unfortunately raised more questions than they answered so I figured I’d ask directly about my specific case. Apologies if this feels repetitive to you guys!

**My main question: what does the process look like to transfer around £37k worth of savings from France to England?**

Background context:

I’m French but have been living in London for just over five years. I’m 25 and have been saving into a French savings account since I was 16 so this is literally my entire life’s savings.

I’ve now built a career and a life in the UK, and I’m planning to stay here permanently. That only became clear about a year ago, so until now I’ve just left my savings in France without thinking much about moving them.

Now that I’m looking to buy my first home, I’d like to use that money for a deposit which means finally transferring the funds from A to B.

I can’t imagine transferring a large amount like this is as simple as just sending money from one account to another because of AML/CTF checks and similar precautions I’m assuming banks have to take. I’m also worried about any potential tax implications, as I have no clue how HMRC views this kind of transfers.

Right now, I feel pretty lost about who to speak to (French bank? UK bank? financial advisor?) and what kind of timeline to expect before the funds are fully moved over.

Some extra details in case they matter:

- My only UK account at the moment is a standard HSBC debit account.
- Once I have the funds in the UK, I plan to open a few savings accounts to spread them around a bit wisely while the home buying process takes place. 
- My current (but very tentative) plan is:
1. Transfer the funds from my French account to Revolut (seems to have much cheaper fees than the standard banks).
2. Do FX there to get a better rate than standard banks seem to offer.
3. Then move the GBP into my UK saving account(s).

Would appreciate any advice here as I am still very financially illiterate and I just don’t want to accidentally get in trouble with either the banks or HMRC, or lose a big chunk of the money to transfer fees or FX conversion.",MoneySnail,10,0.78,47,2025-10-06 12:54:22,https://reddit.com/r/UKPersonalFinance/comments/1nzgxrr/transferring_37k_of_savings_from_france_to_the_uk/,UKPersonalFinance,Reddit
1jcjwje,Banks that dont send out physical cards?,"Im over 18, unable to move out yet and have very controlling parents and my bank is being monitored by them

Id like to join a online bank, for some privacy, that wont send me a physical card automatically on joining, as they will likely open the letter before me and find it, i dont have anyone else i could send it too unfortunately",Exotic_Issue5696,46,0.83,81,2025-03-16 12:00:37,https://reddit.com/r/UKPersonalFinance/comments/1jcjwje/banks_that_dont_send_out_physical_cards/,UKPersonalFinance,Reddit
1q6bbcw,"CIFAS marker at 17, need advice","Revolut has issued me a CIFAS due to ‘misuse of disputes’ it seems. Let me tell you now in the entire time I had Revolut, only 7 disputes were made, which were all filled and packed with evidence.
However, because of their ignorance, they didn’t care and gave a CIFAS marker anyway.
Does anybody have any idea on what to do?

(16, almost 17)
(I’ve made a complaint towards the FOS.)
",visualtfx,0,0.33,26,2026-01-07 09:51:45,https://reddit.com/r/UKPersonalFinance/comments/1q6bbcw/cifas_marker_at_17_need_advice/,UKPersonalFinance,Reddit
1ne5qts,Portuguese working on UK looking for the best bank option to pay my gym,"Hello guys,  
I have been in the UK for a year now and I always received my salary and used Revolut to pay my gym by direct debit. However, today my gym contacted me saying that the direct debit is no longer working. I contacted Revolut and they told me that direct debits are no longer available on UK accounts.

So now my problem is how I am going to pay my gym. I tried to give them an IBAN from a Portuguese account, but they refused it, so I need your help to find the best bank. I don’t want to pay for subscriptions, I just want a bank account to pay the gym.

Thanks!",Big-Statement-9557,17,0.77,44,2025-09-11 11:59:52,https://reddit.com/r/UKPersonalFinance/comments/1ne5qts/portuguese_working_on_uk_looking_for_the_best/,UKPersonalFinance,Reddit
1qh27wd,Best International Travel Cards Recommendations?,"Hey there, need some help regarding my travel itinerary, specifically the means of obtaining and spending my money when I arrive.

I'm currently planning on taking two overseas trips this year down the line.

1st Trip to Germany in July. Approx. 1 week.

2nd Trip to Japan in September. Approx. 1 week.

Both for events happening in those times and in terms of my food and entertainment budget for these trips, I'm looking to spend the equivalent of £500 approx. max ***(ideally)*** in those places across the week ***(excluding Hotels and Travel Fees which are seperate).***

I am looking over various travel cards as I don't like the sound of paying overseas fees using my usual Lloyds Card. So I want to limit my fees as much as I can.

My plans with this card is just to have something on hand for travel so I can spend my money abroad with little to no fuss. Both for these trips and potentially any other big trips I might take later on in the future.

I'm personally more of a ""Cash on Hand"" type of person, but I don't mind using a card if needed and simpler but I read alot about hidden fees and such, and want to know the best card(s) to potentially sign up with for what I'm looking for.

Here's what I'm looking for ideally;

**1)** Physical Card. I prefer something directly on hand.

**2)** Ability to withdraw at local ATMs, approx. £300 local currency equivalent in a given month - no fees. I'll take a lower amount but if I'm going for a week and buying stuff at places locally which might not have ATMs and/or Card Readers, I prefer a good amount of cash on hand for those instances.

**3)** Ideally no fees on any digital transactions made overseas with the card, I'll even take a limited amount spent per month before fees apply restriction if reasonable.

**4)** If currency conversion is the ideal means to avoid most overseas fees, then the smallest fees when converting the money is preferable.

**5)** Ability to transfer money to and from my main Lloyds account with little to no fees. Not sure if no fees exist but hey, that's why I'm asking.

I'm also not a Digital Banking type of person ***(in the sense of using my phone to access my bank)***, meaning I'm likely to not use an app related to my card. I'm just a setup and done use type of person and prefer simply using my physical card, not a micro-manager.

I'm currently looking at Wise but I'll take on any suggestion as I'm not set in stone currently. I understand there likely no perfect card out there but as close as possible would be nice. I'm also open to compromises to what I put if the benefits outweigh it. 

Thank you for your time. Hope to hear some good suggestions.",1qza2wxs3ecd4rvf5tbg,3,0.67,20,2026-01-19 11:55:44,https://reddit.com/r/UKPersonalFinance/comments/1qh27wd/best_international_travel_cards_recommendations/,UKPersonalFinance,Reddit
1qjsjzi,Advice for asset rich early retiree with no income.,"Hi,

So after yet another redundancy I am seriously toying with the idea of just packing it in, as I have investments that I can draw from comfortably to manage monthly outgoings comfortably until I am able to access my SIPP in 5 years' time, and maybe start something small on my own (when I figure out what it will be).

However yesterday I had a narsty shock when TSB declined to offer me their current account, despite perfect credit history .. I'm guessing because I said I have independent means and no income on the form (I only wanted it for switch bonus because I have a second current account I don't use anymore).

So this made me wonder if all new savings/credit products would be off limits if I have zero income on paper (banks say investment returns don't count as income). Hoping there are experienced silver surfers here who can advise :)

For completeness, I should mention I am not super rich or anything - definitely not enough to qualify for wealth accounts. Have around 300K in ISA and similar in SIPP. Allocated as some cash, some index funds, some gilt ladders to cover next 10 years spending. Monthly outgoings (my half) 2K.",ohell,23,0.75,16,2026-01-22 11:53:33,https://reddit.com/r/UKPersonalFinance/comments/1qjsjzi/advice_for_asset_rich_early_retiree_with_no_income/,UKPersonalFinance,Reddit
1qstj02,Should I lose interest by colocating all funds ahead of house purchase completion in 33 days,"I have exchanged and will complete on Friday 6th March.

My current account is starling and has 0% interest. 

I have a cash ISA that I intend to use with interest paid monthly, so final payment on 1st March. 

My revolut savings account earns 3.25% daily on the sum. 

I have 50K premium bonds I will use. March draw is Tuesday 3rd March. If I were to withdraw immediately on the morning of 3rd, the ""direct saver trick"" means premium bonds would be withdrawn either on 3rd or 4th March. 

In the next month, based on funds for the purchase, the ISA would earn £80, the Revolut account would earn £90, premium bonds average expected would be £150, and other smaller savings accounts (e.g. Barclays Rainy Day) that will earn collectively £30.

So by withdrawing from these accounts and putting into Starling current account (landing a little bit above FCFS cap), I'd expect to lose around £350. And I'm not completely sure if there's actually any need, hence coming here. 

While it would be nice to have, is this too risky to do it at the start of March?",richard248,7,0.89,16,2026-02-01 09:02:04,https://reddit.com/r/UKPersonalFinance/comments/1qstj02/should_i_lose_interest_by_colocating_all_funds/,UKPersonalFinance,Reddit
1mwmk0o,I think a bank employee sold my mums details to a scammer,My mum has just had a new card sent out to her as she lost the old one so bare in mind this is a completely new card with new details and somehow within 24 hrs of receiving the new card someone has used it to spend £230 on online gambling and tried to make a deposit of £15 on revolut (she doesn’t have a revolut account or gamble). There is no possibility that someone has got hold of the new card details by physically having her card so the only conclusion I can come to is that it’s someone within the bank. This is with Santander. Does anyone know how I go about dealing with this? Obviously the cards been cancelled and I’ve reported the fraudulent purchases but not mentioned I think it might be one of their employees. Does anyone know if there’s a way to find out who opened the online gambling account as they would’ve needed ID?? ,holly22336,34,0.74,38,2025-08-21 21:39:20,https://reddit.com/r/UKPersonalFinance/comments/1mwmk0o/i_think_a_bank_employee_sold_my_mums_details_to_a/,UKPersonalFinance,Reddit
1plls9p,Withdraw cash from a euro account?,"Does anyone know of a euro account where I can deposit and withdraw euro cash?

I have a euro account, so my parents (who live in Slovenia) can send me money without conversion, and I want to be able to withdraw my euros. I can transfer them into another account. HELP! I want my euros! 

DETAILS (in case you're curious):

My account is with Barclays and I had it for over 20 years. They were offering a euro account to their customers, that was why I switched my current account and opened the euro account with them.

Among other things I was able to deposit and withdraw cash. Euros, of course, as it's a euro account. One of basic banking services, or so I thought.

Just suddenly, out of the blue, they stopped the depositing/withdrawing service.

Yes, they gave a short notice, but it was buried among useless e-documents and I wasn't notified. I wanted to withdraw my euros just recently, in August, but they told me I had to give notice. They never mentioned that they had known for at least a month that I wouldn't be able to do it anymore soon.

It feels like they're holding my money to ransom. I was able to withdraw it, just a straightforward procedure, like we take for granted with sterling accounts. Now so far eve only option I found is to convert euros into sterling, withdraw them, and then convert them back to euros. But double conversion means the amount will be reduced. So the difference is basically the newly introduced fee for cash withdrawals. Or ransom... I feel sc***ed by my bank.",TaliaButton,4,0.67,21,2025-12-13 13:47:44,https://reddit.com/r/UKPersonalFinance/comments/1plls9p/withdraw_cash_from_a_euro_account/,UKPersonalFinance,Reddit
1m4lkvm,I moved to the UK 1 year ago and when trying to apply for a UK bank account I'm getting rejected.,"I moved to the UK 1 year ago from Ireland and when trying to apply for a UK bank account I'm getting rejected. I have been getting paid into a UK Revolut account up until now but wish to open an account with a UK bank like Natwest etc.

However, when applying I have been rejected. I reached out to CIFAs to see if there was something on my name but they confirmed they don't even have any data on me? I also reached out to Experian who also had nothing in their records for me. Both of them asked for more information on me to see if they could find anything,

I also got rejected for a direct debit for a utility bill and a Monzo bank account. I have never had any debt to my name so I'm super confused.

I have moved into my 3rd apartment now and am wondering is it down to moving around that they don't have anything tied to my address, even though everything is registered to my new apartment.

  
I've been told I could be getting rejected as banks used CIFAs for checks and if there is nothing in my name they cant approve me?

  
Its quite stressful as no one can answer my question or guide me on who to talk to!

Appreciate any help on this,

Thanks!",Few_Beautiful5256,2,0.53,45,2025-07-20 11:23:16,https://reddit.com/r/UKPersonalFinance/comments/1m4lkvm/i_moved_to_the_uk_1_year_ago_and_when_trying_to/,UKPersonalFinance,Reddit
1oh9lab,"Lloyd's closed my bank account because I moved to Germany, where do I put my GBP now?","They've now sent me a check for the remaining balance I had in my account. What would you guys suggest I do with the money. As in where do I get a bank account that'll let me operate a bank account from Germany. Also I don't want to convert my money to EUR. 

I've been looking at options like HSBC Expat, but apparently they don't have that good of reviews and also their website says that the money is actually help offshore somewhere in Jersey so then I won't have FSCS protection. 

If someone has any idea on what my best course can be moving forward. Please share. ",harambe20206,0,0.44,28,2025-10-27 09:10:29,https://reddit.com/r/UKPersonalFinance/comments/1oh9lab/lloyds_closed_my_bank_account_because_i_moved_to/,UKPersonalFinance,Reddit
1qums85,"Investment advice, been retired 4 year, feel like I could do more with my savings?","UK Retired age 67, I have 65k in an isa @3.7%, due April, have 40k in PBs @ 3.5%, 15k in  revolut @3%. What can I do better, not really into long term investments or higher risk due to my age (got to be realistic). No mortgage, have about 1k a month to save if I need to.

I'm not investment savvy so hitting me with jargonised info will just send me to sleep.

Am I doing ok or can I do more?",Aggravating-Day-2864,3,0.8,11,2026-02-03 08:42:41,https://reddit.com/r/UKPersonalFinance/comments/1qums85/investment_advice_been_retired_4_year_feel_like_i/,UKPersonalFinance,Reddit
1ks0f9l,"Just moved to the UK, do i need a UK bank account?","Hi all, just moved to London. I'm currently using Revolut and plan to have my salary paid into this. Should I still open an actual UK account with one of the banks? 

If there's anything else I should be availing of, please let me know. Thanks all!

Edit: Thanks everyone. I'll likely open an account once I get proof of address and things ",ShillinANDChillin,24,0.75,50,2025-05-21 16:17:24,https://reddit.com/r/UKPersonalFinance/comments/1ks0f9l/just_moved_to_the_uk_do_i_need_a_uk_bank_account/,UKPersonalFinance,Reddit
1qojb8o,"Going to France in February, what’s the most cost effective way to spend abroad?","Going away to Disneyland Paris for 5 days soon, I usually just buy Euros at the post office but thinking there’s probably a better way as I inevitably end up not bothering to change back to GBP or just make a point of spending the last of it on the last day then topping up with my credit card (Lloyds platinum) as needed

My bank account is just a NatWest Current account, no idea of the associated fees

What’s the recommendation for overseas spending? It’s likely to be multiple small purchases with the odd gift here and there ",PassionNo5041,0,0.4,11,2026-01-27 16:53:03,https://reddit.com/r/UKPersonalFinance/comments/1qojb8o/going_to_france_in_february_whats_the_most_cost/,UKPersonalFinance,Reddit
1pknkti,Passive Penny Stock Investing for low monthly amounts,"Hi

I’m not sure if I’m posting this into the right sub, but I’m confident that someone will tell me if I’m not. 

At the moment I’m saving £5 per week into my Plum account, where it’s earning a predictably low amount of interest each month. So I’m wondering if someone can recommend a good trading platform that would allow me to invest small amounts. I’m not able to monitor the trades full time so ideally I’d be able to make the investment and set various safeguards which would auto sell the stock if the value of it dips below a certain threshold. 

Is something like this available and can anybody give me recommendations for it?  Also happy to receive recommendations for services such as this that should be avoided at all costs. 

TIA ",No-Possibility-3072,0,0.36,18,2025-12-12 09:19:17,https://reddit.com/r/UKPersonalFinance/comments/1pknkti/passive_penny_stock_investing_for_low_monthly/,UKPersonalFinance,Reddit
1nambgu,Capital gains tax on (sold) mined crypto. Specifically Pi Network. Please advise?,"Hi all, 

Wasn't sure where to ask but this sub seemed most appropriate. 

So I mined Pi Network for around 6 years - once it hit exchanges, I sent it from Pi wallet to Xeggex exchange, exchanged it to USDT, sent USDT to Revolut, then sold the USDT to GBP and withdrew to my bank account. 

First sale was in Feb - £2347
Another sale in Feb a few days after - £1384
Final sale in April - £2130

Rules and regulations surrounding this seems ambiguous at best, but as I've exceeded the £3k CGT threshold, I imagine I'll be expected to do a self assessment and pay the 18% tax. If this is the case, how long should I wait until I file? I believe ideally before April 26? I've heard nothing from HMRC - no letters, via mail or online. 

I'm not sure if income/income tax//N.I contributions are factored into this, but on average I earn anywhere between 2-2.8k per month after tax and the usual contributions. No debts/student loans etc.

Any advice is appreciated! ",dragonballsteve85,0,0.33,34,2025-09-07 07:47:04,https://reddit.com/r/UKPersonalFinance/comments/1nambgu/capital_gains_tax_on_sold_mined_crypto/,UKPersonalFinance,Reddit
1qj600n,Hope this is okay to post here... account closed after 'review' with money in...,"Hey, I won't name the company (can if that's allowed, but it is an FCA approved, UK company) but it's a company that collects ACH Pull payments and passes them on to wherever they need to go. I recently signed up with this company and sent a link to my partner for the 'trial payment' to make sure everything was set up correctly. I waited a day and that worked, it was showing in my account and then could be moved to my bank account. It arrived in my bank account a day later. The next day, my partner needed to send me £300 for shopping, we done it the same way as this company had an offer on where if you send £500 they would give you £100 free. My partner was sending this anyway so though it would get me a little closer to the bonus. The day after, when the money was meant to be in my account, I got an email saying after a review, my account had been closed. I am in no way annoyed about this, it's their service and they can have whoever they want using it. My issue is not about it being closed. It's the fact that now, my partners money is now... gone? In the email I received, it said that any payments wouldn't be automatically sent back and the person who made the payment would need to get in touch with the company. My partner done this and they said the only way for her to get her money back is to issue a chargeback with her bank. She's just spoke to her bank and they are saying because it was a payment to another account, they can't issue a chargeback. Does anyone have any idea what we can do is that £300 gone? She's lodged a complaint with the company but hasn't heard back from them yet, but from what they have said to her already, they seem to be washing their hands of it.",mrleelee,3,0.67,11,2026-01-21 18:31:27,https://reddit.com/r/UKPersonalFinance/comments/1qj600n/hope_this_is_okay_to_post_here_account_closed/,UKPersonalFinance,Reddit
1kcxdol,Does nationwide still use a card reader?,"Basically the title. Want to switch to them as my main bank for wages and fixed costs

Is the card reader still needed to do basic things like bank transfers, etc?

Do you also get notifications about money coming in and out? ",No_Investment_3941,17,0.78,50,2025-05-02 11:13:01,https://reddit.com/r/UKPersonalFinance/comments/1kcxdol/does_nationwide_still_use_a_card_reader/,UKPersonalFinance,Reddit
1qkq6vs,Receiving money from US- what is the best way?,"I am now self employed and send invoices to a company in the US. currently they send the money to my bank (HSBC) in USD which gets converted into GBP and charged a fee. I don't know how the fee is calculated but it was £5 on my first incoming. 

Does anyone know if this is the most cost effective way of receiving payments from the US or if there is an alternative bank account I could set up with good exchange rates or lower fees. I will be receiving these payments 64 times in a year so £5 fee every time is a lot. ",Mental-Umpire-8995,1,0.67,10,2026-01-23 13:01:19,https://reddit.com/r/UKPersonalFinance/comments/1qkq6vs/receiving_money_from_us_what_is_the_best_way/,UKPersonalFinance,Reddit
1nbtwio,Help on how much to save for retirement,"33(F) and starting to worry that I’ve not done enough for my pension already!

How does everyone work out how much they need a month for retirement? 
Ie. Bills / expenses etc 
Will have paid off my mortgage so will just be utilities, car, food etc. ATM these are around £900pm, but inflation can ofc go up…. But how much do I need to account for? 
Then how much for fun?

I did an online calculator on gov site and it suggested £24k a year in savings / private pension (£2kpm) so would that be about £700k I need to save in private pension? 🥺

I currently have £28k-ish in my private pension, so worrying that I’ve not saved well enough in life….. ",Cat-In-The-Hat-1,19,0.85,29,2025-09-08 18:22:36,https://reddit.com/r/UKPersonalFinance/comments/1nbtwio/help_on_how_much_to_save_for_retirement/,UKPersonalFinance,Reddit
1o6k9ie,Can someone help to remove CIFAS marker?,"I’ve contacted the bank that given me the marker but they won’t budge, Revolut,  as I a part of scam but I was an unwitting victim (as they were threatening me) and as well as not knowing the payments, I had received were fraudulent. I would like to add also haven’t benefited from them. I have also made many reports to ActionFraud, also I’ve contacted my bank, Halifax, this year for similar situation, they said I would be able to re-apply. But of course the marker would have to be removed firstly. The marker in question, was a “misuse of facility” marker. I have also tried to do my own due diligence such looking on sites such as AdviCIFAS, and going over CIFAS’ principles like principles 4&amp;5, although I have not brought them up formally, with my marker disputes to Revolut. I am also yet to contact CIFAS to dispute matter through their own internal independent investigation process. I am currently now in university. I hopefully wish, by God’s grace, to remove the marker before this year end, and I don’t want to escalate to the Financial Ombudsman Service yet, or even at all, as in situation like this they are like end all be all. They have final say, so if they decide not to uphold my complaint. I might have to wait for the full duration of time to have the marker removed but it also takes a long duration of time for the Ombudsman to find someone to review the case. I would also like to add I also have evidence but I fear not enough relating to the situation but does include the suspect/suspects in question. 
Please can anyone help me?",Active_Tip6516,0,0.4,26,2025-10-14 17:28:20,https://reddit.com/r/UKPersonalFinance/comments/1o6k9ie/can_someone_help_to_remove_cifas_marker/,UKPersonalFinance,Reddit
1nos304,How to pay rent with a credit card in the UK without being charged cash advance fees?,"Hi everyone,  

I have a NatWest credit card and I’d like to pay my rent with it. My concern is that the bank might treat it as a cash advance, which would mean high fees and interest.  

Are there any legal ways in the UK to make this kind of payment so that it’s processed as a normal purchase instead? For example, through PayPal, Curve, Revolut, or any other service?  

I’d really appreciate any advice or experiences.  

Thanks!",_IvyLune_,0,0.41,27,2025-09-23 21:14:31,https://reddit.com/r/UKPersonalFinance/comments/1nos304/how_to_pay_rent_with_a_credit_card_in_the_uk/,UKPersonalFinance,Reddit
1q77ozi,Best way to transfer a large sum of USD in cash into the UK to invest it?,"I have few 10Ks USD in cash in my home country and want to bring it into the UK since I now live in the UK to invest them. This money is basically my savings over the years I worked in my home country and it's in cash because we had a financial crisis and couldn't trust the banks with our money. What's the best way to invest the money in the UK since my home country is not open to the financial markets? will I be taxed? if you've done something similar, please let me know how you did it.",mamhaidly,0,0.29,10,2026-01-08 09:46:26,https://reddit.com/r/UKPersonalFinance/comments/1q77ozi/best_way_to_transfer_a_large_sum_of_usd_in_cash/,UKPersonalFinance,Reddit
1p35l7v,Best way to receive small pay in USD?,"I’m based in the UK and I’m planning to do some small freelance/online work paid in USD. The payments are tiny, like 20 dollars each, so traditional bank transfers don’t make sense because the fees would eat everything.

I’m trying to figure out the most cost-efficient way to receive these small USD payments. Right now I’m considering Revolut, Wise and iFast. I know PayPal is expensive so I’m not looking at that.

If anyone has experience receiving small USD amounts through these platforms, which one ends up being the cheapest and least painful? Especially for things like ACH vs wire, SWIFT fees, hidden charges, etc.

Any advice or personal experience would be super helpful! Thank you!",No-Contract6004,7,1.0,16,2025-11-21 18:00:29,https://reddit.com/r/UKPersonalFinance/comments/1p35l7v/best_way_to_receive_small_pay_in_usd/,UKPersonalFinance,Reddit
1nqxtrw,Selling Spanish property and receiving the money to a UK bank acct,"Hi all. My father (GB citizen and resident) is selling his holiday home in Spain. He will get betw 650-700k euros. He has no Spanish bank acct. He wants the money to come to the UK. I understand that to have it paid into his normal GB bank acct will require changing the money into GBP, and I believe high street banks do not offer good rates. What would be the best alternative please?

edit: missing k added",Spax47,5,0.86,24,2025-09-26 11:31:19,https://reddit.com/r/UKPersonalFinance/comments/1nqxtrw/selling_spanish_property_and_receiving_the_money/,UKPersonalFinance,Reddit
1qkdk7m,Buying property—need advice x transferring funds (approx $450000 in USA to € account in Europe),"Which 3 services should I consider when making this transfer—trustworthiness, speed, best bottom line cost (fees plus exchange rates), and customer service are what matter to me.

Please just comment if you have personal experience. My concern with WISE or Revolut is that this amount of money might get held up. I have Revolut, but they only secure up to about half that amount and they also might hold up the process with no human to assist.

I have heard Lumon and Spartan are very good, but that is from a friend with anecdotal experience.",APalindromaC,3,1.0,6,2026-01-23 01:47:40,https://reddit.com/r/UKPersonalFinance/comments/1qkdk7m/buying_propertyneed_advice_x_transferring_funds/,UKPersonalFinance,Reddit
1kfp4xv,Should I continue doing this or is it just a scam?,"To preface this, i found work at a marketing agency through telegram.I am a financial assistant and i get payed £100-£150 a day, i am sent usdt crypto to my revolut account and i transfer to gbp and distrubute funds to employees. 1. Is this a scam 2. Can i get into trouble for transferring to a lot of people. 3. What would i need to do to legimitise this as i like earning this much for such little work. 


To provide more context. The funds are sent to other employees who basically like vids for money as part of their “marketing services”",skinnypenis021,0,0.28,46,2025-05-05 23:38:14,https://reddit.com/r/UKPersonalFinance/comments/1kfp4xv/should_i_continue_doing_this_or_is_it_just_a_scam/,UKPersonalFinance,Reddit
1qpf6wc,Building credit in the UK since moving from Ireland,"I have moved from Ireland to the UK as a graduate working in finance in London. When I moved over I just opened a Revolut account to get my salary into. I wanted to get a credit card to start building credit but it seems unlikely that I will get one as I have no credit score.

Any suggestions on what I should do to build up my credit? Should I open an account in a UK bank or follow another approach?

Thanks in advance!",Kindly_Diamond7868,2,1.0,5,2026-01-28 15:57:00,https://reddit.com/r/UKPersonalFinance/comments/1qpf6wc/building_credit_in_the_uk_since_moving_from/,UKPersonalFinance,Reddit
1q42o3g,UK card for foreign transactions,"Hello. I need to make a payment of about £1300-1500 ish monthly (increasing yearly) on a UK credit card which is charged internationally. (International student loans so will go on for a very long time…). The vendor does not accept Amex. Any ideas on which card might give me the best benefits for those transactions? Ideally looking to earn points or cash-back / minimise fees - currently doing this through Monzo which has been efficient/free but the amount will be gradually increasing and I’d like to capitalise on this if possible as will be going on for the next 15ish years (depending on earnings). 

I’m a Premier Wealth (or whatever it’s called) customer at Barclays but their cards don’t seem ideal for this. I do my day to day spending on a BA Amex for the points and pay in full monthly. 

I can alternatively transfer money to my foreign account and pay it from there, but Monzo has worked out fine (other than no benefits from the spending). I have an excellent credit rating /income and should be eligible for any card in most banks. 

Many thanks for the assistance. Finally teaching a point in my life where I can think proactively about my finances rather than firefighting and boy is it enjoyable. This sub has been really helpful as a first gen crawling out of poverty! ",Comprehensive-Tap-42,2,0.75,7,2026-01-04 21:48:28,https://reddit.com/r/UKPersonalFinance/comments/1q42o3g/uk_card_for_foreign_transactions/,UKPersonalFinance,Reddit
1l444ta,Sending large sum of money from France to UK,"Hi all,

My family member wants to send around €300,000 from France to the UK after a house sale. They want to send €100k each to their 3 children. What's the best way to do this with minimum fees? Could they just send 100k to 3 different accounts on Revolut, for example? 

Thanks in advance! ",guendog,19,0.75,36,2025-06-05 17:48:43,https://reddit.com/r/UKPersonalFinance/comments/1l444ta/sending_large_sum_of_money_from_france_to_uk/,UKPersonalFinance,Reddit
1p18aj3,"Which high street bank would be the best option in terms of perks, good customer service, etc.?","Hiya! I'm starting a new job in January and currently only have a neo bank account (Revolut). I'm now looking to open a high street bank account for my salary, and keep Revolut as a spending account.

I’m trying to figure out which banks are the best in terms of perks, interest rates, and customer service. I've heard Lloyds offer free movie tickets with their clubcard, but I wanted to get an idea of if there are better options out there.

Thanks in advance!",maddy_trash,0,0.4,15,2025-11-19 13:54:25,https://reddit.com/r/UKPersonalFinance/comments/1p18aj3/which_high_street_bank_would_be_the_best_option/,UKPersonalFinance,Reddit
1pfz15c,"Looking for advice on opening bank accounts and which savings accounts, for young children","I have 3 kids aged between 0-5 and need to set up some sort of savings/bank accounts for them. Havent got the energy to chase and juggle accounts for the best interest rates every few months, its far too confusing and I dont even get time to do that for my own accounts, so ideally want nice simple accounts I can squirrel away their birthday/pocket money where it will slowly and reliably do more than nothing, with the option of turning into or adding current accounts when they get old enough. ideally somewhere I can deposit through the post office, as our last high street bank closed earlier this year.

Whats the best options? should I look at online banks - I have no experience with he likes of chase, monzo, revolut etc, or for kids, should I stick to traditional banks/post office accounts or perhaps even premium bonds? Open to any suggestions. Thank you!",shaggykx,2,0.75,12,2025-12-06 20:23:30,https://reddit.com/r/UKPersonalFinance/comments/1pfz15c/looking_for_advice_on_opening_bank_accounts_and/,UKPersonalFinance,Reddit
1p29dub,CIFAS marker and bank account closed,"I was involved in a fraud incident years ago - during COVID I applied for random jobs for extra cash, came across a “mystery shopper” job on the JobToday app. The person I spoke to over the phone said you take phone contracts out in your name, write a review and send to this ”employer” who takes the phone, you get refunded and cycle repeats. Ended up taking out around 6 phone contracts, when I realised it was a scam, this person of course disappeared (with the phone) and meant I was accountable to pay for these. I was 19 at the time, naive and stupid.   
I filed a police report, they mentioned this person had other reports against them but couldn’t locate them and the case was closed and meant I had to pay £7,000 worth of phone contracts.   
explained the situation to all the fraud departments of each phone company - some were generous and cancelled the contracts, others said I still had to pay As they were taken in my name. 

being at uni, I couldn’t pay this so contacted StepChange dept charity who were able to sort a monthly payment from me of £50-60 and distributed it amongst each phone company.    
I’ve been doing this for many years (since 2021) with no issue, and didnt receive any communications from these phone companies demanding payment so assumed it was all good (informed them of my situation before this and I will be using StepChange) . My credit score has been improving since and managed to take out a credit card. 

  
last week (4-5 years later now) I received a letter from one of the companies (Barclays Partner Finance who handle finance for Apple) that the remaining debt they were handing over to a debt agency. Yesterday, I then get notified that my santender current account has been closed and when I called them, they said there was a CIFAS marker on my account and i will no longer be able to bank with them. 

I’ve requested for a full report from Cifas to see who made this report (still waiting to hear from them). 

I’ve opened an account with Pockit and have arranged for my monthly salary to be paid there. I’ve had to arrange for my Santander funds to be transferred to a trusted family members account for holding. 

i have a revolut account which I initially got for spending abroad, but worried this may now close soon too. 

this whole process has been very stressful for a silly innocent mistake (and pure stupidity of not seeing the red flags) but have been paying the price by paying these companies back in small amounts for the last few years.

  
Once I hear from Cifas, I am planning to appeal, but would like to know is this grounds for appeal?  
as a worst case scenario, does anyone know any high street banks (even basic accounts) that would accept a Cifas marker?  ",Longjumping-Day9375,12,0.83,13,2025-11-20 17:33:32,https://reddit.com/r/UKPersonalFinance/comments/1p29dub/cifas_marker_and_bank_account_closed/,UKPersonalFinance,Reddit
1qiaa6z,"Sole trader invoicing US clients, is this “foreign income” on Self Assessment?","I’m a UK-based sole trader and I do work for clients in the US. I invoice them via Revolut, they pay by card, and the money comes straight into my UK Revolut account in GBP.

I know I need to pay UK tax on this income, but I’m not sure how to categorise it on my Self Assessment. Does this count as “foreign income” or does it just go in the standard self-employment section alongside any UK client income?

Completely separate from this, I do have full time employment in the UK but that is obvs PAYE

Please can anyone help confirm?",ThePinkProfessor,1,0.6,5,2026-01-20 19:08:16,https://reddit.com/r/UKPersonalFinance/comments/1qiaa6z/sole_trader_invoicing_us_clients_is_this_foreign/,UKPersonalFinance,Reddit
1oyk0md,Transferring stocks and shares ISAs,"Wanted to move my money across from my Barclays S&amp;S Isa to the Revolut S&amp;S Isa. (Interfaces, fee preferences, availability of investment options etc.)

Revolut doesn't allow for ISA transfers and in terms of my allowance I've only got 2600 of my tax free allowance left this year, but have more than that to move across 

I know that for example there is a T&amp;C that if I was to take money out of my Barclays Stocks and shares Isa, it is still tax free if I put it back in the same year, but does this apply if I liquidate my Barclays stocks and shares Isa and then put it into Revolut. I.e. if I take out 17.4k then I will have a 20k allowance again for Barclays, but if I never put it back in will I have a 20k allowance flat across everything, which I can put into Revolut? 

Edit: Also do note if you have any recommendations apart from Revolut for S&amp;S Isa, not completely sold on Revolut and realize there's a lot of options in unaware of, just looking for low fees and access to a global market of shares etc, Middle East, Asia etc. ",Old-Notice5043,3,1.0,13,2025-11-16 12:02:16,https://reddit.com/r/UKPersonalFinance/comments/1oyk0md/transferring_stocks_and_shares_isas/,UKPersonalFinance,Reddit
1qhiqxq,Did ISAs wrong - Need suggestions,"Quick intro - 37M based in London, single, no debt, no liability. I moved to London in 2019 and was working with a tech firm with a modest salary of £50k. Switched jobs in 2021 and went to upwards of £80k. Until 2021 I had put nothing in my ISAs (stocks or cash). Started putting £400 each month sometime in late 2022 and then topped up maybe a couple times whenever I had spare cash. In the current day my ISA portfolio is £12k in cash ISA and I'd added £5k in stocks ISA via Trading212. I invested heavily (about 50k) in US stocks on Revolut + Crypto (roughly 25k) but there was no ISA option available then, maybe not even now. I have started to realize it was rather silly to not put everything in ISA as now I have to pay ridiculous amount of CGT if I plan to liquidate some stock. Any thoughts on how bad my decision was and what I can do to course correct?",Diligent-Respond3540,1,0.54,3,2026-01-19 22:21:21,https://reddit.com/r/UKPersonalFinance/comments/1qhiqxq/did_isas_wrong_need_suggestions/,UKPersonalFinance,Reddit
1n87kkj,Best USD and EUR Bank Accounts?,"Afternoon all,

I have some upcoming costs that I will need to pay for in USD, and would like to open a USD account (and EUR if possible), is the only free option currently Revolut?

Ideally interest bearing too, but that is not essential!

Thanks!",Basket-Kace,0,0.38,22,2025-09-04 12:29:30,https://reddit.com/r/UKPersonalFinance/comments/1n87kkj/best_usd_and_eur_bank_accounts/,UKPersonalFinance,Reddit
1qcqyep,US Dollar Savings options - capital gains and income tax,"Hello!

  
I have an amount of USD that I am keeping for a while but not wanting to invest in stocks and shares at the moment.

  
I have a couple of options about where to keep it, but I am unsure about the different tax implications. 

I have a standard ""savings account"" through Revolut, which I am told is taxable as income tax and due to it being for personal use isn't subject to capital gains on the FX change. 

  
Other options include WISE savings but that seems to be taxable with capital gains or income on the ""interest"" as it's a QMMF but I am unsure if the FX change would be taxable? Similarly for Trading212's option which is also a MMF?

  
I am wanting to reduce the exposure to the FX change from a tax point of view to keep it simple in that regard, although all advice welcome.

  
Thanks!",blanket_monkey,3,0.81,3,2026-01-14 15:57:11,https://reddit.com/r/UKPersonalFinance/comments/1qcqyep/us_dollar_savings_options_capital_gains_and/,UKPersonalFinance,Reddit
1qi5zg1,How to pay US Dollars using UK Paypal account that has US dollars in it.,"Hey all, so this is a weird question that I've been struggling with. My mum has a time-share she rents out in the USA. We \[for obvious reasons\] aren't traveling over to use it anytime soon so are now renting it out to Americans. We are getting paid via paypal for this in US dollars. This is a UK Paypal account. My mum would like to pay some fees associated with the time-share using this money but as of right now, Paypal won't let us pay for it in dollars. Instead it wants us to transfer those dollars into pounds, then transfer them again into dollars as an international payment transfer. 

My question is, is there a way to make these payments without having to transfer it into pounds first? We've done some research and can see that both Wise and Revolut have options to open US bank accounts. But our UK Paypal doesn't want to accept such accounts as payment without first converting the money from dollars to pounds. The big issue appears to be that Paypal requires a sort code when adding a bank account. Something an american account just doesn't have. My question is are we gonna have to transfer that money twice? Or is there a way to sort this out. 

  
Any ideas would be welcome. ",Redrocket1701,4,0.75,2,2026-01-20 16:37:32,https://reddit.com/r/UKPersonalFinance/comments/1qi5zg1/how_to_pay_us_dollars_using_uk_paypal_account/,UKPersonalFinance,Reddit
1phjzqs,I have a big payment to make abroad and need help to pay as little fees as possible.,"Hi everyone, 

I'm new to the UK and non-cash payments in general. I have a surgery in a couple of days in Spain, it came very short notice. I will have to pay 6620 euros by 11 December. 

I currently have Revolut, Wise and Monzo(all in pounds). Last year, before moving to the UK, I had the surgery at the same place and sent a bank transfer, but it wasn't short notice like now. 

This time they told me i can pay using my card, which i assume might be better for speed since it's short notice. 

What would be the best way to pay so I pay as little as possible in fees. ",throwawaynomade,1,0.6,8,2025-12-08 18:24:11,https://reddit.com/r/UKPersonalFinance/comments/1phjzqs/i_have_a_big_payment_to_make_abroad_and_need_help/,UKPersonalFinance,Reddit
1of2b6h,CIFAS - Will it close my business account / personal monzo,"Recently been issued with a CIFAS over a £35 dispute on my revolut from last year - However I think it’s secretly been on my file since february. My santander has just locked as they say the revolut cifas is pending on their system

I currently have a monzo that’s fine
I have a Mettle business card I’ve never actually used

Will either of these get taken down?
Can I use a business card like I would with a personal if worst comes to worst?

Thanks in advance",Electrical_Movie5465,0,0.33,14,2025-10-24 17:26:14,https://reddit.com/r/UKPersonalFinance/comments/1of2b6h/cifas_will_it_close_my_business_account_personal/,UKPersonalFinance,Reddit
1p76l49,Roast My Budget Following House Renovation,"Recently moved and completed a renovation on our house. We are both early 40's , expect to work until our mid 60's, have fairly generous career average pensions and have a young child at primary school. Here goes: 

All this is in £'s

Income 
Me 2900
Wife 1840 
Total 
4690

Mortgage 1236
Council tax 170
Groceries 450
Fuel 180
Internet 40
Amazon Prime 8.99
Spotify Family 19.99
TV Subscription 10
Mobile phone contracts 80
Spending money 900 (450 each for wife and I)
Long term savings 200 (currently at around 6000)
Utilities (gas/elec) 180
Water 74
Life and critical illness insurance 65
TV licence 15
Child clubs 25

Total 1534

Savings pockets for expenses 

Christmas 83
House maintenance / improvement  300
Car maintenance / replacement 250
Birthdays 45
Insurances 41
Holidays 250 

Total 969

Unused surplus 92

Anything glaring that we should be doing differently at all? Thanks in advance!",BigField6682,1,0.67,9,2025-11-26 12:34:04,https://reddit.com/r/UKPersonalFinance/comments/1p76l49/roast_my_budget_following_house_renovation/,UKPersonalFinance,Reddit
1q5id8h,Is it worth consolidating my stocks and shares into a single app?,"I have about £3,000 in Degiro, a Dutch broker that I went to after I had a personal disaster abroad using Revolut. Wanted to close my Revolut as a result of this and Degiro just appeared to be another good option. 

  
But I have also been using T212 for a few years and have seen that they offer a service where they can transfer your stocks from other services and consolidate it into your account there. 

  
Degiro isn’t actually a service they offer to do this switch automatically, but they said if I provide them with a few personal details, they can have this organised manually. 

  
Would this be worth organising?",arimuGB,3,0.72,3,2026-01-06 13:19:27,https://reddit.com/r/UKPersonalFinance/comments/1q5id8h/is_it_worth_consolidating_my_stocks_and_shares/,UKPersonalFinance,Reddit
1p7vwnn,International payment to USD - Have I done it right?,"I had to send a large payment of £18.6k / $24k to a business in the US and used Revolut but I never thought it would be so confusing! Can you re-assure  me whether the below is right?

They originally gave me a normal US routing + account number (no SWIFT) - After asking for it, they sent me a SWIFT number and a different “beneficiary account number.” Google suggests this is because their small bank doesn’t have its own SWIFT, so they use a correspondent bank.

I therefore on Revolut set up the payment using the SWIFT number they gave me,the beneficiary account number (at the correspondent bank) and then in the reference I wrote “For further credit to: (their actual account number).”

Does that sound correct? Was I right to send it to the beneficiary account and then add in their acc in the reference?

Also, when I choose “international” in Revolut, why does it show ACH / wire / SWIFT options? I thought I could only do the transfer via SWIFT

If anyone can confirm whether I followed the right process (sending to the correspondent bank account and using their real account number in the reference), I’d really appreciate it. This is my first time sending a USD international transfer and I feel so confused!",Alexjared93,2,1.0,8,2025-11-27 07:14:45,https://reddit.com/r/UKPersonalFinance/comments/1p7vwnn/international_payment_to_usd_have_i_done_it_right/,UKPersonalFinance,Reddit
1pg4q9g,Most cost effective method to bring funds from US to UK accounts,"Hi UKPF,

I have some company stock(nasdaq traded) in an etrade(morgan stanley) account. Due to a liquidity crunch(and heavy mortgage burden), I am trying to sell these and looking for the most cost efficient and safe way to bring these funds over. 

As a first step, I am currently trying to keep my gains under £3000 to not hit the capital gains tax for this financial year. I am considering evaluating the path of opening a trading account under my spouse's name, gifting her some of my shares(to the tune of £3000 worth of profit) and then having her bring the funds over. 

While I am looking for any tips from folks who have been in a similar situation, I am specifically looking for options to bring in the USD to my uk based GBP accounts. The etrade account gives me an option to wire the funds anywhere and also seems to take a 3% cut from the amount. I believe this is only the case if I need to transfer outside US directly from the platform which has been the case for all options I tried so far.

So far I have evaluted the below platforms:

\- torfx : apparently gives a referral bonus in 30 days if referred by a friend but the transfer rate isn't that great so only worth it for the referral bonus. Already used the option, awaiting bonus

\- currencyfair : marginally better rate than torfx, but similarly poor. Also gives referral bonus, so worth it for that. Already used, received bonus.

\- ofx : no referral bonus, better rates than the above two but not the best that I could find.

\- revolut : best transfer rate, but free transfer capped at £1000 beyond which the fees are exorbitant. Better option is to splurge for the premium account but it has a minimum spend of 3 months(if you cancel in first month, they charge for next 2 months) or alternatively, opt for the year long plan which might be suitable for me as I intend to do multiple of these transactions and essentially empty my etrade account over this FY and the next one.

Any other options that might be worth exploring? Any tips to maximize the GBP that I am able to bring in or avoid any hidden pitfalls? Please let me know!

Thanks in advance!!",mntCleverest,0,0.4,6,2025-12-07 00:37:40,https://reddit.com/r/UKPersonalFinance/comments/1pg4q9g/most_cost_effective_method_to_bring_funds_from_us/,UKPersonalFinance,Reddit
1opipds,Will money which was gifted to me be liable to tax?,"While I was in Hong Kong, my parent had  gifted / transferred some money /Hong Kong dollars into my Hong Kong bank account.

If I transfer this money in Hong Kong dollars (or exchange into Pounds prior to transferring to my UK bank account) will it be liable to tax?

I have read that it will not be liable to tax as my parent is not UK domicile and it is not an income or investment ",an6693,0,0.4,10,2025-11-05 23:19:39,https://reddit.com/r/UKPersonalFinance/comments/1opipds/will_money_which_was_gifted_to_me_be_liable_to_tax/,UKPersonalFinance,Reddit
1lyzunj,Cheapest way to transfer 100k New Zealand Dollars to Pounds?,"As in the title, really. I'm thinking of using Wise but wondered if there might be better options?

Thanks!",Fit-Hair1930,2,0.58,24,2025-07-13 19:22:03,https://reddit.com/r/UKPersonalFinance/comments/1lyzunj/cheapest_way_to_transfer_100k_new_zealand_dollars/,UKPersonalFinance,Reddit
1oudjtu,EU funds from house sale into UK,"Hi there,

in the next year I hope to finalise the sale of a property in the EU that I have inherited after the passing of my father. Of course, if and when that happens, I will have documents (not in English) that prove the sale and the transfer of money has occurred (though the money will be split between siblings).

I have a GBP current account with a high street bank, and a Revolut account that can hold any currency including EUR. I could open other accounts if needs be. I don't own any current account in the EU.

What's the simplest and most effective way of getting the most £ in my high street bank current account, without issues?

I was thinking, get the money to be paid in EUR straight into my Revolut account, convert to GBP, then transfer to my GBP bank account. Though I am not entirely sure this won't get alarm bells ringing, and after Revolut's woes with poor due diligence over fraud I wonder whether they'll make my life difficult - also cause they've been a bit of a pain sometimes with closing accounts etc, not to me personally, but in general. ",Professional-Group87,1,0.56,8,2025-11-11 16:13:14,https://reddit.com/r/UKPersonalFinance/comments/1oudjtu/eu_funds_from_house_sale_into_uk/,UKPersonalFinance,Reddit
1jf9f9c,I’ve never paid taxes before (19 making £120k/year,"Hi there

I’m 19 years old and pay myself £10k a month from what my software business generates.

I’ve probably taken like £50k now and regularly have a lot of money flowing thru my revolut account and don’t use any other uk bank

My concern however is taxes. I’ve pretty much spent all of that money. I don’t even understand how much i owe, when to pay it etc.

Will anyone even catch on because im literally self employed?

edit, forgot to mention the money goes thru a Delaware LLC in america and wires me £10k every month to revolut ",durgxn,0,0.15,38,2025-03-19 22:14:55,https://reddit.com/r/UKPersonalFinance/comments/1jf9f9c/ive_never_paid_taxes_before_19_making_120kyear/,UKPersonalFinance,Reddit
1mllk6w,Immigrant in the UK would like to ask for help in investing,"Hi guys, 

I currently work here in the UK.
Im looking to invest in some stocks because I opted out on the pension. In a couple of years I will be moving to another country to work again hence why I opted out.
I heard stocks is the same everywhere so looking here to invest.

I separated a part of my salary to an emergency funds so thats going fine.
Im just a bit well not educated here. In my previous country, we dont have tax on crypto said by my friend. I'm assuming UK tax crypto? Is it also legal to do it here because I see people has mix opinions on it.

How much leeway before they tax stocks/crypto here in the UK?

What app do you use? I heard robinhood? How about revolut? 
Also how do you know much should you give tot the taxman?

Many thanks. Let me know please if it is wrong to post it here.",Far-Note6102,0,0.23,20,2025-08-09 10:47:15,https://reddit.com/r/UKPersonalFinance/comments/1mllk6w/immigrant_in_the_uk_would_like_to_ask_for_help_in/,UKPersonalFinance,Reddit
1jwzowl,How has someone got access to my card details when I never use it?,"Today I’ve had two notifications from Revolut. One saying that someone tried to use my card but entered the wrong expiration date. Then another, around an hour later, asking me to verify a PayPal transaction. Luckily, I managed to reject it and freeze my cards before anything happened. 

This isn’t my main debit account, and I only ever use it when travelling abroad. I very rarely use the card - my last use being last year. I don’t put the details into any websites, isn’t linked to PayPal, and the card never leaves my wallet - which is always on me or within eyesight. 

My question is, how has someone been able to get the details if I never use it online and rarely ever use it in person? What more can I do to avoid this happening again?",Sam11777,34,0.82,27,2025-04-11 21:25:35,https://reddit.com/r/UKPersonalFinance/comments/1jwzowl/how_has_someone_got_access_to_my_card_details/,UKPersonalFinance,Reddit
1pfnfzj,Non-resident UK Banking: Joint Account,"Looking for recommendations. US residents and have owned a holiday home (non-income generating) in the UK for 40 years. Mum is getting on in age and now needs help managing the checking account, which is used mainly for paying taxes, water, gas, upkeep. etc.  Usually low-ish (sub10K)  balance. Currently with Barclays. Mum tried to add me to the account and was refused due to non-residency.  We think they may close the account entirely.  

Any recommendations/shared experiences for a banking/checking account relationship would be greatly appreciated.  Thank you.",Candygramformrmongo,1,0.6,4,2025-12-06 11:46:48,https://reddit.com/r/UKPersonalFinance/comments/1pfnfzj/nonresident_uk_banking_joint_account/,UKPersonalFinance,Reddit
1mpvcl3,Safe Way To Sell Stuff On Facebook Marketplace,"I'm selling some of my stuff to make space and raise a bit of cash.  Up until now, all my sales have been for cash, no problem. But I have an offer for my beautiful electric guitar for £375 which is a lot of cash and inconvenient for both me and the buyer. Is it safe to do a BACS transfer, and will it appear in my banking app quickly - like before the buyer leaves with my guitar? (Even at night time?) I have a Natwest current account, a Revolut account and a Paypal account. I know Paypal works quickly, but have also heard it can be reversed, so  am not inclined to use that. Am I being paranoid?",Steverobm,2,0.75,18,2025-08-14 10:03:11,https://reddit.com/r/UKPersonalFinance/comments/1mpvcl3/safe_way_to_sell_stuff_on_facebook_marketplace/,UKPersonalFinance,Reddit
1ija62y,I’m starting a job where I’ll be paid in euros. Which bank offers the best option for managing my income?,"As title says, any tips and tricks to manage and maximize income would be more than welcome. ",No-Definition-9294,7,0.71,39,2025-02-06 18:54:00,https://reddit.com/r/UKPersonalFinance/comments/1ija62y/im_starting_a_job_where_ill_be_paid_in_euros/,UKPersonalFinance,Reddit
1me3bah,No frills bank accounts? I can't be trusted with credit!,"Hi everyone, its my first time posting here. I've spent the last year coming to terms with how bad I am with money. I've tried before but I keep falling back into a bad cycle of getting a little overdraft which becomes a big overdraft and then getting a credit card which becomes 3 credit cards and then consolidating it all in a loan.

I finally came clean to my partner how bad the situation is and thankfully they have been incredibly supportive. I have a lot of work to earn their trust back and have managed to pay things off. My monthly repayments have gone from leaving me with absolutely nothing at the end of the day, to actually having about 20% of my wage left after bills and other outgoings.

I'm very lucky to have got out of the situation without declaring bankruptcy etc but I am keen to get rid of all temptations. I'm going to change bank account and I was looking for no-fills options that don't have overdrafts/ credit/ loan offers. A quick google signposted me to a lot of basic accounts specifically for people with poor credit. I just wanted to see if anyone had good recommendations?

Thanks in advance!",Beneficial-Way-2323,14,0.81,17,2025-07-31 15:37:44,https://reddit.com/r/UKPersonalFinance/comments/1me3bah/no_frills_bank_accounts_i_cant_be_trusted_with/,UKPersonalFinance,Reddit
1meuzme,What would be the cheapest way to exchange a foreign currency to British pounds?,"Context: I am an international student from Hong Kong studying at a British university. I pay tuition fees in GBP by converting from Hong Kong dollars. Since the fees are quite expensive I try to buy the pounds regularly and when it seems to be lower (I know it's not good the ""time"" the dip that's why I still buy regularly to kind of average it out, but I buy when it's lower). What would be the cheapest way to do this? I have UK bank accounts and Hong Kong bank accounts.",Ill_Wolverine_2527,6,0.67,17,2025-08-01 13:20:13,https://reddit.com/r/UKPersonalFinance/comments/1meuzme/what_would_be_the_cheapest_way_to_exchange_a/,UKPersonalFinance,Reddit
1jak0vw,Most cost effective way of receiving money from the US.,"My husband in the UK is due to receive a small inheritance from a relative in the US. Neither of us have any experience dealing with foreign transactions into our bank accounts. 

Any ideas on what the most cost effective way of doing this is to reduce the amount paid in fees. I was thinking Wise but thought I’d check if anyone else had other suggestions. 

",Normal-Grapefruit851,6,0.8,33,2025-03-13 19:10:49,https://reddit.com/r/UKPersonalFinance/comments/1jak0vw/most_cost_effective_way_of_receiving_money_from/,UKPersonalFinance,Reddit
1p6rgqb,looking for virtual debit card provider?,"Hey,

I am looking for a provider for virtual debit cards? I work through many of these they need to be able to deposit and withdraw. Revolut is very good but doesn't allow me to open very many.

Anyone got any other good providers?

  
thanks",AsleepInstance8587,2,1.0,3,2025-11-25 23:03:32,https://reddit.com/r/UKPersonalFinance/comments/1p6rgqb/looking_for_virtual_debit_card_provider/,UKPersonalFinance,Reddit
1mbi2wy,Best current account to open and do a very large transfer through. All documentation ready.,"Wondering if anyone has any recommendations or experiences relating to this. We are buying a house in cash, with money transferred from my partner's EU accounts. We have all proof of the source of funds and the trail, we've got the solicitor letter advising it needs done, but my partner only uses a Revolut account for occasional spending in the UK and receiving salary and otherwise uses her foreign account.

  
The amount is just under £500,000.00 and I don't want to put 500k into Revolut, so which of the high street banks would you recommend for opening an account and doing this kind of transfer?

  
Obviously it will get stopped for AML/KYC, just wondering who's likely gonna be the best at processing that.",Four_One_Five,1,0.67,17,2025-07-28 15:43:48,https://reddit.com/r/UKPersonalFinance/comments/1mbi2wy/best_current_account_to_open_and_do_a_very_large/,UKPersonalFinance,Reddit
1opulrl,Iva and banks that accept you?,"So I’ve entered an IVA but for some who might have also entered what banks did you all change to? I’ve tried NatWest and Lloyds but both have said no, my current account is hsbc but due to the Iva I’ve got to close it. Any help please",Last-Efficiency-6248,1,0.67,5,2025-11-06 09:38:10,https://reddit.com/r/UKPersonalFinance/comments/1opulrl/iva_and_banks_that_accept_you/,UKPersonalFinance,Reddit
1lp7gdd,Zopa Bank - have you got the current account and how do you find it?,"I was invited to open the beta version of the Zopa current account and thought why not. I opened it, added the savings product and started moving some direct debits over.

That’s when I hit the first issue. I couldn’t set up a direct debit with VWFS, which seemed odd. I assumed it was just early teething problems.

Now the account has fully launched and is open to everyone. Has it improved? No. I still can’t set up a direct debit with VWFS.

Today I tried making a bank transfer to a savings account with a building society and found they don’t let you include a reference number. That means the funds can’t be allocated properly.

This is basic banking functionality. I don’t see how Zopa can expect to compete when Monzo, Chase and even Starling handle all this with no issue.",spacey003,0,0.5,20,2025-07-01 18:15:10,https://reddit.com/r/UKPersonalFinance/comments/1lp7gdd/zopa_bank_have_you_got_the_current_account_and/,UKPersonalFinance,Reddit
1p35wpr,My Barclays account under review help,I was trading options on noones and the oayment was sent to my Barclays of 135 pound and I’m new to trading so haven’t had this come to my account before and now they are reviewing my account does anyone know what I can do or has anyone had an issue whilst trading and payments like this before,Commercial_Two7752,1,0.67,3,2025-11-21 18:12:23,https://reddit.com/r/UKPersonalFinance/comments/1p35wpr/my_barclays_account_under_review_help/,UKPersonalFinance,Reddit
1liibi4,What are some improvements/suggestions to improve our household finances?,"I've (38M, £53K annual + £5k bonus) been working hard to sort my houses finances for over a year now and would appreciate advice from more experienced people as to whether what I'm doing sounds right.

Total monthly income:  
£4420 before deductions

Deductions:  
£442 - 10% salary sacrifice pension  (+5% employer contribution making £662.50)  
£160 - Student loan (\~£9K left)  
£  31 - Benenden Health Care (Covering me and 2 kids)  
£590 - Tax  
£235 - National Insurance  
\-----------------------------  
\~£2970 after deductions

Total household outgoings:  
£1136 - Childcare (2 Kids @ 3days/week, 1 leaving Sept'25 bringing it down to £568)  
£  615 - Mortgage (£60K equity, £140k remaining, 2.35% ends Nov'25)  
£  550 - Typical monthly misc expenditure  
£  480 - Groceries (£500 Asda giftcard discounted at 4%)  
£  200 - Family loan (Help with house deposit, paid off Dec'25)  
£  105 - Home cleaner (3 hours bi-weekly)  
£  105 - Life Insurance  
£    82 - Electric  
£    50 - Home insurance  
£    29 - Internet  
£    15 - TV License  
£    13 - Car maintenance membership  
\-----------------------------  
\~£3400

My wife and I share the mortgage and family loan 50/50, and the other outgoings between us proportionally 62%/38% based on income. Meaning of the \~£3400 monthly outgoings I contribute \~£2000 leaving me with \~£1000.

Of my remaining £1000 I have personal outgoings as follows:  
£200 - Principality 6mth saver (Maturing end July'25)  
£  50 - Gov Help to Save (Get 1st £600 bonus Oct'25, 2nd £600 and the saved £2400 Oct'27 when it ends)  
£  10 - mobile phone bill

I cover general monthly household costs on a CC with 2% cashback up to £15.  
CC typically ranges between £800-1200 of which £480 is our 4% discounted Asda giftcard.

Savings/Investments:  
£60K - Equity (£140K remaining)  
£27K - Pension  
£1050 - Gov Help to Save  
£1000 - Principality saver  
£1400 - Chip 4.99%  
£  185 - Revolut (£125 NVidia, £60 Amazon)  
£  115 - Tradiing 212 (S&amp;P500)  
£  135 - Invest Engine  
£  280 - Moneybox shares  
  
Soon to receive:  
£1225 - Principality maturing end July'25  
\~£1650 - Work bonus end Sept'25 (Approx after tax and doesn't cover all 12 months)  
£600 - Gov help to save Oct'25

Notes:  
\- Anything extra I store in a 4.99% Chip easy-access account until needed (i.e., upcoming CC payment).  
\- Currently spending very little on myself (\~£100) monthly until I've saved £10K in cash.  
\- Deliberately upped my pension contributions to 10% as catch-up as I studied for so long.  
\- Paid off a £7k personal loan (6.5%) for a family car throughout last year. Threw everything spare at it.  
\- Hoping to move to a bigger house within the next year, likely \~£350K and have been given estimated monthly payments of £1300.",Beachpartydude,5,0.86,20,2025-06-23 15:39:46,https://reddit.com/r/UKPersonalFinance/comments/1liibi4/what_are_some_improvementssuggestions_to_improve/,UKPersonalFinance,Reddit
1nypkf1,"ELI5 Personal Finance Apps - one place to see all accounts and investments, is it possible?","I am a disorganised person who is kind of in control of my personal finances. Basically I don't spend much unless I really have to. Not the best way but I have only once been in the red in my current accounts doing this.

However I know it is not ideal and I want to change. I am not the sort to spend a lot of time logging into each bank account app to check account balance and expenditure. Or to create complex Excel spreadsheets monitoring spending and savings. OK that is a lie, I would love to set one up but I don't as I know I would never use it or spend the time to import my bank account details into it to track it all.

So that leaves me wondering if there is something out there. I know about open banking and I have tried to  get one building society account (part of the open banking scheme) to share details with another bank's app that I already have the most accounts with (also part of the open banking scheme). That went downhill when I did all the steps to link them into the main bank's app then the bank I was linking from to the main bank suddenly said ""no!"" Not exactly that word but it basically said it is not possible to share with the main bank (actually one of the original clearing banks from 20 or 30 years ago - remember them?).

So I need something else. I have heard of Emma, Snoop, Curve, Monzo, Revolut, etc. I do not want a bank account just something like the old Microsoft Money or Quicken that once came free with MS office back in the day as a piece of actual software you had to load via CD-ROM. Only so much better.

My wishlist is to have one place to see all bank accounts, mortgage account, ISAs, Pensions, and even company share save schemes if possible. All with clever ways to allocate money spent into categories I could track and hopefully reduce. Also, ways to see my actual spare cash in accounts that I could safely move into a higher interest account every month. Also I get paid on a lunar month system in that every 28 days I get paid but all my DDs are monthly on the same day. This to me makes it harder to track expenditure and see avauilable funds to invest or move to savings accounts. My highs and lows  do not track due to irregular pay dates.

So I wonder if anyone has any advice on these financiial apps or other things to manage it all. Hence I need someone to explain it to me simply. For example I like thee idea of Emma but free gives you two linked accounts, plus gives you 4 and you have to pay out every month to get to unlimited accounts and linkages and all the other good stuff I might or might not need. I want the basics of bank accounts (currently 5 or 6 by the time I get round to setting up such an app). However I have ISAs, several pension pots and Sharesaves.

I hope someone can advise and ELI5 the whole app or other budgeting solutuons scene out there in the UK",ChaosCalmed,3,1.0,8,2025-10-05 15:24:18,https://reddit.com/r/UKPersonalFinance/comments/1nypkf1/eli5_personal_finance_apps_one_place_to_see_all/,UKPersonalFinance,Reddit
1p0e2kq,Personal account w/o credit score,"Hi everybody, I live in uk from 5ys now and I always used Revolut. This means that I don’t have a credit score and it’s time for me to have one (I guess?). Is there a bank do you suggest?",Usual-Personality953,1,0.66,3,2025-11-18 14:57:24,https://reddit.com/r/UKPersonalFinance/comments/1p0e2kq/personal_account_wo_credit_score/,UKPersonalFinance,Reddit
1orlpim,Starting to care about savings - and new comer in the UK in need of advice,"Hi everyone,

I arrived in the UK 8 months ago on a Skilled Worker Visa for 5 years (that’s the longest you can have - after that I’ll have to renew or try to settle - depending on the evolution of the immigration rules by then and my personal life). It’s an important detail because, even though so far I really enjoy the UK, there is an uncertainty about my long-term situation.

But still, I’d like to think a bit bigger than a day to day basis 🙂. I happen to have receive some money - which I never really had before. I am trying to find the best use of that money.

It’s still on a saving account in France - low interest and I will have to pay tax in the UK for the interest generated there =&gt; definitely not the best course of action in the future. But I received the money right before coming here, and I had to deal with many aspects of moving abroad so I did the best I could at that time. 

I am finally in the position where I’d like to find the best solutions for making the best of this money. And, as all my interests winning will be taxed here if I leave the money in France, I think the best would be to have it here. Although I’m already far from a finance expert in France, but in the UK, I’m completely useless! For that reason, I'm thinking about getting professional advice but not sure who to talk to - I am a VERY cautious person.

I’ve started to dig a bit, read about ISAs, LISA… System is VERY different from what we have in France but it seems like there are opportunities. 

Few more details: I’m 34, currently no children, no property, no debts. I pay a ridiculously expensive rent so far, but that’s another topic 😂.

Ideally, I would like a property, children and being able to face any inconveniences of life in the coming years. 
I don't have a UK account yet - I use revolut which has proved quite useful! But I will open a proper UK account soon, and I'd like to start my personal finance plan from there. 

I have about £60 000 available for savings, which is not much for some, but more than I ever had. If it could grow a bit and help for my future, it would be great. 

But, in the position where I am now, I'd like to have most of it ""available if needed"" on a rather short term basis - which will hopefully evolve as I settle here.

If you have any advice, I'd be very thankful :). ",RealityLogical8582,2,0.58,4,2025-11-08 10:02:12,https://reddit.com/r/UKPersonalFinance/comments/1orlpim/starting_to_care_about_savings_and_new_comer_in/,UKPersonalFinance,Reddit
1n47azk,Chase vs Starling - Best Travel Card,"Hi guys, I'm looking to travel abroad soon for some small trips and was looking at a decent travel card that doesn't charge for withdrawals, has a good exchange rate, and is properly financially protected. 

Chase &amp; Starling seem quite similar in that respect so was wondering what everyone's thoughts were? I know Chase has stopped the 1% cashback now, and I'm aware there is also Monzo &amp; Revolut to consider.

Any help appreciated, thanks!",JPMU96,3,0.8,12,2025-08-30 18:24:27,https://reddit.com/r/UKPersonalFinance/comments/1n47azk/chase_vs_starling_best_travel_card/,UKPersonalFinance,Reddit
1oi5w2q,Need advice on spending overseas,"Hi, so I'm going to Abu Dhabi/Bahrain for a week next month and I was wondering what the best card is to pay for stuff when I am in these countries or other international countries.

I am trying to ""water two plants with one hose"" and trying to get a credit card for overseas spending without fees and also use it to build my credit score in the UK as I've never owned a credit card before. (No Debts except student loan). I will just need it to build my credit score (not falling for the discount trick).

So the question is. What is the best credit card that I can use for international spending of up to £400 for the week?

I heard Monzo and Revolut credit cards are the best options. Is this correct?",AhsanNVM,4,0.83,5,2025-10-28 10:38:44,https://reddit.com/r/UKPersonalFinance/comments/1oi5w2q/need_advice_on_spending_overseas/,UKPersonalFinance,Reddit
1n6g81u,"Post-divorce debt problems, now resolved, need advice for where to keep money","I am 52M. I got in to some serious debt problems and in 2020 I went to PayPlan who helped me with a DMP, which affects my credit score for 6 years minimum. 

My DMP was £36k, I was paying it off, but the money issues affected my marriage and in 2022 we divorced. 

For her own financial reasons, we agreed to split the divorce payments, so I received some in July 2022 and some just now, August 2025. 

I paid off my DMP in full in 2022, and moved in to my flat. It is worth £215k. Because of the DMP and my terrible credit rating (it was approx. 500 at the time), I could only get a mortgage with Pepper money, who have been great but it was at a high rate, especially at that time when the Lettuce had her way. I went for 2 year fixed, and last year I re-signed with them for a 3 year fixed rate. Current balance is £113,500, over 23 years at 7.49% fixed for 3 years. 

Having the money split over 2 payments (my payout was not huge by any means - around £200k) was tricky, especially as after moving in to the flat, I lost my job as they made redundancies. I am in recruitment, was on £55k plus bonuses, and found myself out of work and in a tricky job market, and trying to navigate divorce and looking after my son (just turned 11, was 7 at divorce time). 

This prompted some real mental health struggles. I started my own recruitment firm, just me, self-employed, and although it's been OK I have found it difficult to achieve what I used to, and am only really earning £45k per annum on average. I got more credit cards (yeah I know. Dumb), and racked up £18k across different cards - no defaults, all paid on time etc, but high %age of usage! I hope to improve this now my son is going to secondary school so I will have more time to myself to work. I am also feeling a lot more positive about life now and have dealt with my mental health problems with therapy and exercise.

So, where I am at is:

**Current position:**

Current credit score (Experian) = 569. Will improve next month when all my credit cards are showing as fully paid off. 

Income = circa £50k pa / £3,250 p/m (to be improved) - split across basic salary &amp; dividends. NB this is variable and isn't currently provable for last 3 months for mortgage etc. but can be made consistent. 

Mortgage = £113.5k owed against a £215k value. 3 year fixed term - current monthly payment £874. Annual repayment allowance is £12,050. Would bring monthly payments to £783. 

Pension - practically non-existent. Currently standing at around £16k. 

Monthly bills including business bills = £2,500 approx. (at current mortgage rate)

Annual costs including business costs = £6k approx. 

**Bank accounts:**

FD current account = £52k in credit

Zopa Biscuit account = £8,300 in credit

Monzo current account = £500 in credit

Revolut business account = £1,100 in credit

**Credit Cards:**

Fluid **-** £0 balance - £8,000 credit - 29% APR

118-118 - £0 balance - £5,000 credit - 40% APR

Vanquis - £0 balance - £1,200 credit - 31.92% APR

Barclaycard - £0 balance - £500 credit - 27.75% APR

JaJa - £0 balance - £2,400 credit - 28.42% APR

Monzo Flex - £0 balance - £1,500 credit - APR variable

Zopa credit - £0 balance, £500 credit - 0% APR on purchases to Dec 25

Capital One - £0 balance, £1,500 credit - 34% APR

Zable - £0 balance, £800 credit - 0% to Apr 26, 32.9% APR after

  
So... now I am in a relatively good position, I need to ensure I don't mess this up again. 

Please advise - should I pay off my annual allowance of my mortgage first? It would be £12,050 and would bring my monthly payment down by approx. £100 per month. 

Should I get rid of some of the credit cards? If so, which ones? Should I use some of them more? If so, which ones? 

Would you recommend ISA / savings / any other approach? 

Thank you so much! 

 



",Muted-Finger1319,4,0.75,11,2025-09-02 11:49:38,https://reddit.com/r/UKPersonalFinance/comments/1n6g81u/postdivorce_debt_problems_now_resolved_need/,UKPersonalFinance,Reddit
1nudazf,Which UK banks support paying a USD fee by bank draft or cheque?,"I need to pay for a passport fee of 108.50 USD (not in GBP) by either bank draft or cheque. I do not have access to a US bank account.

My two high street banks HSBC and Barclays do not offer this method of payment. My searches online haven't resulted in any success. I read an earlier post where someone achieved this with NatWest, but it looks like thy no longer support this.

Does anyone have any recommendations or has to do this recently?

Thank you for your help.",yingnath,1,0.67,8,2025-09-30 14:32:00,https://reddit.com/r/UKPersonalFinance/comments/1nudazf/which_uk_banks_support_paying_a_usd_fee_by_bank/,UKPersonalFinance,Reddit
1o0abs0,Which trading app support credit cards?,"Planning to maximize my stoozing and ideally would load money from a credit card to a trading app to maximize the time money is used, rather than relying on day to day purchases. 

Do you know which platforms allow for loading money from credit cards (without large fees)?

I have tried Trading 212, Freetrade, Revolut but no luck.

Before people start shouting, yes, I know how to do low risk investing and can repay the credit card balance regardless. ",TedBob99,0,0.33,7,2025-10-07 10:48:38,https://reddit.com/r/UKPersonalFinance/comments/1o0abs0/which_trading_app_support_credit_cards/,UKPersonalFinance,Reddit
1nq0h25,Need help with overseas income in USD that is paid into a UK bank,"Hello,

I’m starting a new job in West Africa, and I’ll be paid in USD. I have the option of having my salary paid into a UK bank account or account of my choosing. Although I will no longer be resident in the UK, that’s where my main connections are, as I was born there and my family are still based there.

I’d like to make the most of this opportunity to benefit, to some extent, from the lower cost of living where I’ll be based. I want to invest in stocks and shares, and build up my savings. 

I also need some advice regarding banking. People have recommended Wise, Revolut or HSBC for receiving payments, exchanging it and transferring money.

I want keep as much of my income as possible by reducing losses from exchange rates and fees. Is there a best approach to optimising this?

In addition, would it be better to have the money paid into a British bank account, even if I’m no longer a UK resident?",Sir_TechMonkey,4,0.83,7,2025-09-25 08:34:19,https://reddit.com/r/UKPersonalFinance/comments/1nq0h25/need_help_with_overseas_income_in_usd_that_is/,UKPersonalFinance,Reddit
1oe7xq1,Paying off student loans in a lumpsum in a different currency,"Hi everyone,

  
I'm in an extremely lucky position where my family decided to give some money to pay off my student loans. I'm from the EU and only had 3 years undergrad student loan (Plan 2), which already accrued some interest.

  
Initially I wasn't going to pay it off and kept listening to people who said it's basically free money and you'll ""never pay it off anyways so why bother"" but I am done postponing my obligations, and decided to get it over with. \]



My question now is more of a logistic nature - does anyone from EU have any experience with paying it off in a lumpsum and what would you consider the best method?

* I'm trying to avoid high conversion fees (I know that depends on a bank as well), so I'm thinking whether it would be worth transferring it to my UK account first to have it all in GBP and then paying it off from there? 
* I also know Revolut has good exchange rates but not sure how I feel about transferring such large amounts of money through it?
* paying in your own currency is also possible but unsure what the conversion is then?

  
Basically just wanna hear any experiences and would be nice to not have to pay extra fees when I'm already spending my entire inheritance on this thing lol",Odd-Syrup8380,1,0.67,4,2025-10-23 17:28:58,https://reddit.com/r/UKPersonalFinance/comments/1oe7xq1/paying_off_student_loans_in_a_lumpsum_in_a/,UKPersonalFinance,Reddit
1oedjoc,Move cash from credit card to bank account without fees?,"Hi, there used to be a time when you could find your Revolut account via credit card and suffer no fees in the card for what essentially was a cash withdrawal. I suspect that loophole was closed. Are there any other ways to do this at present? ",l_-_l_-_l_-_l,0,0.5,4,2025-10-23 21:02:31,https://reddit.com/r/UKPersonalFinance/comments/1oedjoc/move_cash_from_credit_card_to_bank_account/,UKPersonalFinance,Reddit
1nrevx5,How to save pennies on this purchase?,"I want to purchase a product from usa. The price is in usd, which way is the best to avoid extra charges? Like using chase or any other option ",fawaaez,0,0.4,7,2025-09-26 23:27:35,https://reddit.com/r/UKPersonalFinance/comments/1nrevx5/how_to_save_pennies_on_this_purchase/,UKPersonalFinance,Reddit
1npotn7,Best way to compare exchange rates across providers?,"As I understand it, different banks/apps offer different rates for currency exchange - curious to understand how these actually differ as it’s not clear everywhere? And where do fees come into this?",Remarkable_Author_96,0,0.5,7,2025-09-24 22:37:10,https://reddit.com/r/UKPersonalFinance/comments/1npotn7/best_way_to_compare_exchange_rates_across/,UKPersonalFinance,Reddit
1ob9i6a,Help opening a UK business bank account for SIC 64991 (self-funded US stock investing company) any tips?,"Hi all,

I’ve registered a UK limited company with SIC code 64991 (Security dealing on own account). The business will be investing in U.S. stock markets using only my own capital (no clients, no third-party funds, not managing money for others). I already have my UTR from HMRC and I’m now applying for a business bank account.

However, I’ve heard that companies in financial/investing industries often get automatically flagged or rejected by banks during opening of a business bank account onboarding due to compliance/AML concerns. I want to avoid that if possible.

I have already carried out a kyc and aml checks with my accountant who has written letter for me to confirm this.

Has anyone here successfully opened a UK business bank account for a trading/investing company like this?

Would love advice on: 

•	Which banks are open to businesses like this (e.g. Starling, Tide, Monzo, Barclays, Santander, Revolut Business, etc)? 

•	How should I word my business activity on the bank application to avoid confusion / auto-rejection? 

•	Should I rephrase or simplify what I do? 

•	What supporting documents should I prepare to improve approval chances (business plan, proof of funds, trading activity explanation, etc)? 

•	Do banks ask a lot of AML questions about source of funds? How did you handle that?

Just to be clear, I am not offering investment services to others and not handling client money. It’s purely company capital for stock trading/investing. I just want to understand how to present that clearly so my application isn’t rejected unfairly.

Any advice or experience would really help. Thanks",yosafa1990,1,0.67,4,2025-10-20 04:31:39,https://reddit.com/r/UKPersonalFinance/comments/1ob9i6a/help_opening_a_uk_business_bank_account_for_sic/,UKPersonalFinance,Reddit
1obhe0h,Best solution for paying in French cheque UK,"Hello, I am looking for advice on the most economical way to pay in a French euro cheque in the UK. My french bank account is revolut which does not take cheques. It is a tax refund so I cannot ask them to transfer it, the cheque has already been issued. Thankyou!",Agile-Trainer-3545,0,0.5,4,2025-10-20 13:13:09,https://reddit.com/r/UKPersonalFinance/comments/1obhe0h/best_solution_for_paying_in_french_cheque_uk/,UKPersonalFinance,Reddit
1j2vb30,What prepaid card do you use for travelling abroad?,When I travelled abroad last year I used Zing for making purchases abroad and for converting currencies. But now that zing is closing down in may I don’t know what bank/card to use for travelling abroad. What options are available? I would like to have a card similar to zing where I can hold/convert different currencies as and when I want to. ,SquirtisFuckit69,7,0.82,28,2025-03-03 22:24:53,https://reddit.com/r/UKPersonalFinance/comments/1j2vb30/what_prepaid_card_do_you_use_for_travelling_abroad/,UKPersonalFinance,Reddit
1mi98gd,"Looking for easy access savings account for £55,000","I will be receiving roughly £55,000 from family as part of some inheritance and I'm looking to put it into an easy access savings account with a decent rate and that pays the interest monthly (or daily). The reason for wanting easy access is that I will be putting some of my savings in it as well so want to be able to withdraw in case of emergency.

I've had a look at some banks and app-based ones as well, Chase bank has a 5% for 12 months deal for new customers which is appealing but I'm a bit wary after seeing their rating on Trustpilot is only 3.8*. I've also considered Revolut as their interest rates are fairly good and the interest is paid daily,  they are very well known however I read somewhere that they only got their UK banking license in June 2024 so I'm unsure as to whether my money will be as safe as going with another bank that has had a license in the UK for a while.

Does anyone have any recommendations or advice?",JB_Shadowz,0,0.5,12,2025-08-05 14:29:29,https://reddit.com/r/UKPersonalFinance/comments/1mi98gd/looking_for_easy_access_savings_account_for_55000/,UKPersonalFinance,Reddit
1npd33x,Inability to open a bank account,"Hello, I don't know where should I ask this question but I need some advice.

Today I had an appointment with one of the banks regarding a currency account and it was rejected. Then the banker advised me to check my credit score on Expirean, which I did afterwards, and it said that it couldn't verify it. It said:

&gt;There are various reasons as to why we may have been unable to verify your identity, for example:
&gt;
&gt;You may have very little information on your credit report
You’ve recently moved address or changed &gt;your name
&gt;You answered some of our identity verification questions incorrectly

The lady didn't provide me any details at the bank, and I have no idea what to do. I've lived in the UK for 2 years, I am paying rent, utilities, council tax. I am a full time worker. My salary account is on Revolut, but how am I going to have a bank account and put my salary in there in the UK if I can't open one in the first place?

This is infuriating and I need some advice. Please direct me to the correct sub if this isn't the place, and sorry if that's the case.

",yeknamara,1,0.6,6,2025-09-24 15:06:33,https://reddit.com/r/UKPersonalFinance/comments/1npd33x/inability_to_open_a_bank_account/,UKPersonalFinance,Reddit
1j5sz2d,"Opinions on the T212 debit card, is it worth it?","Hi all,

Wanting to get opinions and thoughts on the Trading 212 debit card.

There is a currency conversion fee to my understanding, at 0.15% if I wanted to hold a foreign currency . To me who goes abroad to spend, I don't really see the need to convert currency, when my Metro Bank and Zopa Credits automatically convert charges in foreign currencies to GNBP with no fees.

If I did need to hold a foreign currency to pay online for whichever reason, Revolut offers it for free.

I suppose there could be an argument to convert GBP into PLN to go from 4.8% to 6% AER, and the GBP Polish rate has been stable for a very long time. Aside the risk and small conversion fee, regular savers offer higher interest rates in GBP. 

Savings: T212 offers a Cash ISA that MSE likes to promote, but then my understanding is that small risk of the ""investment"" going under if you enable interest.

Cash back: Chase Bank offers better cash back rates.

Am I missing something? The card also has a £20 order fee.",Kopparberg643,10,1.0,26,2025-03-07 16:40:50,https://reddit.com/r/UKPersonalFinance/comments/1j5sz2d/opinions_on_the_t212_debit_card_is_it_worth_it/,UKPersonalFinance,Reddit
1mixafn,EUR cash gift to UK bank account,I am about to receive a lump sum as gift in EUR. what’s the best way to move this money to my UK bank account?,pieduke88,2,0.63,11,2025-08-06 07:30:35,https://reddit.com/r/UKPersonalFinance/comments/1mixafn/eur_cash_gift_to_uk_bank_account/,UKPersonalFinance,Reddit
1n7k9s9,Please help! Bank closed my account because I was in overdraft for too long.,"So I had a Santander student account with an interest free overdraft and I was in it while studying. I then took a year out to travel and haven’t used the bank account or paid off the overdraft. I wasn’t receiving any letters or calls because I was abroad and I tried to sign in the other day to find out my account has been shut down. I’ve tried to make an account with several other banks (sterling, Monzo, revolut) and none of them can offer me an account because of the Santander situation I’m guessing. If I pay off the overdraft will it clear things up? Will I be able to make an account once it’s paid off or am I on a “blacklist” now and completely fucked…",KrystalXOX,2,0.57,7,2025-09-03 17:55:06,https://reddit.com/r/UKPersonalFinance/comments/1n7k9s9/please_help_bank_closed_my_account_because_i_was/,UKPersonalFinance,Reddit
1krwc71,Transfer 100k EUR to UK bank account,"Hi, I have around 100K EUR in an EU account I would need to transfer to a UK-based account (denomination in GBP). Opening a EUR bank account in the UK is not an issue if that is an option but I would need to convert part of that amount in GBP at some point (to feed an ISA account). My EU bank account does not charge any fees. 

I have never moved this large amount of money, so I was wondering what the best approach could be not to incur extortionate fees or arbitrary currency exchange rates. Revolut is an option, but any following movements from Revolut to other accounts incur charges. 

Based on your experience, what would be the best option to minimise transaction costs?",Own-Neighborhood6073,2,1.0,18,2025-05-21 13:16:05,https://reddit.com/r/UKPersonalFinance/comments/1krwc71/transfer_100k_eur_to_uk_bank_account/,UKPersonalFinance,Reddit
1kr7692,FSCS protection on savings accounts,"Hi all 

Just wanted to check if any of the below banks are linked or partner with each other as far as FSCS protection of 85k is concerned. 

I am worried I might lose money if any of these banks partner with each other and the total of my savings exceed 85k

I have saving in these banks
- Chip 33k
- Trading 212 20k
- Zopa 41k
- Chase 44k ( the plan is to move this amount to Revolut for the higher interest rate as Chase is offering 2.75% while Revolut is 4%)
- NS&amp; I premium bonds 50k 

Thank you",Stock-Horse-6375,1,0.66,19,2025-05-20 16:05:50,https://reddit.com/r/UKPersonalFinance/comments/1kr7692/fscs_protection_on_savings_accounts/,UKPersonalFinance,Reddit
1ncizju,Transferring large sum of money (£20k+) on same day in full?,"Hi all

I’m travelling over from Northern Ireland on a flight later in the week to buy a car with a reputable UK Dealer. Much better value than here in NI. 

I’m wondering how do I pay the dealer same day as they obviously won’t let me leave the premises without full amount received ?

I have Revolut metal, starling bank; Santander , Wise and also have Republic of Ireland bank account. 

From memory Revolut only lets me transfer 10k per day unless this changed, not sure about Santander or starling. Santander is the only one I have a physical local branch with where I live. 

Would appreciate any help as I definitely don’t want to have to change a flight and stay an extra night etc over payment issues, happened my dad before!

Do I basically need to have the money in full sitting ready in my account to transfer?",Deep-Quality-517,1,0.67,7,2025-09-09 14:30:35,https://reddit.com/r/UKPersonalFinance/comments/1ncizju/transferring_large_sum_of_money_20k_on_same_day/,UKPersonalFinance,Reddit
1nh83cd,Can someone explain if this is the correct use of HMRC exchange rates,"I'm an online video editor filling out my first self assessment where I will actually be paying tax so I want to get it right. Currently I receive money from clients via Upwork, Paypal, and Revolut. I get paid in US dollars and have to convert it to GBP.

If I use Upwork as an example, June 5th 2024 I charged a client $400, I then paid a $40 service fee and then I paid an $8 VAT as well (20% of the service fee) (I assume I can also deduct the Upwork VAT fee but correct me if I'm wrong), my total turnover was $352. The total amount of money that hit my bank account for this payment was £270.03 but by my understanding the correct method is to tell HMRC the total amount paid and then deduct costs, unfortunately Upwork doesn't tell you the amount paid in GBP so the only way I can get that number is through the GOV website exchange rates. I'm a little unclear on when to use the March vs December exchange rates so for this example I will use March as they were slightly more in our favour.

If I use March 2024 exchange rates the total GBP charged is 400÷1.2529=319.25931 (I assume I just round up to £319.26). Using the same calculation I can deduct £31.31 which leaves me with £287.95 which makes it look like I earned more money than I actually did and if that adds up I'll be paying way more tax than I should.

My main issue is even if I can see exactly what landed in my account with Upwork, with paypal I've withdrawn multiple payments at once so I won't be able to see exact 1:1 conversions if that makes sense? So the only way I can get a somewhat accurate exchange rate is to simply go off incoming payments or just add up all the GBP that's ever hit my account.

Any help or advice would be appreciated.

Update: Just found HMRC monthly exchange rates [https://www.trade-tariff.service.gov.uk/exchange\_rates/monthly](https://www.trade-tariff.service.gov.uk/exchange_rates/monthly) I assume these are what I should be using? This time I got £276.96907 which I assume I round to £276.97. This figure is still higher than what actually landed in my account but it's at least more accurate.",Haunting_Inflation54,3,0.72,6,2025-09-15 01:54:35,https://reddit.com/r/UKPersonalFinance/comments/1nh83cd/can_someone_explain_if_this_is_the_correct_use_of/,UKPersonalFinance,Reddit
1lqc6tz,"[17] finally getting around to getting a debit card, best options?","so from everything ive seen, i really like revolut, but then again, im rather naive when it comes to this so i figured asking here was my best option!",a1boPlayzYT,0,0.33,14,2025-07-03 01:42:24,https://reddit.com/r/UKPersonalFinance/comments/1lqc6tz/17_finally_getting_around_to_getting_a_debit_card/,UKPersonalFinance,Reddit
1io2q7v,"New to investing, please help!! Are HSBC index funds any good?","I’m looking to grow my savings (hopefully so I can have enough money to buy a flat someday lol), I have over 100k in savings but my wage isn’t high enough to get a good mortgage for what I want. I know investing is a long term patience game and nothing is guaranteed, but even if it doesn’t get me enough money for a flat it would be nice just to have more than what I’ve got and make use of my savings, right? 

I’m very new to this so please bear with me lol, I’ve read up a bit but I’m not maths-y and most of the jargon flies straight over my head. I’ve also read your wiki which is helpful but I still want some advice. I was looking at the ready-made index fund portfolios from HSBC and wondering if it was a good idea to put 10k into one of those (median risk level?) with like 100-200 added every month? Do they do the FTSE 100/S&amp;P/global index funds? And is it a good idea to invest especially in the S&amp;P right now with what’s going on in the US? I’m not with HSBC right now, I’m with Nationwide and I already have an ISA there (haven’t put money into it for over a year), it’s not a problem to make a HSBC account and transfer 10k over into a new ISA to start investing, is it? 

What are other good ways to invest? Is the Trading 212 app any good? Could I put 10k in one of their ready-made portfolios? And what about Revolut? I only ask because I already have an account with them but I only use it for foreign currency and I see they do stocks too, are they any good? 

Are there any other good ways I could invest in the meantime that might help me grow my savings faster? I think I’d be really bad at trading lol and I don’t want to be too risky but it would be nice if I could take a bit of a gamble to grow it faster 

Is any of this feasible? Is it a good or bad idea? How much could I expect to make? ",inthe-otherworld,2,0.75,28,2025-02-12 21:46:43,https://reddit.com/r/UKPersonalFinance/comments/1io2q7v/new_to_investing_please_help_are_hsbc_index_funds/,UKPersonalFinance,Reddit
1nl679d,Where do i go from here? Please help,"So i just applied for a DSAR with cifas to find out what is going on with my credit. I made the mistake of taking payments for someone through my HSBC and revolut. Hsbc haven’t closed my account, however i cannot use it as every payment gets declined and when i try to send money it comes up with my account being under review, my revolut was closed, monzo along other banks declined me. I have just turned 18 in june, i went through a tough mental breakdown a month ago when i realised what i had done but diving more into it and reading about other people’s situations , i have realised it is not the end of the world. I have just successfully opened up an account with pockit, suits me have taken my application but I’m currently just waiting on that for now, i will also apply for a card one money account. How can i work my way around this? Will i be able to get a credit union account? When i start work how will i be able to receive my payments and which account will be most suitable for this? I hope pockit doesn’t randomly shut down my account after giving me hope by giving me an account. If it really comes down to it, will i be able to receive my salary through my mums account? Any advice is highly appreciated ",Mariomexican,4,1.0,5,2025-09-19 16:11:10,https://reddit.com/r/UKPersonalFinance/comments/1nl679d/where_do_i_go_from_here_please_help/,UKPersonalFinance,Reddit
1nfwulm,new nationwide card not arriving,"I'm having some issues with my new card not arriving, it got to 10 working days so I contacted them as it's a switch from graduate to flex and they advised my grad card would be cut off 21 days after the switch - they just asked me to wait a few more days but my concern is i've received other letters from them regarding the switch since it's happened that they've confirmed were sent the same time the card was issued.
I've been asked to wait until next wednesday which only leaves me with 3 days on my current card if it still doesn't arrive and will be left with nothing to pay for anything with - the guy told me i can go and get cash in branch but it's hot not realistic - i need trainline to get to work and rely on card payments - i also don't know how much longer it would take if it had be reported as lost or stolen if it doesn't arrive

Is revolut my best option? I just need to be able pay for things on a card, i've frozen the new card on the app in case somehow someone else has it but i'm heavily reliant on card payments to get to work

I also don't understand why banks still send these untracked, I understand the cost but with the state of royal mail why would anyone trust to receive post",SuitableComplaint301,1,0.6,5,2025-09-13 13:57:38,https://reddit.com/r/UKPersonalFinance/comments/1nfwulm/new_nationwide_card_not_arriving/,UKPersonalFinance,Reddit
1moodol,Credit Card providers with Virtual cards?,"I’ve just had a couple of fraudulent just eat transactions from London showing on my Lloyds Credit card statement. Their fraud team reversed them and said they also blocked 4 further attempts from Spain &amp; Italy and had sent me an SMS to ask me to verify if this was me.

Issue is I’m currently in Australia using an eSIM so never received the SMS’s as I have a different local #

Why Lloyds can’t message in app is beyond me, and why there was no 3DS challenge for a merchant I have never transacted with is another.

I only use my card for E-commerce transactions or ApplePay in store. So I’m looking for a main credit card provider that offers virtual cards.
I’m aware of the app banks such as starling and Revolut but these are all debit cards, and im looking for Credit. I can’t seem to find any and wondered if anyone is aware of an issuer that offers these?
",vortex1005,1,0.67,8,2025-08-13 00:21:08,https://reddit.com/r/UKPersonalFinance/comments/1moodol/credit_card_providers_with_virtual_cards/,UKPersonalFinance,Reddit
1ik6tit,What's the best way to transfer €150k from my MIL to my wife so we can upgrade our house?,"She is selling a property that she has been renting out and wants to gift us €150k. We will use this money to move to a bigger house while keeping our mortgage the same.

She is convinced that my wife needs to open a bank account in her home country to receive the funds, which she would then transfer to her UK bank.

This seems like exactly the sort of thing that would trigger scrutiny and delays because it looks a bit dodgy. Am I just being paranoid?

Presumably a straightforward IBAN transfer and a letter to state that the money was a gift is enough? As for the transfer itself the internet claims that going through Wise is cheaper - how much cheaper isn't clear, though.

Can anyone provide clues as to how to proceed?",trangestor,10,0.78,22,2025-02-07 21:53:06,https://reddit.com/r/UKPersonalFinance/comments/1ik6tit/whats_the_best_way_to_transfer_150k_from_my_mil/,UKPersonalFinance,Reddit
1n88lym,Possible CIFAS marker expectations and advice,"For context I have never had any previous issues with banks and my credit score is average with no outstanding debts, CCJs or Defaults. 

I was using Revolut as my main bank account and they emailed me to tell me they were restricting my account while they investigated a dispute against a payment sent to me, I checked my account and noticed I had received a transfer of around £30 from someone I didn’t know. I went straight to live chat and let them know I had no knowledge of this and was happy for them to return it, also emailed them and filled out their evidence form stating the same. After searching online it seemed very likely Revolut would close my account after this so I opened an account with Lloyds while waiting for Revolut to investigate. A few days passed and sure enough yesterday Revolut contacted me to say they are closing my account. 

I woke up this morning to a text from Lloyds saying they have completed further checks and now are unable to offer me an account. I have since spent all morning applying for different basic accounts with other high street banks as well as Monzo ect and have not been accepted for a single one. It’s worth noting that last year I was looking to switch banks and had no issues when applying for many high street banks at that time. 

I’ve taken some steps and contacted CIFAS for a DSAR and opened a Pockit prepaid account. I wanted to know if there was anything else I needed to do to get ahead of this and is there a good chance I can get this overturned or is it really possible my entire banking history and able to access current accounts has been ruined over an unknown £30 payment?


TLDR; account closed by Revolut for unknown payment, possible CIFAS marker, what else can I do?


",ProgressSuch9259,2,0.67,5,2025-09-04 13:21:02,https://reddit.com/r/UKPersonalFinance/comments/1n88lym/possible_cifas_marker_expectations_and_advice/,UKPersonalFinance,Reddit
1lcoqmu,"Best place to save money, without a UK address?","Situation:  
Mortgage free living outside the UK (just a few bills/etc in outgoings)

I still work remotely in the UK and get paid into a UK bank, however I'm unable to open UK savings accounts because I live internationally.

Is there a good UK bank that would allow me to open savings, despite me living in the EU permanently?",syllo-dot-xyz,0,0.43,13,2025-06-16 10:52:53,https://reddit.com/r/UKPersonalFinance/comments/1lcoqmu/best_place_to_save_money_without_a_uk_address/,UKPersonalFinance,Reddit
1m1mzt7,Eli5 opening UK banks accounts for different purposes,"Hi I (F25) have been in the UK for 5 years now but never opened an actual UK bank account as I was a student and didn't work for most of it. I am currently earning 30K/year and want to finally open a UK bank account to start saving.

I get my salary paid to Revolut. The problem with my Revolut is that I opened it as my home country account rather than UK, so I get fees on any transfers I do to other bank accounts, so Revolut for me is unusable (I'd have to close the home country account to open the UK account).

What's the best course of action? I've read up on having a current account with a High Street Bank and then something like Monzo for daily spending due to their cashback. What about a savings account? 

Is there something I'm missing? I'd also like to start investing into stocks. 

Could someone please point me to what bank to use for which account please.

Thank you! ",Downtown_Kiwi_6255,6,0.72,9,2025-07-16 21:04:28,https://reddit.com/r/UKPersonalFinance/comments/1m1mzt7/eli5_opening_uk_banks_accounts_for_different/,UKPersonalFinance,Reddit
1k70mpt,Can I open a USD account in the UK?,"Hi all,

My family has some USD accounts in Asia and they’d like to transfer money to me in the UK.

Is it possible to open a USD account with a UK bank so I can receive the money directly in dollars? Any recommendations or advice would be really appreciated!

Thanks in advance!",Dry-Horror5895,0,0.38,18,2025-04-24 20:11:26,https://reddit.com/r/UKPersonalFinance/comments/1k70mpt/can_i_open_a_usd_account_in_the_uk/,UKPersonalFinance,Reddit
1ncxqrp,Car insurance excess coverage in Europe,"Hello, does anyone have any good recommendations for car insurance when renting cars abroad?

I am going to Norway for a few nights and will need to rent a car for two days. The rental companies in Oslo have extortionate protective insurance packages.

I've recently been recommended:

* [ReduceMyExcess](https://www.reducemyexcess.co.uk/excess-single.aspx)
* [Questor Insurance](https://questor-insurance.co.uk/)
* [Swinton Insurance](https://www.swinton.co.uk/hire-excess-insurance/europe)

Has anyone here used an insurance provider in the UK that covers rental cars in Europe and had a good experience? If you have made a claim, can you share your experience with the insurance provider?",LolaTulu,1,0.57,4,2025-09-09 23:52:44,https://reddit.com/r/UKPersonalFinance/comments/1ncxqrp/car_insurance_excess_coverage_in_europe/,UKPersonalFinance,Reddit
1n3a7b0,How do you build a credit score from scratch? What was your experience in getting a credit card?,"Hi everyone, 

I’ll be moving to London soon and, as a foreigner (EU national), I won’t have a credit score when I arrive. I know that having no credit history can make things tricky (e.g. renting an apartment, getting a phone plan, or even a credit card). I never had a credit card, recently graduated and will earn about 50k per year. 

I was wondering what the first practical steps should be when starting from zero in the UK.

* How did you build your credit history?
* Were there any particular credit cards, banks, or strategies that worked best for you?
* How long did it take before you were able to qualify for things like a decent credit card?
* Anything you wish you knew earlier?

I have a rental agreement (council tax won't be under my name, but bills will) and already applied and received a Monzo card. 

I’d really appreciate hearing your experiences and any tips for someone starting from zero.

Thank you very much!",Sufficient-Try-8304,0,0.5,5,2025-08-29 16:16:34,https://reddit.com/r/UKPersonalFinance/comments/1n3a7b0/how_do_you_build_a_credit_score_from_scratch_what/,UKPersonalFinance,Reddit
1lmn4p7,How to DCA bitcoin? Which bank account to send the money with?,"I would like to start investing bitcoin. Just DCA something like £100 a month. I fully understand the risks that it's absolutely volatile, but just like my pension and my ISA, it's just monthly stick it in and hope for the best. 


Having seen enough stories of banks closing accounts etc, I want to approach things safely. I think Kraken is the ideal platform for buying my crypto. But how to get the money in?

My crypto password is unique (all my passwords are randomly generated, stored on my own private vault warden server that is only accessible on my local network, and RAID5 storage, with a monthly back up to a usually switched off server). ",Koritsi-michanicos,0,0.11,11,2025-06-28 14:42:38,https://reddit.com/r/UKPersonalFinance/comments/1lmn4p7/how_to_dca_bitcoin_which_bank_account_to_send_the/,UKPersonalFinance,Reddit
1ljl2nw,"Paid in GBP, Invest in ???, Cash out in Euro?","Probably a dumb question, I've just started investing using Trading212. I'm mainly interested in long term and I'm currently paid in GBP so have put £5k in the VUAG S&amp;P500, I've another £10k ready to invest but I'm now second guessing whether that was the right S&amp;P500 ETF for me as I might not cash out in GPB. I'm 90% sure I'll eventually cash out in Euros so is there a better S&amp;P500 to invest in to I'm not killed with two lots of exchange fees? Or is it more sensible to invest in the VOO and deal with the exchange when I sell?   
Sorry, complete newbie so appreciate any advice.",popocops2021,1,0.67,11,2025-06-24 20:50:14,https://reddit.com/r/UKPersonalFinance/comments/1ljl2nw/paid_in_gbp_invest_in_cash_out_in_euro/,UKPersonalFinance,Reddit
1mvo9f8,Looking for advice on a card to use abroad for our youngest son on a trip.,"Evening all. 

Our son plays football for an academy and is due to fly out to Poland soon for a European tournament.  

We want him to be able to have some money to spend and think a card would be best.  

What card can we get him to use whilst there that we can manage? 
Preferably one that doesn’t charge a fee per transaction.  


I have a Halifax clarity card but I don’t think I should just give him it to use in case something happens and then legally I won’t be able to challenge it as it wasn’t me in possession of it. 

Any advice? 

Thanks ",CluckyFlucker,1,0.67,5,2025-08-20 20:12:44,https://reddit.com/r/UKPersonalFinance/comments/1mvo9f8/looking_for_advice_on_a_card_to_use_abroad_for/,UKPersonalFinance,Reddit
1mlk6t9,2 days into a Fraud case with Debit Card,"£500+ spent on my Monzo debit card. Never saw the transactions as they happened in the early hours of Thursday morning. I only realised Thursday night and immediately rose a fraud report with Monzo and froze the card. They had a go at Nike UK, which failed due to 3DS, and Grammarly, which failed for the same reason. Unfortunately for me, the weird Chinese seller site “acbuy.com” didn’t fail. They spent over £500. There’s these odd “active card checks” that pop up, they’re even popping up now. 

I had my bank card physically with me, phone with me, and I never use the Monzo card for anything dodgy online. If I do have something a bit shady, e.g website I don’t recognise or even Temu, I use Revolut virtual cards.  I use an iPhone that’s enrolled to an MDM and have a work laptop that’s secured with defender, both have been checked and are not compromised. 

Anyway. New cards on the way. SLA for fraud team was the end of yesterday. Chased but no response. What are the chances of me getting my money back here? I feel I couldn’t haven’t done a lot against this attack…I’m a bit concerned that I do use NordVPN on my phone and I’m wondering if the bank is thinking what sessions are legitimate and which sessions aren’t. I was also travelling at the time the fraud took place with work. 

Anyone have any experience with something similar to this? ",Infinite-Guidance477,0,0.5,6,2025-08-09 09:12:33,https://reddit.com/r/UKPersonalFinance/comments/1mlk6t9/2_days_into_a_fraud_case_with_debit_card/,UKPersonalFinance,Reddit
1nhg2so,Shared tenement repairs - Scotland - Maintenance Account,"I live in a tenement block in Scotland where a significant shared repair needs to be carried out. 
Prior to the work commencing we need to set up a ‘Maintenance Account’. 
Does anyone know if this is a very specific type of account or one that me and another owner/ occupier can just set up on Monzo or Revolut?",ScottishWaterH2O,2,0.75,2,2025-09-15 09:15:37,https://reddit.com/r/UKPersonalFinance/comments/1nhg2so/shared_tenement_repairs_scotland_maintenance/,UKPersonalFinance,Reddit
1imyvdq,Crypto friendly banks in the UK,"Hi guys,

Was thinking of getting into crypto and need advice on the best crypto friendly bank.
I was thinking Revolut but open to anything.

Also will having a bank account designated purely to crypto affect my credit rating in any way.

Thanks in advance ",da_bag_man,0,0.48,23,2025-02-11 13:44:17,https://reddit.com/r/UKPersonalFinance/comments/1imyvdq/crypto_friendly_banks_in_the_uk/,UKPersonalFinance,Reddit
1jid6xu,Moving £60k to US $ account this week,"Hi all - would love some advice please!

I’m buying a house in the US (moved for a job) and I’m using HSBC Premier’s expat mortgage service for that.

I need to get my £60k deposit/downpayment to my US bank account and I’m wondering how… I have a HSBC Premier US account, plus the Premier UK account, HSBC Global Money within them, as well as Revolut, Wise, etc etc. What would be the best way, without issues coming up?

My HSBC US mortgage advisor said she couldn’t recommend anything! Thanks so much 

UPDATE: I used Wise, paid £130 in fees, and it was both in and out of Wise within 3 hours! 10/10. Thanks all for the recs!",itsbenhenry,0,0.33,19,2025-03-23 23:39:43,https://reddit.com/r/UKPersonalFinance/comments/1jid6xu/moving_60k_to_us_account_this_week/,UKPersonalFinance,Reddit
1l9v9ki,Bank of Scotland Block on account,"Hi everyone, I’m feeling quite stressed and wanted to share what happened to see if anyone has experienced something similar or can offer advice.

Today, I tried to transfer £750 from my Bank of Scotland account to my external Revolut account. The first time I tried, the transaction didn’t go through and the app told me to call the bank. I didn’t call straight away and tried again, but it still didn’t work. After the second failed attempt, I called the bank.

The bank told me they suspected something suspicious was going on and, after some checks, they said they had to block my account. They told me I need to visit a branch with my ID to get it sorted. When I asked if this would take a long time or if I would need to take a day off work, they assured me it would be quick — around 10 to 15 minutes — and said it’s not a major issue.

I’ve been a customer for over 10 years, always with regular salary payments, and I’ve never had any blocks or issues before. The bank explained that nowadays scammers sometimes pretend to be from the bank and ask people to move money between accounts to ‘protect’ their funds or for other fraudulent reasons. This is why they’re extra cautious with transfers and want to make sure everything is legitimate.

Here’s some background on the transactions:

I sent £300 in the morning from Bank of Scotland to Revolut and it went through fine.

Then I tried to send £750 via Google Pay (GPay) to Revolut, but it failed.

I tried again with £250 via GPay and that also failed.

Finally, I attempted a manual transfer through the bank app, and then the account got blocked.


The reason for these transfers is that I asked my close friend/family friend for some money because I needed funds in my Revolut account for some upcoming payments. We are planning a holiday for November to Budapest to celebrate my daughter’s 1st birthday. Since my next salary is only on 26th June, I needed to keep some funds in Revolut to handle payments for the trip.

My friend accidentally sent the money to my Bank of Scotland account instead of directly to my Revolut account, so I was simply trying to move the money myself. I have WhatsApp message proof of asking for the money and confirmation that she sent it. I also have the flight tickets booked for our holiday.

I’m really scared about what might happen now.
",Particular-Deer-7674,0,0.5,11,2025-06-12 20:18:25,https://reddit.com/r/UKPersonalFinance/comments/1l9v9ki/bank_of_scotland_block_on_account/,UKPersonalFinance,Reddit
1k940xi,First direct instant payment notifications?,"Hi everyone!

I'm thinking of joining First direct bank, but the only thing holding me back is whether they offer instant payment notifications. I've been with Starling for many years and I'm so reliant on instant payment notifications that it's a must now. I tried opening a joint account with Starling for me and the mrs but our application got rejected, so I'm considering to go for First direct. I'm not a fan on Monzo and Revolut. 

I couldn't find out anywhere online if First direct have actually started doing instant payment notifications. I called FD up and they said they offer it now, but I want to know how well is it. Is it really instant, or do they send a delayed notifications hours later? Also is it for both incoming and outgoing payments?

  
Thank you!",Invincibleasian,1,0.6,15,2025-04-27 14:31:29,https://reddit.com/r/UKPersonalFinance/comments/1k940xi/first_direct_instant_payment_notifications/,UKPersonalFinance,Reddit
1k3ryfq,Whats the best way to move money from abroad.,"Hey guys, I worked in Japan for a few years and when I came back to the UK the exchange rate was abysmal, so I left my savings over there. I've been waiting for it to go up a little (over 2yrs) but it hasn't moved much. I'm going back soon to visit family and want to bring all my money back with me. Any advice on the best way, suck it up and lose 20%, buy gold, invest it? Thanks.",Allandjenggot,8,0.79,13,2025-04-20 18:36:58,https://reddit.com/r/UKPersonalFinance/comments/1k3ryfq/whats_the_best_way_to_move_money_from_abroad/,UKPersonalFinance,Reddit
1m6cuwi,Lodging a Euro cheque to UK bank,"Hi, I received a cheque from a dormant account in my home country. I tried lodging it into hsbc but there's a £28 charge because the cheque is in euro.
I'd like to avoid this charge, the cheque isn't a tonne of money so the fee would sting.

Is there an easier way to lodge it with a smaller fee? I have monzo, revolut and wise. It seems like only monzo can lodge cheques but must be in £.

Is it common for banks to allow a parent to lodge it on my behalf? I'm returning home next month for a visit so I could lodge it then if this is even possible ",hclarke11,2,0.63,6,2025-07-22 13:33:15,https://reddit.com/r/UKPersonalFinance/comments/1m6cuwi/lodging_a_euro_cheque_to_uk_bank/,UKPersonalFinance,Reddit
1mocjb2,How to transfer/withdraw/access money from a credit card?,"I am interested if anyone actually still manages to withdraw cash from a credit card (purely for the rewards purpose).

I've seen some old posts on here about Skrill working but I am not sure it still does.  I recall Revolut used to allow Credit Card deposits or ApplePay at one time before they stopped it too. 

Now it is more difficult to do, just curious to see if anyone still manages to do it and how they are doing it. 

With Revolut it was the easiest, you withdraw as cash, deposited back as a payment instantly and the fees were negligible. ",spacey003,0,0.33,4,2025-08-12 16:55:14,https://reddit.com/r/UKPersonalFinance/comments/1mocjb2/how_to_transferwithdrawaccess_money_from_a_credit/,UKPersonalFinance,Reddit
1lx81h2,advice on best debit card to use in the US that gives reward points. (student),"No clue if this is the right sub to ask this in but wanted some advice or insight. 

Going abroad to the US for 9 months on placement next month and wanted to know best debit card to use whilst out there that is from the UK (not a US bank). 

I want a card that can raise avios points (directly or indirectly) that is a debit card (don't have a SSN for US credit cards and I do not have an income as a student to get a UK one) and has 0% international spending fee and with a decent exchange rate. I have found only two options really that I may benefit from, the Hilton Honors Plus card and any of the revolut cards. 

With Hilton, I don't think I would use the hilton points as I won't be staying in hotels but these can be exchanged to avios points, at a poor rate, and the card has a £150 annual fee. With Revolut, the more premium cards give a decentish revolut point per £1 spent which converts to avios 1:1 but having to pay monthly for the car.

any ideas/advice?

thank you

",rimasgoeshard,0,0.5,7,2025-07-11 15:16:15,https://reddit.com/r/UKPersonalFinance/comments/1lx81h2/advice_on_best_debit_card_to_use_in_the_us_that/,UKPersonalFinance,Reddit
1k4ccx4,Transferring money into a UK account from abroad (EU) - most cost efficient way?,"As the title suggests. I have money sat in an account in an EU country, but due to Brexit they no longer have to offer me an account as I live in the UK (dual citizen). So I have to move my money from that account to a UK account. I can move it to my UK current account but I’m conscious of fees and exchange rates. What’s the best way?

I’ve read that Wise is a good choice, and someone said to me that opening a Revolut account would also not charge me any transfer fees. (I would move it into a protected bank after that) 

It is a significant sum (5 figures) so I know saving a few % on fees will make a big difference. ",Narrow_Ad_7690,3,0.71,14,2025-04-21 13:32:06,https://reddit.com/r/UKPersonalFinance/comments/1k4ccx4/transferring_money_into_a_uk_account_from_abroad/,UKPersonalFinance,Reddit
1jbuxp8,"Fraud payment to council and travel website on debit card, bank not helping","I noticed today that a fraudster spent 445 pounds paying Travelodge and the Borough of Greenwich. I haven't booked any hotels recently nor do I live in Greenwich. As the payments were made on my Trading212 card, I contacted them and they said they couldn't help me as the payments were made via POS and can't be charged back.

I'm completely baffled as to how to proceed and get my money back. Is there some fraud prevention service I should get in touch with?",gorgonzolamcdonalds,3,0.71,17,2025-03-15 13:19:09,https://reddit.com/r/UKPersonalFinance/comments/1jbuxp8/fraud_payment_to_council_and_travel_website_on/,UKPersonalFinance,Reddit
1mzvca3,UK Credit Card for Experian credit score in the 700s,"Had a default 3 years ago on a bill (long story was just very lazy / discussion with landowner as part of it was not my fault) hence credit score not strong. Is there a credit card you would recommend with relatively good terms? Ideally it would be for 0% purchase (I use Revolut Metal for benefits) and only needed for working capital purposes in the next few months (i.e. buy stuff for my new flat without selling stocks) - however, my credit score limits my options a lot. I’d prefer not to run many hard credit checks given my low credit score hence why the Reddit post! 

Thanks in advance to everyone!",No-Anxiety6,0,0.5,2,2025-08-25 17:32:02,https://reddit.com/r/UKPersonalFinance/comments/1mzvca3/uk_credit_card_for_experian_credit_score_in_the/,UKPersonalFinance,Reddit
1l3ztg0,Worth going over annual pension allowance?,"I’m an additional rate tax payer and will be contributing the full 60k into my pension this year. I don’t have any carryover allowance from previous years. 

I contribute via Salary Sacrifice and my company also adds their Employer NI savings. 

Based on the above, I’m wondering if it’s more tax efficient to go over the annual pension allowance even though I’ll get taxed for any amount over 60k?

I think I still save on NI, right?

Also, I’ll get an additional 15% from contributions due to Employer NI savings. 

Thanks in advance!",crepness,4,0.83,9,2025-06-05 14:55:37,https://reddit.com/r/UKPersonalFinance/comments/1l3ztg0/worth_going_over_annual_pension_allowance/,UKPersonalFinance,Reddit
1mjz1qr,Do you pay tax on Forex exchange (USD-&gt;GBP) from sale of US company shares??,"Hi! I work for a US company and as part of my compensation package I get some shares. At vesting I sell my shares immediately and transfer USD to my UK Revolut account. When I do that, I usually convert the money to GBP straight away. But seeing how the USD dropped in the past few months (thx trump) I've been holding them in a USD savings account in Revolt.
Now, when I decide to convert to GBP, am I liable to pay CGT on the conversion?",bax92,1,0.67,2,2025-08-07 13:43:04,https://reddit.com/r/UKPersonalFinance/comments/1mjz1qr/do_you_pay_tax_on_forex_exchange_usdgbp_from_sale/,UKPersonalFinance,Reddit
1m263ce,Exchanging foreign currency on the high street or online,"Hello all, looking for some advice on the place to convert foreign currency to GBP. I usually use revolut but on this occasion I’ve actually got cash (DKR) and looking to convert it back to GBP without getting ripped off 🤦🏼‍♂️",dadofduck1878,0,0.4,5,2025-07-17 13:22:04,https://reddit.com/r/UKPersonalFinance/comments/1m263ce/exchanging_foreign_currency_on_the_high_street_or/,UKPersonalFinance,Reddit
1imkr0c,Travelling to India and need suggestions on how to pay for things,"Hello. I'm travelling to India for about 2 weeks with family. We are largely going for wedding shopping, buying all sorts of Indian clothing and jewellery. In regard to payment, what should I be wary of?  
I understand that cash is usually king, is it best to focus on paying via cash for most things, or use contactless wherever possible. I have Monzo and Chase which both have some limits for the international ATM limit then charge like 3%. The thing is that a lot of clothing/jewelry can be quite expensive so what is usually the best practice in this case?",Badd_,0,0.4,19,2025-02-10 23:41:48,https://reddit.com/r/UKPersonalFinance/comments/1imkr0c/travelling_to_india_and_need_suggestions_on_how/,UKPersonalFinance,Reddit
1liicte,Switching current account and taking savings seriously,"Hi! I’m looking for some advice, don’t really post on Reddit but I have found this subreddit interesting!

I am planning to switch current accounts as I have been with Barclays since I got my first bank account and all of my savings accounts are through Barclays (including my now useless HTB ISA). I no longer want to bank for Barclays (for reasons which might be obvious) and have been thinking about switching for a while. My accounts include:
- a current account where my salary is paid
- 2 x savings account
- a barclaycard - mostly for travel and I pay it off every month
- a separate online current (revolut, monzo vibes) for day-to-day spending (groceries)
- joint accounts (savings, bills etc)

I recently bought a house and have had to wait to switch until the purchase went through, now that I’ve moved in I feel like it’s time! But would appreciate some advice. It seems Nationwide have a good ethos and customer care which I like. 

1. I think I will move my current account over to Nationwide (I think the FlexDirect), I’ve missed the switch deadline so don’t get the bonus, but I don’t think it’s worth waiting until next year to move accounts!

2. My mortgage payment comes out of my current account as a direct debit - does this switch over?

3. I have joint savings account for smaller goals (holidays etc) but am planning to get married in a few years time, my partner and I are keen to build sustainable savings for this! I’m not sure whether I should just open a generic savings account with nationwide for this, or whether I should open a savings account elsewhere with better interest, this is likely to build into a decent sum of money so capitalising on interest would be great. Especially as this account is not going to be touched until closer to the wedding, so something fixed sounds interesting to me. Does anyone have suggestions here?

4. For rainy day/ emergency savings my gut is to just go with a savings account linked to a Nationwide account, where I can put everything else, like excess from my monthly spending. Is this wise?

Note: we are also planning to overpay the mortgage. 

Whilst I feel financially sensible and want to make the most out of my money, I’m also not willing to dedicate loads of time to finding the best deals or switching accounts. It’s the kind of thing I want to be able to keep up with and then reevaluate after a year or so. Thanks!!",Significant_Spot_995,1,1.0,7,2025-06-23 15:41:09,https://reddit.com/r/UKPersonalFinance/comments/1liicte/switching_current_account_and_taking_savings/,UKPersonalFinance,Reddit
1lp0pat,"Looking for advice on ISAs and savings, saving to buy first house","Hi, I'm seeking advice around my current finances. I've got bits of money saved all over the place, but now that things are stable, I'm hoping to sort everything out and start to think about building up a proper deposit for a house. 

My current situation is that I've been building up a Help To Buy ISA with my bank, which has about 5k in it now. I'm aware these are outdated, and have read bits of advice about moving this into a Lifetime ISA, but am unsure of where to look further into that, or even if it's the best thing to do. 

I have a Cash ISA in moneybox and a Stocks n Shares one too, each with about 2k in. I don't like the idea of having things lying around in moneybox, so am planning to try and move these. Do I withdraw, take the penalty of 25%, and open a new LISA with the bank? 

I've got all sorts of crap in shares, crypto, and commodities in revolut, which again is a total mess, but only sums around 3k. 

What's the most effective way to organise this? Do I conglomerate it into one ISA with a proper bank, or do I keep building the different pots up all over the place?

All help is much appreciated


(edited: Corrected moneybox info) ",tiny-hobbit-,0,0.5,6,2025-07-01 13:44:41,https://reddit.com/r/UKPersonalFinance/comments/1lp0pat/looking_for_advice_on_isas_and_savings_saving_to/,UKPersonalFinance,Reddit
1mes09i,First credit card / credit builder card suggestions.,"Hey all, I'm (23) struggling a lot to figure out the UK system (coming from Spain) with regards to Credit Cards. My current job requires me to travel a lot and I was thinking this could be perfect to build my credit score + allow me to not pay out of my current account for travel expenses. I've tried to research applying for cards, and all of the automatic checkers seem to say I'm not eligible for almost anything, and the ones that do either require me to send my ID by post (which I really don't want to do) or AMEX just straight up rejected me for poor credit score even though I met all the requirements listed on their website, and I was a referral from a friend who ALSO had no credit score and has a lower household income.

  
The thing is, I've never had a credit card before so obviously I don't have a credit score at all, which is what I'm assuming is coming up in their systems when I apply. I'm looking for suggestions on credit builder cards you may have experience with that I can apply for / can use given my circumstances. Or maybe there is something here I'm missing? Since I have friends who also had no credit score but they had a much easier time applying to Capital One credit cards or AMEX.

  
This is my current situation for context:

\- 23 (M)

\- Live in Scotland

\- Went to uni in the UK, started working 2 years ago for a total of 6 years in the UK.

\- Make 80,000 GBP yearly in my job and live with my partner which makes around 42,000 for a total of 122,000 household income.

\- No credit score

\- UK bank account (Revolut) for the past 6 years.

\- EU citizen with pre-settled status (no UK passport yet)

  
On paper, I thought I look quite good for credit card issuers, but apparently not. Any advice on what may be wrong, or what starter credit cards I should apply for? I've done a lot of the online eligibility checkers just putting in my basic info and I keep getting the ""Sorry, we aren't able to offer you a credit card at this time"". The only credit card I've gone through the whole process with is AMEX because I was referred by a friend of mine, and they just rejected me this morning. With the rest I just do their online checker so I don't impact my (inexisting?) credit score since I read if you apply for lot's of credit cards it can impact your score negatively, therefore I'm being pretty cautious.

  
In any case, please any advice is greatly appreciated. My number one use-case for the credit card would be business expenses which get paid out at the end of the month by my company (averaging around 800 GBP / month), so preferably a credit limit around that range so I don't have to pay expenses out of pocket, which is what I've been doing so far. I've requested a credit report from experia to see wtf could be on my file, but it takes a week apparently.",Shababs,1,0.67,2,2025-08-01 10:34:40,https://reddit.com/r/UKPersonalFinance/comments/1mes09i/first_credit_card_credit_builder_card_suggestions/,UKPersonalFinance,Reddit
1k26su4,Trying to understand my (US based) employer's stock buy in plan (ESPP) as a UK worker - can I check my reasoning here?,"So, the plan seems to be that a couple of times a year an enrollment period is opened, and I can choose to put a percentage of my salary into the plan.

Then at the end of the period the money is converted to USD and used to purchase shares in the company at a 15% discount. The discounted price applies to the lower of either the stock price at the purchase date, or the stock price at the start of the enrollment period. So if the stock price is $100 on enrollment and $150 on purchase date I get the shares for $85 a share and pay tax and NI on the $65 per share difference, if it's $150 on enrollment and $100 on purchase I get the shares for $85 a share and pay tax and NI on the $15 per share difference.

This is apparently a common thing in the US, but I'd never seen or heard of it before.

All of the tax and NI implications are apparently handled for me via via PAYE by the company in the salary period that the purchase date falls in..

Now this seems like a fairly low risk thing to me, from what I can tell (if I've not got the whole thing dreadfully incorrect) the risks are:

* The pound tanks against the dollar before the purchase date, so what I can buy becomes worth way less. This is somewhat mitigated as apparently I can pull my money out for a full refund right up to the purchase date, but I would have to keep an eye on the exchange rates and I would lose any growth the money could have made over that same period.

* If I don't sell the stocks immediately on purchase, the value could go down leaving me out of pocket, but I would plan on selling immediately.

* If the share price skyrockets, I could be hit with a massive tax bill on the purchase date, which apparently will be handled via PAYE in that month's salary. But in theory I'd then have a lot of money coming in from the shares.

* The shares are sold in USD like RSUs and I'll have to get that currency back to the UK somehow. For my RSUs I use the brokerage's transfer which charges a 2.5% exchange fee, but if this is a regular thing I would look into WISE or Revolut instead as their fees would be lower after all is said and done.

* If for some reason I don't sell immediately, and the price goes up, CGT could become due on the value when I sell the shares.

Is my thinking correct here and does it look as good on paper as it seems? At worst case It seems like I get a 15% return which is then taxed, but that still seems to work out higher than the return I'd get from my ISA (4.8% variable) after tax and if you add in the gambling aspect of the stock market it could be much higher?

I'm hoping I've understood it correctly and any insight anyone can give on whether this is a good thing or not would be appreciated.",hdjddjiieeshs,0,0.5,12,2025-04-18 15:51:13,https://reddit.com/r/UKPersonalFinance/comments/1k26su4/trying_to_understand_my_us_based_employers_stock/,UKPersonalFinance,Reddit
1jsx8z8,"Moving to UK, which Bank to go with?","I am from Ireland and am moving to the UK (Cambridge) in the next 4-8 weeks for work. 

I don't have my national insurance number yet and I also don't have my accommodation sorted yet so I don't have a UK address at the moment - which UK bank can I open an account with without this information? My brother lives in London, I was wondering if I could use his address temporarily until I get my own place. 

Also I already have a Wise and Revolut account. If I don't have my bank account sorted by the time my new employer requests my bank details, can I use Wise or Revolut for receiving salary or is there any caveats I should be aware of? ",mobydopy,0,0.33,13,2025-04-06 16:52:33,https://reddit.com/r/UKPersonalFinance/comments/1jsx8z8/moving_to_uk_which_bank_to_go_with/,UKPersonalFinance,Reddit
1m8vq35,Update HSBC Global Money account,"I received an email informing me that the global money account can receive foreign transactions again, and that they won't be converted to GBP automatically. This feature was essential for me to be able to receive euros on a UK account.

I think it's one of the best FX accounts nowadays, but unfortunately the exchange rate provided by HSBC is quite poor. 

Do you think HSBC is better than Revolut or Wise?",munta20,2,0.75,3,2025-07-25 11:36:17,https://reddit.com/r/UKPersonalFinance/comments/1m8vq35/update_hsbc_global_money_account/,UKPersonalFinance,Reddit
1ij5oi0,CIFAS marker - Can’t obtain an account after 5 years.,"Hi all,

Fairly new to Reddit so apologies if this has been asked before. 

I was convicted of Fraud and Money Laundering in Nov 2019 - I’ve struggled to get a bank account and subsequently employment since then. 

I’ve tried main high street banks, online (revolut Monzo etc) to no avail… I even changed my name in hope this would pass a standard check but still no luck. 

Appreciate I was in the wrong, but after 5 - 6 years it still has a huge impact on my life and with a newborn daughter I hope to get into employment ASAP. 

Does anyone have any recommendations on how I can obtain a bank account however basic it may be? 

Thanks in advance. ",b1llykinsella,0,0.2,18,2025-02-06 15:51:55,https://reddit.com/r/UKPersonalFinance/comments/1ij5oi0/cifas_marker_cant_obtain_an_account_after_5_years/,UKPersonalFinance,Reddit
1k9p5s2,Credit card that has virtual cards,Does anyone know of a credit card where you can also have virtual card/s ? A bit like Revolut but a credit card ?,Ashamed-Mood-2138,0,0.5,11,2025-04-28 07:42:23,https://reddit.com/r/UKPersonalFinance/comments/1k9p5s2/credit_card_that_has_virtual_cards/,UKPersonalFinance,Reddit
1kjhm7r,Best Business bank accounts for a private limited company,"Hi,

I’m planning on starting a Ltd which will consist of two directors.

I need help with a good account, one maybe that offers a good accounting software.

Thanks in advance.",AnshJP,1,0.67,9,2025-05-10 20:00:17,https://reddit.com/r/UKPersonalFinance/comments/1kjhm7r/best_business_bank_accounts_for_a_private_limited/,UKPersonalFinance,Reddit
1jql7fj,When making a bank account should I tell them it’s for gambling,"When signing up for bank accounts now (I noticed it with Monzo and Revolut) they ask what you will use the account for. One of the options is for gambling.
Will I receive any gambling promotional material (free bets etc) if I do this, or is it a safeguarding measure, or is it just to get more data on me?",MPunch_49,0,0.31,11,2025-04-03 16:19:25,https://reddit.com/r/UKPersonalFinance/comments/1jql7fj/when_making_a_bank_account_should_i_tell_them_its/,UKPersonalFinance,Reddit
1kgcekc,Stuck on which bank to apply for?,"I currently have 2 bank accounts some would say with lumps of money that I'm using to save. ( I am currently learning about investing and saving accounts) I wanted to open a third bank account just for everyday spending. 

I'm stuck between HSBC,Barclays or starling

I'm leaning towards HSBC as it will allow me to invest into index funds via their app directly and I won't need to open an account with Hargreaves Lansdown. but I heard the banking app and their customer service isn't the best.

I specifically want a fcsc protection just incase ofc. I do have a revolut account but I've heard stories that once your account is frozen it's hard to get the money back etc.

Just looking for a no nonsense current account where I can keep money for everyday spending.


Also if anyone has any materials UK specific about investing and a website with the best saving or current accounts that would be great 

Thanks ",Major-Exchange1651,1,0.67,9,2025-05-06 19:49:57,https://reddit.com/r/UKPersonalFinance/comments/1kgcekc/stuck_on_which_bank_to_apply_for/,UKPersonalFinance,Reddit
1lzllwz,Adding short-term savings to Cash ISA and withdrawing - does this look bad for mortgage application?,"Hi all, 

I have been trying to take saving seriously over the past year as I hope to get a mortgage at some point in the nearish future, and have found this sub really helpful in that process. I have opened a Trading 212 account with a Cash ISA as it offered a high interest rate and flexible withdrawals. Each month, I add £800 to this and almost never touch it (once or twice I have had to withdraw a small amount if having a particularly expensive month). 

I have some other smaller savings goals - one of which being visiting friends who live in Australia. I would prefer to save gradually for these flights over a couple of months. Previously, I've used Revolut pockets (formerly ""vaults"") to stash away savings for one particular thing, as I find having it out of my current account helpful. However, these don't pay any interest. I wondered if I could start adding a bit more to my T212 cash ISA every month - e.g. £875, where £800 is my regular savings deposit and £75 is towards flights, so that this money could collectively earn interest. Then, I would withdraw the money paid in specifically for flights in a couple of months, when I need to book them. I'm wondering if withdrawals like this might look ""bad"" if a bank was reviewing my statements as part of a mortgage application, in case it might indicate financial instability / poor management of money (even though the saving and withdrawal would have been very much planned!). 

  
Would be very grateful for any advice or alternative suggestions as I am new to trying to save effectively and certainly new to the entire process of preparing to apply for a mortgage. Thank you!",aliceinwalmart,0,0.5,3,2025-07-14 13:53:17,https://reddit.com/r/UKPersonalFinance/comments/1lzllwz/adding_shortterm_savings_to_cash_isa_and/,UKPersonalFinance,Reddit
1jahd3l,Which bank is best for currency accounts?,"I’m an international student, with some money in USD I intend to invest, as well as the occasional USD cash from my parents for tuition fee&amp;accommodation payments. So I need an account I can deposit USD cash, convert it to pounds if necessary or transfer to platforms like interactive brokers and back. My research showed that HSBC currency account+global money will be the best choice, and seems like their exchange rate is almost as good as Revolut/Wise, but I’ve read some negative things about HSBC on this sub. So, would it be the best bank for such purposes(and potentially my main bank account long term), or should I select something else-although it seems like the only viable alternative is Lloyds, which also has a bad reputation among some people",Haunting-Mongoose799,0,0.5,13,2025-03-13 17:21:32,https://reddit.com/r/UKPersonalFinance/comments/1jahd3l/which_bank_is_best_for_currency_accounts/,UKPersonalFinance,Reddit
1l9wg7c,Savings.. Looking for opinions on how I could possibly do things better.,"Firstly, hi, I'm looking for some advice on things I could do better since I last took a serious look at my finances and savings and wondering how I can better make the most of the tools available to me.

For some background information I'm 23, still at home with parents and potentially looking to move out within 3-4 years but London is expensive so we shall see and no major debts just monthly CC bill that's sorted in full.

What I have in various places.  
\- Barclays H2B ISA maxed @ 12K - Wondering what a better use of this money could be given that the 12K it currently has isn't going to acquire me anything in the capital.

\- Vanguard S&amp;S ISA about 15K in VUSA - Perhaps I should look at adding another investment within the ISA to diversity US uncertainties - if so any recommendations for RoW ex. US?

\- A Revolut account I hardly touch with about a grand in (kept away incase anything happened with Barclays and I ever saw myself get locked out).

\- L&amp;G Pension about \~20K in a Target Fund 3 - Slightly less relevant to the convo perhaps but curious if anyone has opinions on the Target Funds good or bad that may have points I might have missed.",a_dsmith,1,0.6,5,2025-06-12 21:06:01,https://reddit.com/r/UKPersonalFinance/comments/1l9wg7c/savings_looking_for_opinions_on_how_i_could/,UKPersonalFinance,Reddit
1k6r7h2,Saving in the UK while living in the EU,"I've recently moved to the Netherlands from the UK and I'm working full time here. I still have several bank accounts open in the UK (thanks to bank switches, haha), and now that I have a proper salary, I'm looking into starting to save. The interest rates for savings are way better in the UK than they are in the Netherlands (can get between 4-7% in the UK, here I doubt you'd get more than 2%). Is it possible for me to transfer money monthly to the UK to my savings account? For instance to a Co-operative regular saver (£250 pm with 7%) or my Santander account which has 4.41% interest? I have free valuta conversions with Revolut. I also pay my student loan back home in Norway, so I'm transfering a lot of money out of the country anyway, but I'm wondering if there are any rules with regarding to residency, etc. I'm resident in the Netherlands now. Any advice much appreciated - thanks!",Puffthemagiclegend,1,0.6,9,2025-04-24 13:41:03,https://reddit.com/r/UKPersonalFinance/comments/1k6r7h2/saving_in_the_uk_while_living_in_the_eu/,UKPersonalFinance,Reddit
1kucxwn,Debit cards for nieces - options?,"Hi,
Can anyone suggest how I can get a debit card (top up like Revolut? maybe) for a kid that I'm not a parent nor legal guardian (my nieces).

They are coming to UK for longer holiday and I would like to give them theirs own cards for shopping, ect.

Any options how do it somehow?",Admast79,1,1.0,6,2025-05-24 15:29:52,https://reddit.com/r/UKPersonalFinance/comments/1kucxwn/debit_cards_for_nieces_options/,UKPersonalFinance,Reddit
1ja0xwn,"I want to close my oldest current account, will this affect my credit score?","
So I’ve got multiple current accounts, Barclays, monzo, Revolut, hsbc. Barclays is my oldest but I’m getting tired of how bad their customer service is and I want to close it, I’ve had it since I was 16/17. I was always told you should keep your oldest account for credit score purposes but I really want to drop Barclays as they have terrible customer service and keep blocking my account when I try and make purchases for “security” even after I’ve verified through the app. Can I close the Barclays account without it having an effect on my credit score? I’ve already migrated most of my payments to the other accounts. Should I close or just leave open with £1 in so it continues to be my oldest account? The next oldest account is 10 years younger ",Psyterps,0,0.33,12,2025-03-13 01:45:03,https://reddit.com/r/UKPersonalFinance/comments/1ja0xwn/i_want_to_close_my_oldest_current_account_will/,UKPersonalFinance,Reddit
1kidf0t,Transfer of Money from USA to UK,"I was working in US a few years ago but getting paid over here. The company gave me a float in the US and took it out of my salary here so I had dollars over there. I added to the money over there and just in case I needed it over there, I left it there when I came back. I now need the money in the UK, its about $8K and I was wondering what is the best way to transfer it back over here. 

I was just wondering what the best way to do it is, and how others have found the process. I've done google searches and Wise/ Western Union come up. Finding it hard to see what is genuine advice and what is paid for advertisement advice.

Any help would be greatly appreciated.",Makluse,2,1.0,7,2025-05-09 09:22:33,https://reddit.com/r/UKPersonalFinance/comments/1kidf0t/transfer_of_money_from_usa_to_uk/,UKPersonalFinance,Reddit
1jpclqt,"Going to France next week, best way to sort money (UK)","Hi, i’m going to France from the UK next week and wondered what’s the best cheapest way to sort money without spending too much on transaction fees? I can go to the post office and get cash at a good exchange rate but i’m worried there might be some places that take card only, plus the risk of being targeted by pick pocketers?!?!… I bank with Natwest and I also have a Revolut account.. Thanks! ",bbxhann83,0,0.25,10,2025-04-02 02:24:30,https://reddit.com/r/UKPersonalFinance/comments/1jpclqt/going_to_france_next_week_best_way_to_sort_money/,UKPersonalFinance,Reddit
1jx0q2a,20F trying to reach 10k saving by end of year,"Hi everyone!

Context:

* 20F, uni student
* Recieving a scholarship: full tuition covered + 8,509.76 living expences grant
* Recieving £300 a month from my parents
* avg. \~£900-1100 spent per month, £200-400 left over after expences
* Worked through out sixth form, saved about 3k
* No Student Account, no overdraft
* Will be working over the summer, both at a part-time + hopefully 1 or 2 internships

I have set myself a new years resolution to finished 2025 with 10k in savings. These are funds I am hoping to not touch unless I absolutly have to - only if its that or death. I am trying to figure out how to best spread out my money for longevity + intrest gains. I dont really know anything about best savings accounts for students and young professionals so I would love to get some suggestions on how to best allocate these funds.

Current situaltion:

* Revolut 3% p.a. savings account: £6,816
* Vanguard S&amp;S ISA: £990 invested (Moderate Risk, Vanguard managed) (planning to cont. invest into this account)

I also have £2,564 in emergancy funds (3 months living expences). I am aware that after investing/opening a savings account this unused money would put me over 10k. However, once again, I do not really know what to do with it, and if I should even move it around or just keep it in a pocket in my banking app.

I do think that the 3% p.a. is quite low on the saving account, just under the inflation rate in the UK. I've seen 6% be thrown around as something that is more ideal, but once again I do not know which bank I should even start looking at. I have concidered investing it all into the ISA, as I am very confident that I will not have to touch this money in min. next 5 years.

I have concidered opening a LISA - I will most likely settle down in England, so I see why that would be beneficial, but I am anxious about the fact that this is money I will not be able to touch till I am a home buyer.

Once again, I do want to set myself up early on in life to have the best financial awareness and stability both now and in my later life. Please give me any suggestions and reccomendations you would have found beneficial at 20, and what are the best option for me to reach my goal.",Decent_Challenge9456,9,0.8,8,2025-04-11 22:10:16,https://reddit.com/r/UKPersonalFinance/comments/1jx0q2a/20f_trying_to_reach_10k_saving_by_end_of_year/,UKPersonalFinance,Reddit
1jcvjia,"Phone stolen, money taken, but no transactions in bank?","Hello all - my phone was robbed from me while unlocked on a night out, and the thief logged into my Coinbase account and bought about £3600 of crypto as well as £250 sent to their revolut.

The strange thing is, when I look at my bank account, I can’t see any of the transactions - all my money is still there. Also, the amount that they stole is greater than the actual amount of cash I had in there! I have no idea how this has happened and I don’t know what to do - I’ve called the bank but they say by they need a crime reference number.

Has this happened to anyone else before? I’m lost and scared that the money is gone - I f the bank doesn’t make me whole again I’m screwed. Any guidance is appreciated",raindrop-flipflop,8,0.79,10,2025-03-16 20:57:13,https://reddit.com/r/UKPersonalFinance/comments/1jcvjia/phone_stolen_money_taken_but_no_transactions_in/,UKPersonalFinance,Reddit
1irdhuj,Debit Cards that won’t get blocked when being used abroad (China),"I travel to China fairly often and every time I use my RBS bank cards they always seem to end up getting blocked even when I input my travel in the app and I have to mess around trying to call them which isn’t the easiest thing from China. Can anyone recommend a Debit Card that rarely, if ever seems to get blocked?",Fun_Reception5588,1,0.56,13,2025-02-17 06:24:41,https://reddit.com/r/UKPersonalFinance/comments/1irdhuj/debit_cards_that_wont_get_blocked_when_being_used/,UKPersonalFinance,Reddit
1kbb052,made redundant - credit card application,"I have been made redundant at the end of March with decent payout. Redundancy was paid in April, so new tax year. I plan to take 12 months break from work. 

I am not worried about source of income (have sufficient savings) but I just realised that for the future credit rating etc, I may benefit from getting a credit card. I never had a credit card before. For last 10 years I paid for my mortage with no problems. I am planning to apply for job seekers allowance in June (I am taking a break travelling at the moment).

The only reason for credit card would be to improve/keep good credit rating. I am not planning to actually finance my life from it. 

Is getting a credit card a good idea &amp; needed in this situation? If yes, which one should I apply for? should I make them aware of redundancy?

I bank with Santnader. I also have Chase, Revolut, Trading 212 ISA etc. 
I looked the the apllication form in Santander and they ask about employment status. I hesitate to make them aware I am unemployed. In their recods the salary has been coming in; last payment in April was much higher because it was redundancy package. they have no reason to question it yet. I dont know if copy of the payslip is part of the process of applying for credit card...

Thank you
",Wild_catter_pl,2,1.0,7,2025-04-30 08:53:07,https://reddit.com/r/UKPersonalFinance/comments/1kbb052/made_redundant_credit_card_application/,UKPersonalFinance,Reddit
1js1x3e,Any financial tips for expats leaving the UK for a few years?,"Later this year I will be going to work in Saudi Arabia. Obviously this comes with the benefit of a higher salary than I would get in the UK and no income tax.

I understand I would lose access to put money into ISA's.   
Any tips on what types of accounts I can use?   
My target would be to save £36k year and the plan is to do around 4 years out there.

Current situation is the only attachment to the UK would be my house, which is split 50/50 with a friend. I would carry on paying my half of the mortgage and half of the standing charges for utilities(around £600).  
This would change as there is a possibly we would lodge my room to one of our friends and I would only pay my half of the mortgage and our friend would pay their half of bills.

The salary will be paid in SAR but the company can provide currency exchange if I want to use it or I can do it myself using something like Revolut.

Current financial situation:  
No Debt other than mortgage (I uses a CC but pay it off every month)  
£9k is S&amp;S ISA  
£5k Emergency Fund  
\~£15k in equity on my half of the house

Any other tips from expats would be great as well.",Trigg3r97,2,0.63,9,2025-04-05 13:03:45,https://reddit.com/r/UKPersonalFinance/comments/1js1x3e/any_financial_tips_for_expats_leaving_the_uk_for/,UKPersonalFinance,Reddit
1klo1ck,Best FX Credit Card for international travel,"Hi, 

What's the best credit card/bank account for FX rate and fx free spending international? 

I noticed differences between MasterCard and Visa rates even with 0%

Thanks. ",Fireif,1,0.67,6,2025-05-13 15:56:10,https://reddit.com/r/UKPersonalFinance/comments/1klo1ck/best_fx_credit_card_for_international_travel/,UKPersonalFinance,Reddit
1l2n1uc,Lloyds not crediting account after payment made,"Hi all,

I transfer money from my Revolut into Lloyds account every week (normally takes a few secs)

I have made the same bank transfer Saturday (just £80) and Tuesday night the money has not hit my Lloyds acccount.

Revolut has confirmed funds were released to Lloyds and provided the confirmation + FastPayment ID. I have shared this ID with Lloyds, they see it on their side but cannot confirm if money was credited.

At this stage each bank is saying the other one needs to check.

Has this already happened to anyone ? In case money never hits the account, what can I do ?

Thanks and cheers  ",mshb77,0,0.33,4,2025-06-03 21:51:59,https://reddit.com/r/UKPersonalFinance/comments/1l2n1uc/lloyds_not_crediting_account_after_payment_made/,UKPersonalFinance,Reddit
1l9rqhg,Whats the best way to transfer money from a pre-paid Visa in USD to bank account?,"HI,

  
I have a pre-paid credit card, the amount is in USD.

Anyone know a good way to transfer the amount to my bank account in GPB?

  
Thanks",NumerousText,0,0.5,3,2025-06-12 18:01:53,https://reddit.com/r/UKPersonalFinance/comments/1l9rqhg/whats_the_best_way_to_transfer_money_from_a/,UKPersonalFinance,Reddit
1jkmlg4,Best Current Way to Exchange £ to $,"I have a little over £10,000 I want to exchange to $ to pay off a mortgage. I usually use Revolut but only for smaller amounts, and they would charge a 0.5% fee. Does anyone know the best (cheapest) way to currently exchange £ to $",amifireyet,1,0.67,7,2025-03-26 21:01:28,https://reddit.com/r/UKPersonalFinance/comments/1jkmlg4/best_current_way_to_exchange_to/,UKPersonalFinance,Reddit
1k3yov0,Just moved to the UK – Advice on opening a bank account and getting a car loan,"Hi all,

I recently moved to the UK and could use some advice on getting set up financially.

I closed my Irish bank account before relocating and have been using Revolut for day-to-day expenses. I’d now like to open a UK bank account but I’m unsure which one to go with. I’ve looked at the comparisons on Martin Lewis’s website, but many of the perks seem to be tied to switching from an existing UK bank account, which doesn’t apply to me.

So my first question is:
Can anyone recommend a good UK bank for someone starting from scratch (i.e. no previous UK current account)?

Secondly, I need to take out a car loan as soon as possible (around £3,000–£5,000), but since I have no UK address history or credit score, I’m concerned I won’t pass a credit check.

My second question is:
What’s the best way for a newcomer to the UK to secure a small loan relatively quickly?

For context:
My job pays around £35k/year.
I’d be able to repay the loan early without issue, but I need the funds upfront to get started.

Any advice would be hugely appreciated, thanks in advance!",JoshC0011,0,0.5,6,2025-04-20 23:49:27,https://reddit.com/r/UKPersonalFinance/comments/1k3yov0/just_moved_to_the_uk_advice_on_opening_a_bank/,UKPersonalFinance,Reddit
1kukjpb,"Overpaid wages, as I transitioned to P/T working","Hi everyone, 

I, 51m, started working for a firm in Jan 24, jobs great, nice people, does what it needs to do. 

Last December, it was agreed that I could renegotiate my contract and work part time, from April 2025. 2 weeks on, 2 weeks off. Remuneration @ 50% of my full-time wage. 

On pay day, they accidentally paid me a full month's wages. I've been hassling for some clarification as to how this is sorted out, our HRBP, in conjunction with Payroll have suggested that I pay the full 50% of my gross wages back over an extended period. 

Doing the maths, I tentatively worked out that they wanted me to repay what they had paid to HMRC in tax too. 

When I emailed the HRBP, she said - yeah sorry, but that's the way it's got to be. You can sort it out with HMRC.

I'm not sure that's the case, I dont feel like banging my head against the brick wall of HMRC, week in,  week out just to try and rectify my employers mistake. 

Any thoughts anyone? Going to insist on an extended repayment plan, just don't expect to have to fix their HMRC mistake. 

Thanks in advance!  



",FlameBoy4300,1,0.6,4,2025-05-24 21:06:22,https://reddit.com/r/UKPersonalFinance/comments/1kukjpb/overpaid_wages_as_i_transitioned_to_pt_working/,UKPersonalFinance,Reddit
1jefu42,Arrived in the UK - Suggestion on Bank Account/Credit Card?,"Hello everyone!

I’ve just arrived in the UK and I’m looking to open a bank account with a traditional bank. This would be my main account, while I’ll use my Revolut Premium account as a secondary account, mainly for overseas expenses.

Additionally, I’m considering applying for a credit card to start building my credit score.

Do you have any recommendations on the best banks and credit card options for newcomers? Any advice would be greatly appreciated!

P.S. already have proof of address and UK mobile number",sebax14_,0,0.5,9,2025-03-18 21:01:39,https://reddit.com/r/UKPersonalFinance/comments/1jefu42/arrived_in_the_uk_suggestion_on_bank/,UKPersonalFinance,Reddit
1jlgg7t,What financial goals should I be working towards as a 19 year old saving 50% of his income?,"As the title suggests, I'm 19 and an accountant. I'm living at home still, but pay about 25% (£400) of my income in rent. I spend about another 25% on lifestyle - on myself and my girlfriend, fun etc. The rest I save. I've got £1,000 in an ""immediate emergency fund"", in Revolut. I like having a bit of money I can access quickly, for an unexpected expense. I then also have another £5,000 in a proper ""emergency fund"" or I like to think of it as a safety net. I have about another £3,000 or so invested in the s&amp;p500 and an international fund (both vanguard), about an 80/20 split. 

I'm kind of stuck on what I should be working towards, financially that is. It feels very demotivating to just put my money in the markets and let them do what they want, but I understand short term volatility is to be expected. 

I was wondering what I should be trying to achieve, within 1 year, 5 years, 10, 20 etc, as I know having a goal will motivate me much more.

Any input is greatly appreciated, thank you.",juniorcarruthers,0,0.45,8,2025-03-27 23:00:03,https://reddit.com/r/UKPersonalFinance/comments/1jlgg7t/what_financial_goals_should_i_be_working_towards/,UKPersonalFinance,Reddit
1k24kv3,Joint Bank Account Options for house expenses,"Long time lurker first time poster, have read the wiki and done some basic research but mods please let me know if not allowed.

My partner and I are moving in together and I believe the easiest way to pay our rent, bills etc is from a joint account. Problem is we both bank with different entities (Halifax and Lloyds) so I think I have 3 options but am open to criticism/others:

Option 1. One of us to pay the other our agreed share of monthly outgoings. We are trying to avoid this as we need a bit of a slush fund for the property which will be difficult to administer and track if sat in one of our main current accounts.

Option 2. One of us move our current account to the other bank where we can easily set up a joint account. My perceived negatives on this are that (assuming I move banks) it will affect my credit rating - not the end of the world as I'm not planning on applying for credit in the short - medium term, however I am looking to do a cash transfer to a credit card before moving to cover initial rent expenses so would need to do that before moving banks. Also some banks require in person attendance to set up joint account and it would be a bit of a trek to our nearest bank, would prefer to do online (Lloyds looking like the better option for this).

Option 3. Set up a new account that doesn't require us to pay our main salary into it and allows us to set up standing orders,direct debits etc. I already have Revolut (up to now used for international travel only) and I'm leaning towards this option as the easiest and quickest solution, but am I missing something?

I am aware that funds in a joint bank account are owned by both parties, neither of us have any concerns around that.

TIA",allthefeels77,0,0.33,6,2025-04-18 14:11:12,https://reddit.com/r/UKPersonalFinance/comments/1k24kv3/joint_bank_account_options_for_house_expenses/,UKPersonalFinance,Reddit
1k93kyp,Savings Account - Advice on next steps,"Hi All,

A bit of background: my father was involved a lot of financial pyramid schemes growing up, and therefore I have a very skewed understanding of savings accounts &amp; I am heavily sceptical about having one that is not what my bank offer. I’m also from abroad, so the ISA/LISA accounts are not something I’m familiar with.

However recently I got an email about my Barclays savings account, that the interest is getting lower, and based on the interest I’m receiving, it’s around 1%. I also have a Revolut savings pocket with 3.65% AER, but I don’t dare to leave all my savings there, I only use it as a weekly spending account, the majority of the cash remains in the Barclays account.

We do have a mortgage, so my aim was to stop sending money to the Revolut one and send it into the mortgage instead as our mortgage is 4.15%, but then I realised the Barclays Savings Account was also very low, and I thought that having a mortgage would mean I can’t use ISA/LISA, but browsing this sub I think I might be wrong.

Could you point me in the direction to savings accounts that offer an app &amp; have slightly higher savings rates while trustworthy? I’m worried about my finances, and apart from my partner, I don’t have anyone to fall back to, so would be nice if I can have access to withdraw if I need to. And if you could tell me what qualifications make saving providers in England safe? And in general, could somebody explain or point me in the direction of an explanation of saving products in the UK (England) mainly? I’ve seen a few influencers who talk about some benefits, but unsure how trustworthy they are. 

Thank you for taking the time to read and if you have any advice. 
",Essanamy,1,0.67,5,2025-04-27 14:09:16,https://reddit.com/r/UKPersonalFinance/comments/1k93kyp/savings_account_advice_on_next_steps/,UKPersonalFinance,Reddit
1kte0tn,Disagreeing with overdraft facility on personal account?,Has anyone had success with removing overdraft on personal accounts? Revolut used to fail payments and so did some other banks. I would prefer that actually for my non-main account. Has anyone been able to notify banks to and get it removed?  ,Otherwise-Tiger3359,0,0.5,3,2025-05-23 08:58:48,https://reddit.com/r/UKPersonalFinance/comments/1kte0tn/disagreeing_with_overdraft_facility_on_personal/,UKPersonalFinance,Reddit
1ktr897,Financial planning for studying across multiple countries?,"Hi all! I'm starting this business program in September where we move between different countries every few months - Dubai, Singapore, Ghana, India, etc.. As a Tetr student, we will be building actual businesses as part of the curriculum. I am excited about the experience but honestly a bit overwhelmed by the financial logistics. I've got my tuition sorted but trying to figure out the practical money management side of things.

Few specific questions:

1. Banking: Should I stick with my current UK account + travel cards, or look into something like Revolut/Wise for better international access? Any recommendations for accounts that work well globally?

2. Currency management: We'll be earning revenue from the businesses we build - how do I handle income in different currencies? Do I need to set up local accounts in each country?

3. Tax implications: If I'm technically a UK resident but living/working across multiple countries for 4-5 months each, what's my tax situation? Do I need to worry about tax residency rules?

4. Visa costs: Already budgeting for these but wondering if anyone has experience with multiple visa applications per year?

Has anyone here managed finances while living in multiple countries for extended periods? Any major mistakes to avoid or stuff that made life easier?",WasteInspection5007,0,0.5,2,2025-05-23 19:43:42,https://reddit.com/r/UKPersonalFinance/comments/1ktr897/financial_planning_for_studying_across_multiple/,UKPersonalFinance,Reddit
1ktfd3j,Bank Account Recommendations (Travel/Work - Ireland/UK),"**Context:** I am a UK National, currently tax resident in Ireland and working/living in Ireland.  I frequently travel back and forth between Scotland and Ireland and have bank accounts in both countries with various banks.  I have UK Direct Debits and Irish Direct Debits. 

**Current Banks:** I currently hold my main UK accounts, credit cards and savings with Nationwide and I hold my Irish accounts, credit cards and savings with AIB.  I have Revolut in Ireland too for day-to-day.  Nationwide is OK, but the need for a card reader sometimes for big payments bugs me.  Their online banking (not the app) is 90s.  I do not want to go near Lloyds Banking Group (Lloyds/Halifax/Bank of Scotland) because they are a shower of sh\*ts. 

**Need:** I want a bank account in the UK that has a really good app but also allows transfers to and from Ireland with minimum/no fees, and isn't one of those FinTech banks.  I looked at Monzo and have Revolut in Ireland, but their apps are like being on Social Media. 

Anyone got any recommendations?  Someone recommended HSBC, which comes with a ""Global"" account as well.  But HSBC aren't in Ireland but I am happy to retain AIB in Ireland.  (Bank of Ireland can eat d\*ck). ",no-puedo-encontrar,0,0.5,2,2025-05-23 10:36:22,https://reddit.com/r/UKPersonalFinance/comments/1ktfd3j/bank_account_recommendations_travelwork_irelanduk/,UKPersonalFinance,Reddit
1kgelc3,Best account for a GBP-EUR back and forth,"I'm getting married to an Italian in Italy later this year, and trying to figure out the most cost-effective way to handle the below back and forth:  
  
\-Pay approx £30,000 to the vendors as Euros via bank transfer  
\-Receive Euros as gifts  
\-Convert the majority of the gifted Euros to GBP

With the fees for receiving Euros/paying via bank transfer/converting currency varying from bank to bank, no single account stands out. Wise and Revolut seem like the best options, but without exact figures I can't tell how much I'm losing to fees.

I've got a Monzo, she has a Revolut; I also hear Wise is good for receiving payments in Euros, and Starling has a Euro account for which they're not currently accepting applicants. 

On the surface it seems like paying the vendors with Monzo/Wise, receiving gifted Euros into Wise, then sending it to Revolut to convert might be the most cost-effective way. Or am I massively overthinking unavoidable costs which will most likely barely differ if I just do it all via a single account?

Grazie!",PietroPiccolino,2,0.75,3,2025-05-06 21:18:53,https://reddit.com/r/UKPersonalFinance/comments/1kgelc3/best_account_for_a_gbpeur_back_and_forth/,UKPersonalFinance,Reddit
1l0n6na,"Moved abroad, coming back – questions on acc closure + credit score","Hi,

I’m a European with UK Indefinite Leave to Remain who left the UK Oct 2024 and plan to return in early 2026. I’ve been withdrawing money and consider closing my UK accounts (Monzo, Revolut, Freetrade, Degiro) since I’m abroad now and they require closure if I move abroad (I'm doing it late because I realized late, and I'm transferring smaller amounts every week to an European acc). But I noticed my ClearScore is low and those bank accounts aren’t linked.

My questions:

1. If I connect these dormant accounts to ClearScore (Open Banking), will it hurt my credit score?
2. Should I just close the accounts now and reopen when I return, or keep them open to preserve my UK credit history?
3. Are there compliance or closure risks if I keep, say, Monzo or Revolut open while I live abroad without updating my address?

I’d love to hear how others in a similar expat/ILR situation have handled their UK bank and investment accounts. Any advice or experience would be really helpful! Thank you all!",padsnknobs,0,0.5,1,2025-06-01 12:57:10,https://reddit.com/r/UKPersonalFinance/comments/1l0n6na/moved_abroad_coming_back_questions_on_acc_closure/,UKPersonalFinance,Reddit
1kg4m9g,Review and advice on my credit history journey in uk.,"

Hello everyone

here is my credit file journey till now.

it's been 8 months since came to UK on student visa.

I have 3 Credits cards

Marble credit card (limit) - £900 Capital Cc - £200 Vanquis - £2500

others PayPal Credit - £1000 Zilch - £200

I report rent through

canopy and creditladder premium of around £600 everymonth.

small loan of £400 from creditspring just for credit building.

£50 saving per month in loqbox for credit building

£20 per month for ee sim contract for 2 years. I use klarna and clearpay as well from time to time.

Bank account I have - HSBC Natwest Monzo Barclay Revolut - not a bank

my salary from part time is around £1300.

my credit scores. Transunion - 565 experian - 723 equifax - 460.

eyes on prime Credit cards (Amex) in UK",maroofied333,0,0.43,3,2025-05-06 14:34:26,https://reddit.com/r/UKPersonalFinance/comments/1kg4m9g/review_and_advice_on_my_credit_history_journey_in/,UKPersonalFinance,Reddit
1j462sq,Alternative to starling bank for saving spaces and interest,"Hi all, 
I had starling because I found it useful to have spaces for my savings. I could have a wedding fund, emergency fund, holiday fund, etc and I was comfortable all of these were getting interest. 

Now with the problems with opening their easy saver and them not allowing multiple spaces I am looking for an alternative to spending abroad but also to keep my emergency fund etc in a high interest rate account. They also told me partner if we close our account they will not be able to open a new one on the future, which came across poorly on their side.

The options I guess are Revolut Monzo, chase and trading212. 

I am leaning towards the trading212 due to their interest and cashback options. 

Does anyone have any strong opinions on why not to use any of the above, or any that they would recommend? 
Cheers",Local_Delay_4605,2,0.75,7,2025-03-05 15:47:53,https://reddit.com/r/UKPersonalFinance/comments/1j462sq/alternative_to_starling_bank_for_saving_spaces/,UKPersonalFinance,Reddit
1j1949y,Using credit cards for/during travel,"I'm debating getting my first credit card, have scanned the wiki but I'm not sure on the ideal approach for me and curious how others use cards.

I'm earning more than I used to and able to make larger purchases, e.g planning on travelling to Japan later in the year. Debating getting a credit card for paying flights and future big purchases, mostly for the security benefits but also cashback/points and credit score. I know, however, that you can get dedicated credit cards with benefits for spending abroad. At the same time, I'm not keen on having more than one card ideally - I'd like to keep it simple.

I'm thinking, is it really worth getting multiple cards? Do others have dedicated cards for travel? Or is there one card that could suit all needs here?

Not sure I've explained this very well, but grateful to any advice from this knowledgeable community!!",Beetlebob1848,0,0.29,7,2025-03-01 20:36:43,https://reddit.com/r/UKPersonalFinance/comments/1j1949y/using_credit_cards_forduring_travel/,UKPersonalFinance,Reddit
1j4t6h7,HSBC Foreign Currency Account vs Global Money Account,"I have a US stock plan account in E\*Trade through my employer. I am currently using Revolut to transfer stock sale proceeds in USD to the UK and then transferring them to Trading212 in USD. I was looking at an additional foreign currency account as a backup. HSBC seems to have two kinds of accounts, does anybody have experience with HSBC to recommend the right one for me?



It's not clear Global Money Account allows transferring \_in\_ money via SWIFT, I can only find information about transferring \_out\_ money via SWIFT. Foreign currency account charges USD 7 for transferring out money, but it looks like the exchange rate is better if I want to convert to GBP.",rganesan,3,0.81,6,2025-03-06 11:13:21,https://reddit.com/r/UKPersonalFinance/comments/1j4t6h7/hsbc_foreign_currency_account_vs_global_money/,UKPersonalFinance,Reddit
1ix8a73,What bank account for Euro inheritance?,"Hi, I am due to receive somewhere in the region of €90000 in the next couple of months from inheritance; the probate and tax returns are being handled by solicitors and accounts in Ireland.

I have been trying to find the best way to receive the money once the solicitors are ready to release it.
Some older threads and blogs advise Starling or Wise as the best options. Unfortunately since Starling aren't accepting applications for Eur accounts at the minute they are out of the running.
And I've seen a few horror stories of Wise being very slow to process transactions at times and the fact that Wise is not a bank I am concerned about how secure the money would be if something was to go wrong.
I have a revolut account and had been planning to use that but again some horror stories people have had has made me nervous.

I could go and get an account with one of the Irish banks but they aren't well regarded by people as being behind the times when it comes to technology and then their fees to exchange the € into £ are not economical.

Are there any other options for me out there that aren't going to charge an arm and a leg for the account, exchange fees and where this kind of sum if money will be safe if something was to go wrong.

Thanks in advance.",echoes675,0,0.5,7,2025-02-24 17:55:56,https://reddit.com/r/UKPersonalFinance/comments/1ix8a73/what_bank_account_for_euro_inheritance/,UKPersonalFinance,Reddit
1jcy95h,Cashing a USD cheque via a GBP bank account,"I have a cheque from a US company that was issued in USD. My main current account (GBP) is First Direct and they've told me that i will be charged £28 to cash the cheque at a branch.

The value of my cheque is $55, so I'm keen to avoid paying such a high fee if possible.

Does anyone have any advice on any possible alternative options? I do also have active accounts with monzo, wise, starling and revolut, but I'm unsure if anything is possible with any of these.

Any help would be greatly appreciated, although I have a feeling I'll just have to pay the aforementioned fee!",thenondreamer,2,1.0,5,2025-03-16 23:00:03,https://reddit.com/r/UKPersonalFinance/comments/1jcy95h/cashing_a_usd_cheque_via_a_gbp_bank_account/,UKPersonalFinance,Reddit
1k51y0h,Payments to LTD in Euros - cheapest way to convert to GBP,"Once a year I get a payment from an EU-based company (Italy) in Euros.  
  
I used to get this paid directly into a LTD Business account in GBP - and then realised I was getting a terrible exchange rate.   
I experimented with a REvolut business account in euros which was a bit more economical. But then Revolut started charging for this account and it wasn't worth the fees for this single payment.

Any other ideas for receiving Euros (as a business) and getting them into GBP - beating the 0.4%-ish FX mark-up from Wise/Tide and other similar outfits?",commevinaigre,2,1.0,2,2025-04-22 10:16:36,https://reddit.com/r/UKPersonalFinance/comments/1k51y0h/payments_to_ltd_in_euros_cheapest_way_to_convert/,UKPersonalFinance,Reddit
1jge3u4,Transferring money UK to Ireland,"UPDATE- Thanks to all for the insight. I used Wise and it was rapid, low fee and incredible exchange rates. Money transferred easily. Cheers!


I have to move £50k from a UK bank account into an Irish Euros one. Can anyone advise on the best way? It would need to be done within a relatively quick time frame, 2 weeks max. I've got a Revolut Premium account and have seen transactions are easy and possible with sums less than £10k- anyone with experience of larger sums? Thanks!",esouthg8,0,0.33,4,2025-03-21 10:56:40,https://reddit.com/r/UKPersonalFinance/comments/1jge3u4/transferring_money_uk_to_ireland/,UKPersonalFinance,Reddit
1jma0v6,First time home buyers looking for best types of saving accounts,So first time posting in here any help would be appreciated. So me and the missus are saving for our first house and are hoping to put our money into a cash isa but neither of us are clued up when it comes to all of this financial stuff. Both have separate banks and are hoping to open separate saving accounts. Have been suggested to use the money box app but im quite sceptical about banks that have no physical branch's like monzo and revolut. So the main question is has anyone any advice on the best banks to go with and if that moneybox is safe? Much appreciation to anyone who takes the time to help out it's all so complicated trying to get started without any help ,TemporaryFig7463,1,0.67,3,2025-03-29 00:27:28,https://reddit.com/r/UKPersonalFinance/comments/1jma0v6/first_time_home_buyers_looking_for_best_types_of/,UKPersonalFinance,Reddit
1kfebgm,Option for OUR SWIFT Fees Not Available,"I'm trying to send money from the UK to Montenegro, but Revolut are saying that I can't select between SHA/OUR SWIFT fee options, despite having previously allowed me to only a couple of months ago. They're saying that it's not possible to select the OUR fee option, but I did exactly this with a previous payment that had all the same details. Apparently as it's a payment to a country in their currency, the only option available is SHA, which means a deduction is made by the recipient bank, rather than my own.

All I want to do is send this payment and ensure that the full EUR amount will be received by the recipient, I refuse to accept that this isn't possible. Has anyone had any experience with this, and/or knows whether it's even legal for Revolut to not offer OUR as an option?",bennyboy599,2,0.67,0,2025-05-05 16:23:12,https://reddit.com/r/UKPersonalFinance/comments/1kfebgm/option_for_our_swift_fees_not_available/,UKPersonalFinance,Reddit
1in6o95,Barclays chargeback need some help and info about it,"Hey,i made a chargeback like 6days ago,I recieved empty box and seller wont respond too me back,so i made a dispute,does barclays call you about updates? Because I can’t see any progress window like in Revolut,anybody can give more info how Barclays disputes work?
",Natural-Lie-8448,0,0.25,6,2025-02-11 19:14:06,https://reddit.com/r/UKPersonalFinance/comments/1in6o95/barclays_chargeback_need_some_help_and_info_about/,UKPersonalFinance,Reddit
1in0fvh,Is it worth the risk ?( safe to pay over the phone ),I have no problem paying over the phone to businesses I am familiar with I regularly visit salons /other businesses etc and pay the deposit for the treatment over the phone so it’s not an anomaly for me but as I am visiting a new place with albeit good reviews ( there are not many ) from my research it seems like a registered business I really want to have a treatment there as not many places do it I just feel a bit unsure as to whether to give my details over the phone ?she said the alternative would be bank transfer ?do you think it’s safe to pay over the phone if it’s not somewhere you have visited before?,WindowSlight4312,0,0.25,6,2025-02-11 14:57:50,https://reddit.com/r/UKPersonalFinance/comments/1in0fvh/is_it_worth_the_risk_safe_to_pay_over_the_phone/,UKPersonalFinance,Reddit
1jzod3s,"UK citizen, getting paid in Euros paying Dutch tax","So I am currently working offshore and have recently recieved my first payslip of the year, and it appears to me that I have paid 40% tax on the money I have recieved. It is getting paid into a NatWest account but I am also losing money for the conversion rate. I do have a Monzo account and I have heard of Revolut, would this be the better move and then just convert in Revolut and then transfer to my Natwest?",Major_Solution8162,0,0.4,1,2025-04-15 11:22:02,https://reddit.com/r/UKPersonalFinance/comments/1jzod3s/uk_citizen_getting_paid_in_euros_paying_dutch_tax/,UKPersonalFinance,Reddit
1ikohm5,Best bank to receive money from abroad,"Hello, my mum will lend me about £30,000 this year. She wants to send in Polish currency to the UK. Which bank has the best exchange rates for me to open an account in? Thank you in advance. ",Carolcia_,2,1.0,5,2025-02-08 14:31:15,https://reddit.com/r/UKPersonalFinance/comments/1ikohm5/best_bank_to_receive_money_from_abroad/,UKPersonalFinance,Reddit
1jw3wzw,PayPal negative balance has been sent to debt collectors,"I'm out of the UK travelling Central America, currently in Guatemala. Little over 7 weeks ago I made a payment online with PayPal via a linked card (Revolut) for a bus ticket, value of £30. At the time the transaction didn't show on my Revolut. Eventually I got a notification from PP that my balance was now negative as the payment didn't go through. 

I tried to pay my balance on PP with a card or linked bank transfer but neither worked, kept showing an error. I figured this was due to me being outside the UK when trying to do this, I was in Mexico at the time. 

I contacted PP via chat at the time informing them of this, they said I would need to call their debt department on a 0800 number as they're not available by chat. I then forgot about this until today when my parents sent me a picture of a letter from a debt collecting agency called Wescot for the money. Thankfully I had set all my bank addresses to be my parents address before I left the UK. 

I've contact PP again about this but again, I need to call their debt department and will do tomorrow morning my local time. 

I ideally don't want this showing on my credit report, have I left it too late for this to be the case? 

In other people's experience what is the best option for me to do here?

Option 1. Just pay Wescot direct and be done with it

Option 2. Settle up on PP ( I could get someone to send me the funds to balance my account) and then inform Wescot that I have settled my balance with PP? ",FuriousToad,0,0.5,1,2025-04-10 18:43:04,https://reddit.com/r/UKPersonalFinance/comments/1jw3wzw/paypal_negative_balance_has_been_sent_to_debt/,UKPersonalFinance,Reddit
1imezf1,Selling house in abroad and receiving money in UK bank account,"Hi everyone, I am in the process of selling a house in Germany. The money will be paid in my UK foreign currency bank account. Could you please let me know if  it is likely that my bank will freeze my bank account for a while e.g., for money laundering checks, etc.? Or will they know that the money comes from a house sale? Does anyone know how long this procedure take in general? All my regular payments, mortgage payment, etc. are done through my current account with the same bank. So, if they decide freezing my account(s) for a while, I have no idea how I can manage my regular payments. Any advice, help would be much appreciated. ",Far_Suspect_4932,0,0.33,5,2025-02-10 19:41:06,https://reddit.com/r/UKPersonalFinance/comments/1imezf1/selling_house_in_abroad_and_receiving_money_in_uk/,UKPersonalFinance,Reddit
1qbasuf,WARNING: Revolut blocked me for following their support’s instructions,"I was a Revolut Metal user in France for a year. When I moved back to Spain (where I’m from), I followed Revolut’s official policy to close my account and open a new one in my new country. 

The Trap: Support explicitly guaranteed in writing: ""You will be able to open your new account without problems"". Relying on this, I closed my primary account. 

The Result: My new application was immediately rejected for ""duplicate accounts"" and ""risk"". Support agents later admitted it was an automated system error but refused to fix it manually. 

I am now effectively banned and left without a bank because I followed their own instructions. I have filed a formal complaint with the Bank of Spain for bad practice. 

TL;DR: Don’t trust support if they tell you to close your account to change countries. You might lose access to your money and the bank forever.

EDIT: I’m just a Student who went to France for exchange, all money came from my Spanish bank (no shady money laundering or weird stuff), I never owed money to Revolut or any merchant and now I’m left out from the bank I recommended to many people who ended opening accounts in Revolut that they keep using until today.

I’ve tried to do everything I could, yet I’m left out",Individual_Leader643,186,0.92,62,2026-01-12 23:21:28,https://reddit.com/r/eupersonalfinance/comments/1qbasuf/warning_revolut_blocked_me_for_following_their/,eupersonalfinance,Reddit
1qfqwm4,"Revolut blocked my account and is refusing to let me redeem €2,000 in RevPoints before closure — despite their own T&amp;Cs","I have never experienced such a disappointing and unfair treatment from a financial institution.

I was a **long-term, paying Revolut Ultra customer**, including a paid subscription, and I **always provided every single document they asked for**, promptly and in full. Despite this, my account was repeatedly restricted, blocked, and eventually closed with **no clear explanation**, no transparency, and no realistic support.

The final and most shocking part: Revolut is now **refusing to let me redeem my RevPoints**, worth **approximately €2,000 in Amazon vouchers**, even though **their own Terms &amp; Conditions clearly state that points can be redeemed until the account is officially closed**. My account is still within the closure period, yet they simply disabled the feature and hide behind “technical limitations”.

Support is a nightmare:

* Endless chats with different agents
* Constant copy-paste replies
* No accountability
* No escalation that actually leads to solutions
* Managers repeating the same scripted answers

At no point did Revolut act like a serious bank. There is **zero customer protection**, zero flexibility, and zero respect for loyal clients. They lock features, block cards, restrict access, and now attempt to **confiscate loyalty points that I already earned and paid for**.

If you value:

* Legal certainty
* Access to your own money
* Fair treatment
* Real customer support

**Do not use Revolut.**  
What they advertise and how they actually treat customers are two completely different things.",Few-Tension4721,14,0.65,11,2026-01-17 22:29:55,https://reddit.com/r/eupersonalfinance/comments/1qfqwm4/revolut_blocked_my_account_and_is_refusing_to_let/,eupersonalfinance,Reddit
1orw13e,Revolut as a bank and to invest with ETF (VCWE),"Hello, I am from spain and im creating this post because i love revolut for day to day activities and im also investing in VCWE ETF, only DCA into VCWE, 0 comission fees because you have 1 free per month, and i dont need more.

The problem is that every post i see about revolut, gets hate and everyone tells to move your money from revolut or to use another broker for investing, like TR, Degiro, etc, but i really like revolut and is free for the DCA into VCWE strat, so i just want to really know what the problem is on using revolut like i do, everyone says that revolut closes accounts for no reason and you dont have to keep a lot of money in it, but i dont think they will close my account if i dont do p2p, and i only get valid sources of money, like my job, so i just want to know if even with my situation you would switch to degiro for example.

Thanks!",Jotus_lol,13,0.76,22,2025-11-08 18:02:49,https://reddit.com/r/eupersonalfinance/comments/1orw13e/revolut_as_a_bank_and_to_invest_with_etf_vcwe/,eupersonalfinance,Reddit
1ogt3rg,Long-term investing with Revolut: good idea or better to switch?,"Hey everyone,

I live in Germany and have been investing through Revolut for a while, mainly in stocks, ETFs, and some precious metals.
So far everything has been fine and I actually like the app quite a lot.

My plan is to invest long-term (25+ years), pure buy &amp; hold, no short-term trading.
But lately I’ve been wondering how suitable Revolut really is for that kind of long-term investing.

How safe and reliable is Revolut in the long run?
Is it, in your opinion, a solid platform for long-term investing or more something for short-term or beginner investors?

I’m also curious if there are better alternatives- something with similar or low fees, but maybe more stability or security.
I don’t want an expensive broker, but if switching would make sense long-term, I’d seriously consider it.

Revolut also gives the option to transfer all assets to another broker, such as:
Interactive Brokers, Saxo, Trading 212, Freetrade, Degiro, or Lightyear.
If Revolut isn’t ideal for long-term investing, which one of these would you recommend and why?

Would really appreciate hearing your experiences or thoughts:  Stay or switch?

Thanks in advance 🙌
",YakYaslaPovni,6,0.69,25,2025-10-26 19:10:46,https://reddit.com/r/eupersonalfinance/comments/1ogt3rg/longterm_investing_with_revolut_good_idea_or/,eupersonalfinance,Reddit
1qax5k9,Convincing Revolut that I'm not an American,"Hi folks.

Slightly unusual one - I am a British citizen with no other citizenships &amp; I have never lived in the US.

Revolut has started refusing incoming USD wires from one of my US brokerage accounts (proceeds from RSU sales). All relevant documentation has been filed, including passport, European ID card, W8-BEN, etc.

Revolut is now also repeatedly asking me to confirm my tax residency &amp; citizenship information. I get the distinct impression that they have somehow got it into their heads that I'm an American (which I'm definitely not).

I assume that some sort of AML tripwire has been hit and there's probably also a SAR so that Revolut can't tell me about it (support threads to Revolut progress for a bit, and then hit a brick wall and are abruptly closed with no resolution).

How do I clear this up? If there's a missing doc that needs to be supplied then no problem. There's a full transaction history of everything and I can completely account for all of the funds.

But they won't talk to me and explain any of this.

Anyone got any ideas? Is this financial ombudsman (or whatever the EU equivalent is) territory?",benevanstech,14,0.9,8,2026-01-12 15:01:31,https://reddit.com/r/eupersonalfinance/comments/1qax5k9/convincing_revolut_that_im_not_an_american/,eupersonalfinance,Reddit
1q7tune,Revolut Or Wise Which one is better,"So tried making a Paypal account I'm from Croatia and I cannot connect my bank account with Paypal it asks me for US bank account with a 9 digit code for a Routing number now don't if that can be fixed.

So I'm asking which one better for international payments Revolut or Wise so can use it if I want buy services without using my card taping my phone number and stuff like that

Revolut or Wise Which one should I choose.",Hour_Row_2193,4,0.67,9,2026-01-09 00:55:37,https://reddit.com/r/eupersonalfinance/comments/1q7tune/revolut_or_wise_which_one_is_better/,eupersonalfinance,Reddit
1q6m67d,Helping a non financially literate friend (Revolut for investing?),"I am trying to help a friend (who has never invested and does not have savings to speak of) to make some sort of savings plan. Ideally this has to be really simple so that they have no difficulty adhering to it consistently. As such ease of use is essential, even if this means that this is not the absolute most efficient method. If it is relevant, we are located in an EU country with EURO currency. My friend is aged 40 and the idea is to have some savings in the 'longish' term future (ie. the horizon is therefore 15-20 years minimum)



My suggestion is very simple: have a fixed monthly amount (probably around \~5% but that is to be discussed, and amount is not really relevant) automatically deducted when the salary comes in and deposited on Revolut and invested in VWCE each month.  

  
The 2 main points worthy of discussion I see are 'Revolut' and 'VWCE':

1. I know Revolut is not an ideal broker, but this person does not have accounts with any investment platforms or with banks that have investments platforms.  They already use Revolut for personal use, so would be somewhat familiar with the app. Adding in the requirement to learn  how to use a platform (as well as the complications of actually transferring funds to the platform etc) will probably cause them to give up on the plan. I believe that if this plan works and after some years there is a sizeable amount saved, at that point it will be easier to convince the person to move the investments to a 'serious' broker, should that preferable... 

2. I know there are other options to VWCE nowadays, but they all seem to have certain caveats. Additionally I use VWCE myself, and explaining that fact might be enough to make the person feel more secure.  If there are better options, I am happy to hear about them, but it is important that it is one instrument only (adding more will only complicate matters)...

  
Those are my current ideas, but I would appreciate any input and criticism before I actually pass this on to them.",comatsu,5,1.0,9,2026-01-07 17:47:23,https://reddit.com/r/eupersonalfinance/comments/1q6m67d/helping_a_non_financially_literate_friend_revolut/,eupersonalfinance,Reddit
1jnb8ke,Why should I invest in VUAA via IBKR (2.5 euro per transaction) over Revolut's one free investment per month?,"I'm trying to understand the trade-offs between brokers. On Revolut, I can invest in ETFs commission-free (once a month), which seems really attractive—especially for small, regular investments. 

On the other hand, IBKR charges around €2.5–€3 per trade on this particular ETF (VUAA EUR).

Should I use Revolut for this one?",Steve15-21,18,0.79,48,2025-03-30 13:21:26,https://reddit.com/r/eupersonalfinance/comments/1jnb8ke/why_should_i_invest_in_vuaa_via_ibkr_25_euro_per/,eupersonalfinance,Reddit
1nawu3g,Amex Platinum vs Revolut Ultra,"Hi all, I am based in Vienna Austria, and I travel a lot but mostly like 95% inside Europe (that percentage will start dropping from next year onwards to more international flights). I am interested in either Amex Platinum or Revolut Ultra mostly for traveling. 

I’m talking about airport lounges (companion included would be perfect), travel insurance, points, flight/hotel/bookings/business class upgrade etc. which card would be better in this case?

Also one thing that i keep getting mixed reviews is Amex being/not being accepted in Europe, how true is this?

Looking forward to hearing your thoughts!",Solid-Mix-5174,21,0.92,23,2025-09-07 16:54:50,https://reddit.com/r/eupersonalfinance/comments/1nawu3g/amex_platinum_vs_revolut_ultra/,eupersonalfinance,Reddit
1pu9sm2,Revolut flexible savings,"Revolut offers a flexible savings product which basically involves investing in a low volatility fund which offers a consistent return paid out daily into my Revolut account. 

Why does investing in such product in different currencies earn me a different ‘interest rate’ (to me its more of a daily yield as such rate is basically the fund’s return and subject to fluctuations. For example, GBP will earn one 3.5% APY whereas EUR will earn one 1.77% APY currently.",Inasal-Bacolod-1349,16,0.94,6,2025-12-24 00:34:29,https://reddit.com/r/eupersonalfinance/comments/1pu9sm2/revolut_flexible_savings/,eupersonalfinance,Reddit
1nij17k,Trade Republic vs Revolut for savings,"I'm very risk averse so I don't invest everything that I save in a month, what I do invest I put into standard ETFs on TR. I also see myself possibly needing this non-invested amount in the short to medium term so it probably doesn't make much sense anyway. Would you consider Trade Republic or Revolut 'safer' for the deposits? We're not talking about 100K+ here so it all falls well under the deposit guarantee but TR stores most of my money (after 5K) in a Blackrock fund and as far as I understand, the deposit security for Revolut is via the Lithuanian guarantee scheme. Which of these is safer? I want to use Revolut for everyday spending because I like the different accounts feature so I can track my spending better. Whatever is left over after expenses+investments would go into this savings account which would then either be a seperate revolut account or TR which I dont want to access with a card.",Possible_Fennel_4960,11,0.78,20,2025-09-16 15:27:58,https://reddit.com/r/eupersonalfinance/comments/1nij17k/trade_republic_vs_revolut_for_savings/,eupersonalfinance,Reddit
1o8ilio,Adding money to Revolut account with credit card and Taxes,"I have a prepaid card  that is linked to my Google pay (from another country not in the EU) where my father sends money to me every month as a kind of help ( I just arrived from another country to Germany), I know that gifts from parents don't pay taxes up to 400.000€ every 10 years ( he will not even send more than 400,00€ every month) if he sends money there and I use that money to deposit funds in my Revolut account do I need to pay taxes from it?",samespinoza96,2,0.63,15,2025-10-16 22:18:27,https://reddit.com/r/eupersonalfinance/comments/1o8ilio/adding_money_to_revolut_account_with_credit_card/,eupersonalfinance,Reddit
1qiampe,Investing in VWCE from Poland (XTB). Deposit in PLN or EUR? Revolut vs bank card?,"Hi everyone,

I live in Poland (tax resident here) and I’m about to invest around €4,000 (16,000 PLN) into VWCE using XTB.

I’m a beginner and I’m a bit confused about the best way to deposit + currency exchange.

My questions:

	1.	Deposit method:

Is it better to deposit to XTB using a bank transfer, card payment, or using Revolut as a “middle step” (so I don’t have to use my main bank account directly)?

	2.	Currency:

Since VWCE is traded in EUR, should I deposit EUR directly, or can I just deposit PLN and let XTB convert automatically when buying?

	3.	Fees:

If I deposit PLN and buy VWCE in EUR, does XTB do an automatic conversion with a bad exchange rate?

Would it be cheaper to convert PLN- EUR in Revolut first and then deposit EUR?

	4.	Taxes in Poland:

Is it more complicated tax-wise if I’m buying in EUR while living in Poland, or is it basically the same (profits/losses converted to PLN anyway)?

If anyone in Poland is investing in VWCE with XTB, I’d appreciate any real experience.

Thanks!",Dry_Negotiation_173,6,0.81,1,2026-01-20 19:20:39,https://reddit.com/r/eupersonalfinance/comments/1qiampe/investing_in_vwce_from_poland_xtb_deposit_in_pln/,eupersonalfinance,Reddit
1p6kad8,Anyone saving via local Revolut branch?,"Depending on the plan Revolut offers up to 4.5% savings interest (Belgium) but its not clear to me if deposit insurance (up to 100keur) is covered by their local branch in the EU member state where they operate or their Lithuanian entity.

Thanks for any comments",bel2man,1,1.0,8,2025-11-25 18:29:46,https://reddit.com/r/eupersonalfinance/comments/1p6kad8/anyone_saving_via_local_revolut_branch/,eupersonalfinance,Reddit
1pupwps,"How do Polish residents handle taxes when using Revolut, IBKR, or Freedom Finance?","How do Polish residents handle taxes when using Revolut, IBKR, or Freedom Finance?",ashanaakh,10,0.92,2,2025-12-24 15:27:54,https://reddit.com/r/eupersonalfinance/comments/1pupwps/how_do_polish_residents_handle_taxes_when_using/,eupersonalfinance,Reddit
1lwfhul,30k USD on Revolut - what to do best?,"Hi, 

Due to selling company stocks, I have \~30k USD on Revolut.

In the past I used to convert to euro and transfer them to my bank account before investing in VWCE via Flatex

Due to the current low dollar value I'm hesitating to do the same - but I feel like it would also be bad to ""just sit"" on the money and hope for the dollar to rise again.

Since I'm very much a beginner in investing, I'm wondering what the community here thinks would be the best to do.",Flaky_Pass_608,15,1.0,17,2025-07-10 16:22:29,https://reddit.com/r/eupersonalfinance/comments/1lwfhul/30k_usd_on_revolut_what_to_do_best/,eupersonalfinance,Reddit
1mjul7h,Trade Republic or Revolut for traveling to JAPAN from EUROPE,"I’m traveling to Japan in a couple of months and I’m trying to figure out the best way to manage my finances while abroad. I plan to bring some cash just in case, but my current bank doesn't offer good currency exchange rates or favorable conditions for international payments.

I’ve been looking into **Trade Republic** and **Revolut** as alternatives, since both seem to have good advantages for travelers. From what I read:

* **Trade Republic** offers commission-free card payments abroad using the VISA exchange rate. It also allows **free ATM withdrawals over €100** (as long as the ATM itself doesn’t charge a fee).
* **Revolut** also offers commission-free payments in foreign currencies, with the exception of a **1% fee on currency exchanges made over the weekend**. It allows **up to €200 in ATM withdrawals per month for free**, after which fees apply.

From what I understand, I should be able to withdraw the **equivalent of &gt;€100** (TR) **or €200** (Revolut) **in yen** without extra fees, but I’m not completely sure how this works in practice.

**Has anyone used either of these services in Japan recently and can confirm how withdrawals and payments work there?**  
Any advice or tips would be really appreciated.

Thanks!",riverisback,6,1.0,14,2025-08-07 09:32:16,https://reddit.com/r/eupersonalfinance/comments/1mjul7h/trade_republic_or_revolut_for_traveling_to_japan/,eupersonalfinance,Reddit
1mkqntz,"Realistically how much should we Albanians wait for services such as Revolut, Wise, etc to join our market after we integrate in SEPA (in October)","Realistically how much should we Albanians wait for services such as Revolut, Wise, etc to join our market after we integrate in SEPA (in October)",Stoic_Coder012,25,0.83,11,2025-08-08 10:31:13,https://reddit.com/r/eupersonalfinance/comments/1mkqntz/realistically_how_much_should_we_albanians_wait/,eupersonalfinance,Reddit
1ltgbhw,Evaluating alternatives to Revolut for a 20+ year passive ETF investment plan (Part 2),"Following up on my previous post where several users recommended **Trade Republic**, **Trading 212**, and **XTB** as solid brokers for ETF investing — thanks again to everyone who replied!

I’ve spent the last few hours comparing them more closely, and here’s what I’ve found:

* **Trade Republic** and **Trading 212** seem to stand out when it comes to **low fees**, **easy-to-use platforms**, and **solid regulation** (BaFin and FCA, respectively).
* **XTB** is attractive for its 0% commission offer (under €100K/month), but the platform feels more geared toward active traders and less intuitive for a long-term passive investor like me.

As I’m planning to **invest €200–300 per month over the next 15–20 years**, I’m mostly focused on **accumulating S&amp;P 500 ETFs**. That brings me to the next decision: **VUAA** (Vanguard) vs **SXR8** (iShares) also **WEBN (Amundi)**. All them are accumulating, have the same **TER (0.07%**), and track the exact same index except for **WEBN** which is All World exposition. To me, this feels a bit like choosing between Coca-Cola and Pepsi — similar products with slightly different branding and details.

So now I’d love to hear your thoughts:

1. Between **Trade Republic**, **Trading 212**, and **XTB**, which one have you found best for long-term, simple ETF investing?
2. Do you think there’s any **practical advantage** in going with **VUAA** over **SXR8**, or vice versa? Or would it be better to pick **WEBN** for All World exposition?

Really appreciate any insights or experiences you can share. Thanks again for the help — this sub has been great!

**TL;DR:**  
Already compared Trade Republic, Trading 212, and XTB based on earlier suggestions. TR and 212 seem easiest and cheapest for passive investing. Now debating between **VUAA** and **SXR8** for long-term S&amp;P 500 exposure or **WEBN** for All World exposition. Thoughts?",xResearcherx,13,1.0,15,2025-07-07 01:19:10,https://reddit.com/r/eupersonalfinance/comments/1ltgbhw/evaluating_alternatives_to_revolut_for_a_20_year/,eupersonalfinance,Reddit
1ojukd6,Revolut DKK account for personal EUR expenses?,"I have a revolut account that within time evolved to our joint account with my partner, we mainly use it for dinners or travels and when we're together it works fine. I use it for personal expenses as it's convenient to use the disposable card for online purchases. 

What I usually do is for example if I buy something of 50€, I immediately top up the same amount from my personal bank account.

I was thinking of creating a separate account in a EUR pegged account (like DKK) for my personal expenses but not sure if this is a good idea. I will almost always pay online and in EUR so I guess there is a small risk of weekend rates. What do you guys think?",Flowech,1,1.0,3,2025-10-30 08:56:51,https://reddit.com/r/eupersonalfinance/comments/1ojukd6/revolut_dkk_account_for_personal_eur_expenses/,eupersonalfinance,Reddit
1n3w7vx,N26 vs Revolut vs Classic Bank,"Hello everyone, I am an international student going to Germany. I was wondering where I should open a bank account. Should I open an account with N26, Revolut or a classic bank like DB or Commerzbank. I have read a lot of negative experiences of N26, but a lot of people still recommend it. Please help me out.",Vidit_Jadav,8,0.91,7,2025-08-30 09:14:01,https://reddit.com/r/eupersonalfinance/comments/1n3w7vx/n26_vs_revolut_vs_classic_bank/,eupersonalfinance,Reddit
1nqvkbi,Where do you actually earn more on idle cash: Vivid / Revolut / etc?,"I’m looking into different fintech business accounts in the EU (Vivid, Revolut, etc) to see where idle balances actually earn more. Vivid advertises a fixed 4% on their interest account (or 5% variable rate), while Revolut offers different % according to the currency; both invest the funds in MMFs.  
  
Has anyone here tested either or both of these in practice?   
  
Any other suggestions are very welcome, I'm looking to find a reliable, all-in-one business account ideally offering a good investment option as well. ",finops_greg,11,1.0,2,2025-09-26 09:06:41,https://reddit.com/r/eupersonalfinance/comments/1nqvkbi/where_do_you_actually_earn_more_on_idle_cash/,eupersonalfinance,Reddit
1myu0sk,"[DE] Is it worth paying ~1% yearly for cominvest / Revolut robo-advisors, when the 0.75% fee just eats into capital gains?","Hi everyone,

I’m based in Germany and currently exploring robo-advisors. Both cominvest (Comdirect) and Revolut’s robo-advisor charge around 0.75% service fee + product costs (~1% total p.a.).

My main concern: this 0.75% recurring fee eats directly into capital gains every single year. Over 10–20 years this compounds into a very big cut of performance.

My questions:

Is it really worth paying ~1% yearly in service fees just for automation and rebalancing?

Has anyone here tried investing a small portion (say 10%) into a robo-advisor just to see how they rebalance, then manually mirroring the same allocation with the rest of their capital?

Do cominvest or Revolut notify you when they rebalance, or would I have to constantly check manually?


I’d love to hear from others in the EU who’ve used these services or cheaper alternatives like Quirion, Scalable, Growney, etc.

Thanks in advance",ramysiha,0,0.4,4,2025-08-24 13:15:30,https://reddit.com/r/eupersonalfinance/comments/1myu0sk/de_is_it_worth_paying_1_yearly_for_cominvest/,eupersonalfinance,Reddit
1nglghs,Gold in Revolut standard vs IBKR,"I am a non-EU national and used to live outside the EU. I have an IBKR account, and I moved recently to the EU (Netherlands) and opened a Revolut account for daily transactions. 

I have some money set for the annual spending and decided to buy gold with a portion of it. 

If I buy gold directly through Revolut standard, the fee is a bit high. Yet I'm not interested in the paid plans since I'm not interested in the other features. 

I am considering sending this money to IBKR and opening a sub-account only for this purpose. Does this sound like a wise idea? any issues to know of? tax implications? 

",oshamleh,2,1.0,0,2025-09-14 09:03:56,https://reddit.com/r/eupersonalfinance/comments/1nglghs/gold_in_revolut_standard_vs_ibkr/,eupersonalfinance,Reddit
1j6j9mk,Can I withdraw USD from IBKR to Revolut for currency conversion?,"I receive dividends in USD on Interactive Brokers and want to withdraw the funds to my bank account in EUR or PLN. Since IBKR charges a $2 fee for currency exchange, I’d like to avoid this cost.

Would it be possible to withdraw USD from IBKR to my Revolut account, convert the funds there, and then transfer them to my bank account?

Is there a fee for transferring USD from IBKR to Revolut?

Additionally, my USD Revolut account has a Lithuanian IBAN, but I’m not Lithuanian. Could this cause any issues with IBKR?

Any insights or experiences would be greatly appreciated!",0thisismax,12,0.85,16,2025-03-08 15:16:51,https://reddit.com/r/eupersonalfinance/comments/1j6j9mk/can_i_withdraw_usd_from_ibkr_to_revolut_for/,eupersonalfinance,Reddit
1lt7jvz,Evaluating alternatives to Revolut for a 20+ year passive ETF investment plan,"Hello,  
I'm in the early stages of building a passive long-term investment portfolio and have been using Revolut to invest monthly in VUAA (Vanguard S&amp;P 500 UCITS ETF Accumulating). I make a single monthly contribution and chose Revolut for its ease of use and no-commission tier (1 trade/month).

However, I'm growing concerned due to frequent reports of account freezes, poor customer service, and lack of transparency in spreads or hidden charges. Since my investment horizon is at least 20 years, I'm seeking a platform that provides long-term reliability, proper asset custody, and good investor protections.

Are there better-regarded alternatives for passive ETF investing in the EU (or Spain specifically)?  
Thank you in advance for your insights and suggestions.",xResearcherx,12,1.0,5,2025-07-06 18:57:52,https://reddit.com/r/eupersonalfinance/comments/1lt7jvz/evaluating_alternatives_to_revolut_for_a_20_year/,eupersonalfinance,Reddit
1j1yra9,Transitioning from Revolut to Trade Republic,"Hey guys, does anyone know how transitioning from investing accounts works? I'm interested in moving from Revolut to Trade Republic. 

I have about 2k in bitcoin on Revolut; this is based on 50% value I purchased when the bitcoin was around 40k, so I'm really trying to hold onto that evaluation. (If that doesn't make sense - please educate me, as I'm a complete noob).

What would you suggest for me? As additional info (if important) I'm a non-EU guy who's been living in NL for ages based on a work permit.

The whole reason for this is I'm searching for a way to accumulate interest on my savings (currently sitting at 10k in ING w/o any interest, want to put it somewhere at a good % - heard TR is good for it). You could also say that I should put it in Revolut - if so, why?",Humble-Protection-98,9,0.84,12,2025-03-02 19:13:25,https://reddit.com/r/eupersonalfinance/comments/1j1yra9/transitioning_from_revolut_to_trade_republic/,eupersonalfinance,Reddit
1lgvkvg,Investing through Revolut,"I have seen many mixed opinions about investing through Revolut. Recently, I opened an investing account there and have put some money in S &amp; P 500. Are there any hidden fees, as I trade commission free, because I have a Metal subscription and I do not pay currency exchange fees? ",Objective_Net_7567,0,0.5,3,2025-06-21 13:37:59,https://reddit.com/r/eupersonalfinance/comments/1lgvkvg/investing_through_revolut/,eupersonalfinance,Reddit
1juyyz2,Price difference between Revolut and Google,"Hey,

I was talking with a friend yesterday and we noticed this, does anyone know why there is this difference between prices in Revolut app vs the official price in VWCE? We even checked the market closed.

At this moment there is a difference of 7e

Thanks!",JaviLP,0,0.5,9,2025-04-09 07:08:41,https://reddit.com/r/eupersonalfinance/comments/1juyyz2/price_difference_between_revolut_and_google/,eupersonalfinance,Reddit
1jucb75,Diversification of savings into Revolut flex account and...?,"Hello, I want to diversify my savings which mostly are on the Revolut flex savings account (\~4.3% APY) insured up to 22K.

I need 4-5 other products to split it up into, which are so easy and reliable (and also give approx the same or even more % than Revolut). They must be insured like it aswell up to a certain amount. With Revolut I can add or withdraw anytime which is also convienent.

What can you suggest?",Historical-Tone-1691,1,1.0,0,2025-04-08 13:26:51,https://reddit.com/r/eupersonalfinance/comments/1jucb75/diversification_of_savings_into_revolut_flex/,eupersonalfinance,Reddit
1qdjf3m,Under no circumstances ever use Trade Republic. It's beyond a scam.,"I have been trying for weeks now to withdraw my money, they're stuck in stocks that I can no longer even manipulate, if the stocks go down, or if I was planning to pull out at some point, well I can't, I have to take it. 

The app says ""something went wrong"" on almost everything I click. It requires me to do an identity check but says ""something went wrong"" when I click to do it. There are different ways to try to access support, but the help page never loads for me in the app, unless I click through from their website (which says support is only available through the app), however accessing support there is also impossible either is says access denied or it says ""something went wrong""

There is an email, however it will always just reply with an automated messaged saying ""we went through your message carefully, however you need to contact support through the app"". That is even if you just send them an email like:

""APP SUPPORT IS INACCESSIBLE TO ME PLEASE HELP ME HERE APP IS BUGGED""

  
There is a phone line, but it is also fully automated with no way to get a human, it only exists to report stolen phone / account. And for all other issues tells you to go the app. 

The only options are to go the legal route which means again, my funds are invested in stocks that I don't want to be invested in anymore, but I have to wait months for the resolution of this. All because they literally have absolutely no venue to get support. 

",Left_Somewhere_4188,154,0.88,52,2026-01-15 13:24:50,https://reddit.com/r/eupersonalfinance/comments/1qdjf3m/under_no_circumstances_ever_use_trade_republic/,eupersonalfinance,Reddit
1n315h5,Which is the best European trading platform in 2025?,"I know this question has been asked many times (and yes, I can use search), but I wanted to reiterate it with the most latest data and personal opinions, since I actually feel like I might be about to change my broker.



At first I was convinced that Trade Republic is one of the better options - the interface is smooth, I never really ran into technical issues. But after reading so many comments about poor, non-responsive support (especially in those stressful cases when accounts get blocked for AML checks), I started to doubt it. I understand regulations are strict, but in moments like that empathy towards clients really matters.



Then there’s IBKR. I’ve been using it for years, and yes, it works and trusted but .. it feels unnecessarily complicated. I don’t even mean the design, I don’t need shiny buttons, but the way they name everything. Their language is so over-engineered that I still struggle to quickly find what I need. Even their emails take time to decode what they really mean.



So, what do you think - who is actually the best European broker in 2025? Something smooth enough to use day-to-day, but also reliable, and with support that actually answers when needed?",Ok_Combination_895,85,0.9,102,2025-08-29 08:45:15,https://reddit.com/r/eupersonalfinance/comments/1n315h5/which_is_the_best_european_trading_platform_in/,eupersonalfinance,Reddit
1nig2fq,European banks acessible to all EU residents,"Hi guys!

Do you think we can make a list of european banks that are accessible online to all EU residents. Do you think it is possible to reach at least 30 banks?

1. Revolut
2. Advanzia Bank
3. Bunq
4. MeDirect
5. ?

I Will edit until I reach 30 (see below)",Total_Scratch8198,54,0.83,75,2025-09-16 13:28:10,https://reddit.com/r/eupersonalfinance/comments/1nig2fq/european_banks_acessible_to_all_eu_residents/,eupersonalfinance,Reddit
1o5iar3,"Best Way to Invest an Emergency Fund (€40,000) for Safety and Returns in Germany/Europe?","I have around 40,000 EUR in my German bank account, which is not earning anything. This is my emergency fund, and I’d like to make it work for me—without risking loss or sacrificing liquidity.

What’s the best way to park this fund so it stays safe, instantly accessible, and earns a reasonable return? Is it worth considering high-yield accounts like Revolut or Trade Republic, or should I use several banks to stay under the guarantee limits? Any recommendations for 2025 options that balance safety, yield, and access?",Appropriate-Paint-81,50,0.91,61,2025-10-13 13:27:06,https://reddit.com/r/eupersonalfinance/comments/1o5iar3/best_way_to_invest_an_emergency_fund_40000_for/,eupersonalfinance,Reddit
1o67jj9,15k “doing nothing” on my bank account — what’s the smartest move before buying a home in 2 years?,"Hi everyone,

I’m in Hungary, planning to buy my first apartment in about **2–2.5 years**. Right now I’ve got about **€15,000 worth of HUF** just sitting in my bank account doing absolutely nothing + I save around **€750 per month** on top of that.

Since all this will go into a **down payment**, I don’t want to gamble it, but I’d love to **earn something** instead of losing value to inflation.

Any suggestions for a **short-to-medium-term, low-risk** strategy in this situation?

I’ve been thinking about:

**- ETFs:** but that is taxed here if withdrawn in 2 years  
**- short-term government bond:** the only one available under 2 years is an Euribor based one ending in 2026.09  
\- **bank-offered investment funds (like open-end mutual funds)**, or even **“high-yield” savings accounts** (Hungarian banks often advertise such funds as “safe investments,” but I’m not sure if they really are)  
\- or maybe something like **Revolut’s savings vaults**, but not sure what makes sense from Hungary/EU perspective.

What would you do?",mate9935,57,0.91,55,2025-10-14 06:56:45,https://reddit.com/r/eupersonalfinance/comments/1o67jj9/15k_doing_nothing_on_my_bank_account_whats_the/,eupersonalfinance,Reddit
1q6c2gv,Young and Stupid,"Hello world,

First of all, i want to say sorry if this text screams AI, it is, im not fortunate enough to write fluent or not chaotic (as you will see) in english, but working on it.
Summary in the End.

I am 22 years old and from Austria. In the past, I really struggled with money management, I mostly just bought random stuff instead of thinking about the future. I realized pretty quickly that this wouldn’t lead anywhere, so I started investing about 6 months ago.
Now I have a bit of a dilemma. I currently have around €4,800 in Revolut (up about 8%). After doing more research lately, I’ve realized Revolut might not have been the best choice for a long-term broker. My main bank is Sparkasse, but I can’t transfer my ETFs or stocks from Revolut to them. Also, the fees at Sparkasse seem much higher and a bit confusing compared to online brokers.
I can afford to invest €500 per month. 

My future plan for the monthly would be:
• €250 VWCE
• €150 switching every month between VGWD and IUSA
• €100 individual stocks of my choice

I’m feeling a bit lost on what to do next. Should I cash out everything from Revolut and start fresh elsewhere? Or should I just let that money sit there and find a better online broker for my future monthly buys?
To be honest, I’m still learning how to take better care of my money. I started a list this year to track my spending, and I can save an additional €500 per month in my normal bank account for emergencies. Currently, I only have around €100 in my actual savings account, as almost everything is in Revolut.

My Revolut portfolio breakdown:
• 40% IUSA
• 30% FVSJ
• 10% APLD (up 30% in the last 10 days)
• 20% smaller positions like VWCE, QUTM, COP, and MSFT.
I’d really appreciate some advice on how to clean this up and set myself up properly for the future.



Summary:
• The Problem: 22yo in Austria with €4.8k on Revolut. Realized Revolut is bad for long-term, but main bank Sparkasse is too expensive also.
• The Portfolio: Too many overlapping ETFs (VWCE, IUSA, VGWD) and very low cash savings (€100).
• The Goal: Invest €500/month properly and additional build an emergency fund.
• The Question: Should I sell everything on Revolut and move to a better broker, or just leave it and start fresh?

What should i do


[View Poll](https://www.reddit.com/poll/1q6c2gv)",lufa003,2,0.58,43,2026-01-07 10:37:10,https://reddit.com/r/eupersonalfinance/comments/1q6c2gv/young_and_stupid/,eupersonalfinance,Reddit
1o77177,"I saved €15,000 and not sure what to do with it. I need some investment advice","Hey everyone,

I’ve managed to save around €15,000 over the past few years, but now I’m stuck on what to do next. I don’t want to just leave the money sitting in my account losing value, but I also don’t want to risk it without knowing what I’m doing.

  
A bit of context:

No debt

Stable income (able to save a few hundred euros each month)

No investing experience so far

Don’t need the money anytime soon (thinking more long-term, like 5–10 years)

I’m wondering:

Does it make sense to start investing in stocks or ETFs (through platforms like Trade Republic, Revolut, Degiro, etc.)?

Should I look into something more conservative like bonds or index funds?

Or maybe explore alternatives such as real estate, crypto, or even a small business?

",Alexman92,28,0.83,55,2025-10-15 11:11:06,https://reddit.com/r/eupersonalfinance/comments/1o77177/i_saved_15000_and_not_sure_what_to_do_with_it_i/,eupersonalfinance,Reddit
1qrzhi6,Looking for an Dutch or EU cross border bank that offers a good savings product AND has reliable customer support,"Maybe I'm looking for a unicorn, but I'm noticing a pattern that the banks (mostly neobanks) that offer good interest rates (2% and above) are also notorious for having terrible customer support and locking your account for no reason (Revolut, Trade Republic, Bunq, N26, etc).

So I'm wondering if anyone has a **good suggestion for a bank that offers good savings and won't screw you on the customer support** ? I've searched the sub, and most of the suggestions are TR and Revolut, which makes me think these posts are being swarmed by bots. So I'm looking to just avoid them completely.

  
Thank you!

Edit: fixed some bad grammar",CarefullEugene,5,0.69,25,2026-01-31 11:01:05,https://reddit.com/r/eupersonalfinance/comments/1qrzhi6/looking_for_an_dutch_or_eu_cross_border_bank_that/,eupersonalfinance,Reddit
1nu9qzq,Never Use Trade Republic,"Another Trade Republic horror story.

  
Seriously, folks, never use them. Their customer support is non existent and just sends sends the same replies, not reading what I wrote. First they send me automated messages that my documents are ""failed"" with no ability to reply to these messages. I use the complaints email and they say 'talk to us in the app' but there is no chat function I can find.

Eventually, after scouring the internet I find there is a chat function but only to report deposits that don't work. I try my luck and do seem to get through to some kind of chat function even if it's just an AI chat bot at least it's in real time... wait, no it's not. There are HOURS between messages.

They keep asking for proof of my 'one time income' despite having my current account bank statements and payslips showing I am a full time employee with no other income. They then ask for a BWA... I don't have a BWA as I don't run a business because... I am a full time employee. The agent then closed the chat and I was unable to reply or ask further questions.

  
I've fortunately withdrawn all my funds before they freeze my account. But I warn you all, never use them and close your account now before they freeze your funds because some computer can't read your payslip.",DLoRedOnline,75,0.88,38,2025-09-30 11:39:45,https://reddit.com/r/eupersonalfinance/comments/1nu9qzq/never_use_trade_republic/,eupersonalfinance,Reddit
1ofrmcy,"Trade Republic, is the hate justified?","Hello everyone. Before I continue I just want to say that I have been a customer of revolut since 2018 and  Trade Republic since last year.

Today, it was the first day that I needed to seek support from Trade Republic and I must say that I started to get nervous due to the amount of the complains that I read in this subreddit and threads of avoid Trade Republic and etc...

I chatted with the AI Agent for 2 phrases and then it passed to a real agent. They said they were going to investigate, asked me a question, I answered it and it was solved. 
No drama, no problems, nothing.

Now, this was only the first time and maybe I was lucky but the amount of complaints that are on this subreddit isn't due to weird/shady transactions?

I feel if you have a proper proof of income and provide all documents you will have the same issues as a normal bank.

TLDR: Trade Republic is a bank as others. Don't do anything shady and you will be fine.",Living-Abrocoma-1693,27,0.72,41,2025-10-25 14:31:09,https://reddit.com/r/eupersonalfinance/comments/1ofrmcy/trade_republic_is_the_hate_justified/,eupersonalfinance,Reddit
1qhxvua,Help me choose the safest way to fund my IBKR account,"Hello guys, I need advice. I’m trying to fund my Interactive Brokers account and I see two options:

1. Link Bank Account via Open Banking
2. Bank Transfer / SEPA

I want it to be as safe as possible because I’m planning to invest in index funds, but sometimes I also want to do small individual stock trades.

Which option would you recommend for safety and convenience?

Thanks!

I don't trust banks(I live in Cyprus) and I don't trust IBKR too much. ",IhateEfrickingA,7,0.82,24,2026-01-20 10:45:02,https://reddit.com/r/eupersonalfinance/comments/1qhxvua/help_me_choose_the_safest_way_to_fund_my_ibkr/,eupersonalfinance,Reddit
1mzkh2s,Where do you park your cash?,"Hellou, 

If you could share where do you park your cash and earn interest? Is it T212, Revolut etc.? Where do you feel most comfortable and also easy to withdrawn, if needed? Thank you!",Eastern_Salamander91,16,0.92,47,2025-08-25 09:00:01,https://reddit.com/r/eupersonalfinance/comments/1mzkh2s/where_do_you_park_your_cash/,eupersonalfinance,Reddit
1qnd8mb,Which broker is best for low amount compounding investments? (Italy),"For my compounding investments I am investing 1000 EUR per month divided between 3-4 ETFs at different percentages. 

I trust IBKR more than any other broker, and the big plus side is if I were to ever change countries of residence I can bring my assets with this account without having to liquidate them. However there are fees to every order.

Considering I have a Revolut Metal plan and a Lightyear account, the free ETF/Stock trades are intriguing to me.

Do you think in the long run those fees I would pay in IBKR matter?   
Should I just stick to safe option and not worry about the fees?

Also has anyone transferred assets from Lightyear/Revolut to IBKR? How much of a pain in the ass is that process?",Dribbler365,7,1.0,19,2026-01-26 11:11:45,https://reddit.com/r/eupersonalfinance/comments/1qnd8mb/which_broker_is_best_for_low_amount_compounding/,eupersonalfinance,Reddit
1oc5by4,Bank of Cyprus account for EU resident,"I found that Bank of Cyprus offers sort of an online account, which can be opened for EU residents as well: [https://www.bankofcyprus.com/en-gb/Personal/Digital\_Channels/campaign/new-customer/](https://www.bankofcyprus.com/en-gb/Personal/Digital_Channels/campaign/new-customer/)

However, it notes that ""Exceptions apply for International Customers based on this fee [table](https://www.bankofcyprus.com/en-gb/Personal/the-bank/commissions--charges/commissions--charges-in-effect/)."" and redirects to list of fees: [https://www.bankofcyprus.com/en-gb/Personal/the-bank/commissions--charges/commissions--charges-in-effect/](https://www.bankofcyprus.com/en-gb/Personal/the-bank/commissions--charges/commissions--charges-in-effect/) . It appears, that if you're an ""International Business Unit"" customer, fees are quite high for the bank account.

Has someone tried to open the same account, while being EU resident? Is is possible? And do you know what fees apply for a bank account with or without a debit card?",progmakerlt,39,0.89,31,2025-10-21 07:13:00,https://reddit.com/r/eupersonalfinance/comments/1oc5by4/bank_of_cyprus_account_for_eu_resident/,eupersonalfinance,Reddit
1kxjwfu,Windfall ~50k euros; Hungarian citizen but not EU resident,"Hey,

I am about to receive around 50k euros as part of an inheritance. I am a Hungarian citizen, but I am not an EU resident at the moment. Considering the political situation in Hungary, I would like to keep this money not in Hungary or a Hungarian bank account. 

I am looking for an European bank/brokerage where I could open an account online, that would be insured and I could do some basic investing. I would love some suggestions of places that you like. 

If anyone has a link to understand taxation (where I live I am only taxed when selling, not sure if all EU countries would be same), it would also be super helpful.

Thank you in advance",ghuika,16,0.65,61,2025-05-28 16:23:23,https://reddit.com/r/eupersonalfinance/comments/1kxjwfu/windfall_50k_euros_hungarian_citizen_but_not_eu/,eupersonalfinance,Reddit
1p8xgop,Converting my US salary to euros,"Hello,

Sorry if it's a newbie question but I'm new to the concepts of finance/investing.

I’m currently working remotely from Greece for a US company and earn about $7k per month. At first, I asked to have my salary transferred directly to my Greek bank account, but the bank applied a very poor exchange rate, the average rate that day was around 0.86, and they used 0.84.

To avoid this, I opened a Wise account so I can be paid in USD directly. Now I’m wondering: since I won’t need the money anytime soon (I already have savings in EUR from previous jobs), would it make sense to simply keep my salary in dollars for the next 1–2 years and wait for a potentially better exchange rate? Or is there a significant risk that the dollar could weaken further, causing me to lose money?",Educational_City8342,3,0.56,27,2025-11-28 15:21:34,https://reddit.com/r/eupersonalfinance/comments/1p8xgop/converting_my_us_salary_to_euros/,eupersonalfinance,Reddit
1nn5bze,Where would you put 2k as a 20yo student,"Hi everyone, 

So im a 20yo student from Spain,  I got a new job part time this summer to make more money since I used to be a bartender making nearly minimum wage.

Well things are going good in my new job and I recently saved well over 2.000 euros, this is the most    I´ve had in my life, so it feels like a milestone has been achieved.

  
I was wondering where I could put this money to counter inflation and make a minimum profit while at it. My monthly expenses are around 500**€** (car loan from my dad, insurance, gas, eating out and jiu jitsu classes) which leaves me with 450**€** per month that I save and could potentially invest.

I recently transferred my money to Trade Republic since they offer a 2% interest just by having your savings there. Overall my only requirement is to have the money available if needed since next september im leaving for erasmus and I think I might have to access my savings in order to afford living abroad.

My apologies if my english is not that great, it´s not my native language sadly.

Thanks!",pdqbpd,25,0.9,35,2025-09-21 23:15:03,https://reddit.com/r/eupersonalfinance/comments/1nn5bze/where_would_you_put_2k_as_a_20yo_student/,eupersonalfinance,Reddit
1qdl9gd,"Do you automate expense tracking and investing? If yes, what do you use?","Hey all,

Hope everyone is well.

I'm looking to hear if someone has a better way of what I currently do for tracking money. By better I mean more automated so you don't have to manually do it.

I use actual budget (for budgeting). I track my income and my expenses and save money for example for traveling and for investing. Investing money so far is just tracked but without the compound interest (i have to manually update the number). Connecting with EU banks doesn't work so I manually add all my transactions (yes it keeps me in track but I now have very good sense of my spending so Ideally I want this to happen automatically, and no, basic tracking like revolut doesn't cover my needs).

Whole net worth is on actual budget but I don't have a nice and simple way to track my future net worth growth (from expected stock returns, bank interests etc).

I use IBKR for investments so I track my portfolio there and can update. 

If you use a better more ""hands free way"" I'm interested to hear what you guys do.

Cheers",Rep_Nic,7,1.0,16,2026-01-15 14:39:53,https://reddit.com/r/eupersonalfinance/comments/1qdl9gd/do_you_automate_expense_tracking_and_investing_if/,eupersonalfinance,Reddit
1n1dhm7,Receiving USD a Freelance as a Spain resident,"Good evening!

I’ve read through other posts, but I couldn’t find anything that quite matches my situation.

I live in Spain and I’m a tax resident here. I will be receiving extra income in USD into an account of my choice. The tricky part is that I *might* move to Canada in about 3 years (though it’s not certain).

Here’s how I plan to use the money:

* 50% for savings → I’d prefer to keep this in USD in case I move to Canada. This will go toward a house downpayment in 3–4 years. I also need to build an emergency fund (I currently have no savings).
* 50% for taxes 😭 → 20% must be paid quarterly, and the other 30% once a year. This will eventually need to be converted into EUR and transferred to Spain.

My questions are:

1. Where can I receive USD with the lowest possible fees for receiving, sending, and converting to EUR? (I hear mixed opinions about Wise, Revolut, etc.)
2. Where should I keep the USD for my emergency fund, somewhere easy to access and with at least a small return?
3. What would be a good place to keep the USD for my house downpayment (3–4 years)?
4. Where should I start investing if I'm not sure I'm going to stay in Canada or Europe? 

Thanks a lot for your time and advice!",Alhw,3,0.64,40,2025-08-27 11:37:16,https://reddit.com/r/eupersonalfinance/comments/1n1dhm7/receiving_usd_a_freelance_as_a_spain_resident/,eupersonalfinance,Reddit
1qku98n,"Read through vivid money reviews, I’m still confused what to pick","I’m moving to Berlin from London in 2 months for work and trying to figure out German banking before I get there. I looked at vivid money  along with n26, revolut, deutsche bank, commerzbank, etc.

Honestly the reviews for everything are all over the place. vivid has people saying it's great and people saying it sucks. Same with literally every other bank.

Main things im trying to figure out, do I need a traditional german bank or is digital fine? Some jobs require specific bank types?

I'm probably overthinking this and should just pick one when i get there right?

I also saw conflicting info about whether you can open a business bank account with digital banks if I ever need that for side work. Does anyone know the real answer on that?

Just want something that works and doesn't charge me €10 every time I breathe",Terrible_Aspect8183,36,0.89,10,2026-01-23 15:45:32,https://reddit.com/r/eupersonalfinance/comments/1qku98n/read_through_vivid_money_reviews_im_still/,eupersonalfinance,Reddit
1ojbndw,Good crypto bank in Europe?,"I have some savings in stablecoins from a long time ago that I'd like to start spending. Revolut is very annoying, as they freeze the account for any deposit and require the same documents every time. Generally, heard some horror stories about using crypto there. Some others, like Wirex, had issues with acceptance. I get declined in random places, like the closest store to my home.

I don't care much about other features, just want a good app and the card that actually works. Not planning to keep more than a thousand there at a time.",NordicKite,5,0.69,28,2025-10-29 17:58:11,https://reddit.com/r/eupersonalfinance/comments/1ojbndw/good_crypto_bank_in_europe/,eupersonalfinance,Reddit
1jxfch3,What platforms do you use to invest in stocks?,What platforms do you use to invest in stocks?,Melodic_Extreme2676,30,0.86,57,2025-04-12 12:39:51,https://reddit.com/r/eupersonalfinance/comments/1jxfch3/what_platforms_do_you_use_to_invest_in_stocks/,eupersonalfinance,Reddit
1qdp8cl,Investing advice for a student from Poland working in Denmark?,"Hi all! I am a polish 19 yo student working and studying in Denmark, where im starting to save up some money and Im interested in investing in some initial stocks or etfs. I am just a bit confused by the laws. of investing in both countries and the grey area between them. Is it optimal/legal for me to transfer the money to my polish bank account and invest from there? For now I have roughly 2k euro in revolut flexible cash funds and im a little confused where to go from there, which laws do I abide by etc.",johahimekkk,4,0.83,14,2026-01-15 17:07:22,https://reddit.com/r/eupersonalfinance/comments/1qdp8cl/investing_advice_for_a_student_from_poland/,eupersonalfinance,Reddit
1qq35ia,where to invest for short term as a new immigrant in spain?,"hi. i have 38000 euro cash in my bank account, saved from my salary. i am in spain, on a visa. no PR.

I want to buy a house, so definitely need this money as a down payment.

but i dont know the timeline yet, may be in 1 year or more than that.

currently the money is in trade republic.. getting some minimal interest.

where should invest it to get higher returns?

myinvestor etf?

bank deposit? money market fund?",here4geld,5,0.73,11,2026-01-29 08:33:52,https://reddit.com/r/eupersonalfinance/comments/1qq35ia/where_to_invest_for_short_term_as_a_new_immigrant/,eupersonalfinance,Reddit
1q5dmtf,Moving fiscal residency from Italy to Germany with Trade Republic,"As the title says, I need to move from an Italian TR account to a German TR account as to pay taxes accordingly.
TR does not offer this kind of service so I will have to park my funds and titles in another bank for the movement as the Italian bank account will be closed.

I have an Italian Revolut account as well, do you think that will be suitable?
Do I have to find a broker that trades in the same stock exchange as TR to make it work?
I know selling the titles is an option but I would avoid it to not pay the capital gain tax.",senatom,3,1.0,15,2026-01-06 09:01:03,https://reddit.com/r/eupersonalfinance/comments/1q5dmtf/moving_fiscal_residency_from_italy_to_germany/,eupersonalfinance,Reddit
1mwkfqd,28F - Not sure what I'm doing and would love some advice 🌷,"Heyyy! 🌞

---

Edit: hey! Just posting here since quite a few of you replied, simply wanted to say thanks for taking the time to read and share your thoughts. You’re definitely right and I’ll be applying what you mentioned over the next few weeks. Thanks again!

---

I’m 28F, freelancer from Spain, and started investing less than 2 years ago. Since then I’ve been adding money regularly, but honestly I don’t know that much. I just tried to do what seemed safe and popular (ETFs, some cash cushion, etc.). Would love to hear what you think I could do better.

Here’s what I currently have (~134k total):

67k EUR in a Revolut savings account @1.75% daily interest → this is basically my main account + my emergency fund + my down payment fund (I’d like to buy an apartment in 2–4 years).

11k USD in a Revolut savings account @3.74%.

2.5k EUR in a regular checking account (Spanish bank).

500 EUR in gold, bought about a month ago.

55k invested (started ~2 years ago, have been contributing gradually):

Vanguard S&amp;P 500 ETF – 14.958 € (27.1%) Up +3.37%

Amundi MSCI Semiconductors – 11.444 € (20.7%) Up +12.53%

Vanguard FTSE All-World UCITS – 7.921 € (14.3%) Up +2.06%

SPDR S&amp;P 500 ESG Leaders – 6.547 € (11.8%) Up +0.73%

Vanguard FTSE All-World (Dist) – 4.321 € (7.8%) Up +4.41%

Apple – 3.859 € (7.0%) Up +8.51%

iShares Automation &amp; Robotics – 3.177 € (5.7%) Up +0.75%

iShares MSCI World Info Tech – 3.054 € (5.5%) Up +1.81%

Am I being too conservative with the 67k sitting in Revolut?

Is my ETF split okay, or am I just overlapping too much? 🤡

For someone like me (28F, freelancer, no debt, planning to buy a place in ~3 years, otherwise thinking long-term growth), what would you do differently?

Thankssss! 🌷
",diosnoexisto,43,0.81,28,2025-08-21 20:18:36,https://reddit.com/r/eupersonalfinance/comments/1mwkfqd/28f_not_sure_what_im_doing_and_would_love_some/,eupersonalfinance,Reddit
1osnxhw,I'm looking for some advice about my 3-years investment plan!,"Hey everyone! I’ve (27M) been building an investment plan starting January 2026 and would love your feedback. I'm based out of Spain, using Revolut premium, and planning on investing €350/month for the next 3 years (hopefully, I would increase the monthly contribution every year).  
  
I have selected 3 ETFs with the goal of having Spanish stocks, EU diversified stocks, and an ETF to reduce volatility:

   * 25% **Amundi STOXX Europe 600 UCITS ETF**
   * 10% **Amundi IBEX 35 UCITS ETF**
   * 35% **iShares Edge MSCI Europe Minimum Volatility UCITS ETF**

Basically, I’m aiming for a diversified Euro-focused portfolio that's away from US stocks and minimizing the tech industry.

I have never invested in my life, but I think that now is the moment for me to start and I'm looking for advice!",Reverse_Flash36,1,0.67,22,2025-11-09 16:39:18,https://reddit.com/r/eupersonalfinance/comments/1osnxhw/im_looking_for_some_advice_about_my_3years/,eupersonalfinance,Reddit
1ocekso,"US Citizen just got residency in Germany, any HYSAs or anything?","I'm a young American who moved to Germany to do a masters. Currently I'm on a sprachvisum and will transition to a student visa in the next few months. 

In my US portfolio I have regular checking/ savings accts, 3 credit cards, a Roth IRA, money market fund, and a HYSA.  

Currently in Germany I just have my Sperrkonto and do IBAN transfers through Wise. Once I finally get sent my Aufenhaltstitel I'm going to open a student checking account. What other accounts can I use? How do people build wealth in Germany? I don't have a high income right now and have a pretty low cost of living. Any way to start beating inflation?",Coach_Front,9,0.74,24,2025-10-21 15:32:46,https://reddit.com/r/eupersonalfinance/comments/1ocekso/us_citizen_just_got_residency_in_germany_any/,eupersonalfinance,Reddit
1ob5snt,Personal challenge: make 30€ a day with trading,"I wanna start trading and make a meagre 30€ a day - super short term challenge 

Have access tools like Trade Republic or Revolut. 

What should I do? 
How much to invest? 

Please critique or share insights. 

Mid or Long term not an option.",h2tcrz1s,0,0.2,24,2025-10-20 01:26:52,https://reddit.com/r/eupersonalfinance/comments/1ob5snt/personal_challenge_make_30_a_day_with_trading/,eupersonalfinance,Reddit
1qe3tb4,EU rent due but banks reject crypto freelance income – anyone solved this?,"Paying rent on time in Europe should be straightforward, but when your income comes entirely from crypto payments like USDT and ETH from web3 clients, it turns into a nightmare. Landlords demand euros via standard bank transfers, yet most EU banks flag or outright reject deposits linked to crypto exchanges. Neobanks such as Revolut impose tight limits on larger amounts, especially during market volatility, while services like Wise deliver transfers in two to five days with occasional compliance holds that push you past due dates. Platforms including Wirex and Trastra offer some crypto compatibility, but their SEPA processing often lags and IBAN reliability proves inconsistent for regular rent payments.​

With weekly client payments totaling €4k-6k over the past six months as an Eastern European freelancer, finding a dependable path from crypto to landlord-accepted euros became essential. Traditional exchange withdrawals trigger bank scrutiny, and multi-step conversions through multiple apps create fees that erode earnings while delaying funds. The workable solution involves converting incoming USDT directly into an EUR balance that populates a personal IBAN account. SEPA Instant transfers then reach any EU bank in under a minute, complemented by a virtual card for other bills if needed. Keytom emerged as a reliable piece of this flow after testing alternatives, maintaining total fees around 0.7 percent with monthly limits starting at €20k that accommodate consistent volumes. This setup processes client payments without fiat custody complications, ensuring rent clears on the first of the month alongside clean transaction records for any future inquiries.

Rent in Prague hit my landlord's account yesterday morning after a Friday evening USDT payout, avoiding the usual weekend delay panic. Similar flows now cover utilities across borders without explanation emails to skeptical property managers.

What approaches work for you relying on crypto income to cover EU housing costs?",Positive_Ad3119,0,0.1,8,2026-01-16 02:34:51,https://reddit.com/r/eupersonalfinance/comments/1qe3tb4/eu_rent_due_but_banks_reject_crypto_freelance/,eupersonalfinance,Reddit
1oe4cef,Best ETF app for small monthly auto-investing,"Hi!
I’ve searched a lot through this subreddit but couldn’t find a clear answer.
I’m a beginner investor, planning to start with €2000 upfront and then invest €200/month mostly in ETF (WEBN around 80%), plus a bit in stocks and crypto. Long-term plan (10+ years).

I use Revolut for a long time(crypto and stocks) and saw they offer the auto-transfer feature for etf from my main account, but Im afraid spreads may be pretty high( and people generally don’t recommend Revolut).Tried Trading 212, not sure about their spreads or real auto-invest options.

Considering Interactive Brokers, but maybe it’s overkill for small amounts.
Any better EU-friendly platforms with auto-invest (money transfer from bank+ ETF buy)? 
Thanks!",CatusAlpinus,9,0.85,19,2025-10-23 15:12:21,https://reddit.com/r/eupersonalfinance/comments/1oe4cef/best_etf_app_for_small_monthly_autoinvesting/,eupersonalfinance,Reddit
1piyyh3,"Pounds, Euros, HYSA...","So I live in Europe, and I currently have my emergency fund in euros (the local currency) in a savings account  with a 1.25% interest rate with my traditional bank. However, Revolut offers me a Flexible Cash Funds savings account where if I store my savings in pounds, I can get a yearly 3.1% interest rate. According to Revolut, this  Flexible Cash Funds has a risk indicator of Aaa-mf in Moody's rating and an S&amp;P rating of AAAm, so both very good.

What risks do I run specifically by storing my emergency fund in pounds as opposed to euros, and are they offset by the double interest rate? I currently worry that with a 1.25% interest rate, my emergency savings won't be able to keep up with inflation.",unde_cisive,6,0.72,12,2025-12-10 10:09:31,https://reddit.com/r/eupersonalfinance/comments/1piyyh3/pounds_euros_hysa/,eupersonalfinance,Reddit
1q3xll4,Should I move from T212 to IBKR?,"Hey, I started investing recently (a year or so) and i've found myself going from many banks to Trading 212 to use in my daily life for it's insane perks (huge Cashback and interest on the money that sleeps) but i've seen countless times that IBKR is the way to go in terms of Stock trading, and i'm wondering whether i'm missing on something by not moving now, because having the same app for Stocks and life payments is great and T212 doesn't seem as bad as the others that offer the same services (Revolut etc...)

Thanks for the help!",Ayylxn,7,0.89,8,2026-01-04 18:34:14,https://reddit.com/r/eupersonalfinance/comments/1q3xll4/should_i_move_from_t212_to_ibkr/,eupersonalfinance,Reddit
1mzk0xa,What’s the best platforms to buy ETFs nowadays in Europe?,I’m in the process of structuring my investments portfolio wallet and would like to do it in a more professional platform other than Revolut. I use Revolut for my savings account. Advices and opinions are highly appreciated!,shootin-stars,13,0.85,26,2025-08-25 08:30:09,https://reddit.com/r/eupersonalfinance/comments/1mzk0xa/whats_the_best_platforms_to_buy_etfs_nowadays_in/,eupersonalfinance,Reddit
1nic5vd,Need help choosing an app to manage/view personal finances,"Hello everyone.

Currently I am looking for an app that will help me manage my personal finances of me and my partner. I have explored several options so far:

\- Wallet by BudgetBakers - pros: has web version and can be connected to the banks I use. Cons: bad reviews and comments in reddit about them, also a bit uncertain future and lack of proper support

\- Bilance - pros: can connect it to the banks I use, has nice UI. Cons: Doesn't have a web version

I have also checked YNAB (a bit too expensive for my taste), Spendee and some others but none of them vibed with me.

  
What are my requirements: 

* decent UI
* availability of the banks I use (Unicredit Bulbank and Revolut)
* ability to add separately my savings in cash or ETFs
* link my and my partner's accounts so we can track together our budgets and savings
* web version (not mandatory but desirable)
* csv/excel export (not mandatory)
* long-term support (I don't want to migrate everything manually after 2 years, for example)

  
What can you recommend that will cover most, if not all, of the points above?

Thanks in advance for your responses ",Krizerion,14,0.95,19,2025-09-16 09:51:08,https://reddit.com/r/eupersonalfinance/comments/1nic5vd/need_help_choosing_an_app_to_manageview_personal/,eupersonalfinance,Reddit
1ozf4g3,Advice for 32M - Living in Greece,"**Good morning everyone!**

I’m 32 and, based on my current income, I can finally start investing consistently. I’d really appreciate your advice, and I’ll try to be as clear as possible. Apologies in advance for any mistakes.

Here’s my situation:

I keep money in three places:

* **Piraeus Bank** (my salary account),
* **Revolut** (where I transfer part of my salary to get their 1% savings interest),
* **Payoneer**, where I get paid monthly in USD from a project for a US company.

I recently opened an **IBKR** account with the intention of buying **2–3 units of VUAA per month**. I noticed there are two VUAA listings — one traded in Milan and one in London. From what I understand, the Milan one is traded in EUR, while the London one is traded in USD (please correct me if I’m wrong). Essentially, they track the same thing, and the only long-term difference should be currency fluctuations between EUR and USD.

My plan is to invest **2–3 units per month from my salary** and **1–2 units per month from my Payoneer income**, depending on how much I make from the project. I’m considering sending money to IBKR directly from **Revolut**, so I don’t have to involve Piraeus Bank at all.

I have a few questions:

1. **From Payoneer, is it worth sending the USD directly to IBKR as USD?** So far, I withdraw them to Piraeus in EUR (and lose on FX + fees), then send EUR from Piraeus to Revolut with no fee. Would it be better/cheaper to skip all that and fund IBKR directly in USD?
2. **Given the above, does it make sense to buy VUAA from both exchanges (EUR and USD)?** Or is that just unnecessary complexity?
3. **Is IBKR a good choice for all my investments?**
4. **Do you agree with investing only in VUAA, instead of the global VWCE?** I’ve read here that since VWCE has \~50% US exposure anyway, the difference isn’t huge, and VUAA might even outperform slightly because of that. Do you agree?",Wonderful_Medicine11,5,1.0,14,2025-11-17 12:36:07,https://reddit.com/r/eupersonalfinance/comments/1ozf4g3/advice_for_32m_living_in_greece/,eupersonalfinance,Reddit
1ow2zp8,What do you use for shared budgeting?,"My partner and I both have our own accounts but obviously share expenses. Since we moved in together I've been looking for a decent way to track our budget without it being a total pain.



Tried a few budgeting apps but they either make me jump to Splitwise to split shared expenses or I have to do weird workarounds.



I even built custom spreadsheets for us with bank sync, but we were barely used them since they sucked big time.



I'm a dev so thinking about just making something myself since nothing really works how I want.



Before I spend months building this: what are you using for shared finances? What actually works, what's annoying?",plateg9,8,1.0,14,2025-11-13 14:48:07,https://reddit.com/r/eupersonalfinance/comments/1ow2zp8/what_do_you_use_for_shared_budgeting/,eupersonalfinance,Reddit
1q2sisi,Spanish located in Finland,"Hi everyone,

I am Spanish and currently living and working in Finland, so I pay taxes in Finland. I would like some advice on what to do with my investments.
At the moment, part of my portfolio is invested through Revolut and another part through Degiro. I am unsure whether it makes sense to keep growing my portfolio on these two platforms, or whether it would be better to start investing through TradeRepublic. Isn't better to not have ""all the eggs in the same basket""?
I am also uncertain about the country where I should keep my savings. I currently invest while being tax resident in Finland, but my long term plan is to move back to Spain. If I sell my investments once I am back in Spain, I would pay Spanish taxes, which are lower than in Finland.
Given this situation, would it make more sense to keep my savings through Finnish banks, or to start saving through Spanish banks instead?

Thanks in advance for your help and HNY!",Gamusinas,4,1.0,7,2026-01-03 11:36:14,https://reddit.com/r/eupersonalfinance/comments/1q2sisi/spanish_located_in_finland/,eupersonalfinance,Reddit
1kwqnfj,What trustworthy EU bank would accept my US bank account and pay be good interest?,"I have a nice nest egg in a US bank that I saved by living for years in the USA. 

It seems (not 100% sure) that US bank don't accept German customers if they don't live in the USA no more.

I now have to return to Germany. I would invest much of it as fixed money (APY) with a good bank. 

But my head explodes with rules, regulations and, and...

What would you recommend?",BirdyHowdy,7,0.76,38,2025-05-27 16:47:02,https://reddit.com/r/eupersonalfinance/comments/1kwqnfj/what_trustworthy_eu_bank_would_accept_my_us_bank/,eupersonalfinance,Reddit
1mo1odf,app for investing,"Hi!
Short question, but (as a Belgian) what app or broker site is suggested to use?
Rn im using Bux but i do think the fees are a bit steep, without alot of “options”
Any suggestions?
",VapnKotsteen,6,0.72,26,2025-08-12 07:55:45,https://reddit.com/r/eupersonalfinance/comments/1mo1odf/app_for_investing/,eupersonalfinance,Reddit
1mcdo6b,Best way to move money between countries?,"Hi everyone, I'm looking for a way to easily move money between my American bank account and my European bank account. I live/work in Amsterdam, but I still have some income/bills in America.

I've tried Wise, Revolut, etc. but they take too long or have fees that I don't want to pay. ",rainbowromero,13,0.85,25,2025-07-29 15:57:22,https://reddit.com/r/eupersonalfinance/comments/1mcdo6b/best_way_to_move_money_between_countries/,eupersonalfinance,Reddit
1p2usgb,Confused with S&amp;P500 ETFs in IBKR.,"23 year old beginner long term investor here. I would like to start investing in the S&amp;P500 for 10-20+ years. Current plan is 80-20% (S&amp;P500 and BTC which is for fun mostly). I used to invest in the ETF through revolut but recently moved over to IBKR. 
I am confused tho, if I choose CSPX LSEETF it is in USD, which means I have to pay the 2$ FX fee for the EUR to USD conversion. If I choose VUAA BVME.ETF that is in EUR, the commission fee is super high for some reason. Revolut had you choose VUAA for example and just buy it. 0 fees. 
What am I missing?",Main-Put-2614,0,0.4,10,2025-11-21 10:03:31,https://reddit.com/r/eupersonalfinance/comments/1p2usgb/confused_with_sp500_etfs_in_ibkr/,eupersonalfinance,Reddit
1iltuty,Best option to invest in S&amp;P500 and other ETFs and stocks in Germany?,"Hi everyone!  
I am a resident of Germany and would like to start investing. Where do I start?  
I have N26 and Revolut accounts if it matters.  
Will appreciate all your thoughts and input.  
Thanks.",Oooops69,2,0.54,49,2025-02-10 00:42:43,https://reddit.com/r/eupersonalfinance/comments/1iltuty/best_option_to_invest_in_sp500_and_other_etfs_and/,eupersonalfinance,Reddit
1pn7b6l,🚨 Recurring Overcharge Issue with ATM Withdrawals (Spanish IBAN / Standard Plan) - Seeking Constructive Advice,"I'm a Revolut Standard Plan user with a Spanish IBAN and I'm experiencing a persistent and concerning issue related to ATM withdrawal fees that significantly exceed the advertised 2% minimum €1 fee after the €200 monthly limit.

I am posting here to see if other users, particularly in Spain, are experiencing this, and to seek advice on how to escalate the issue effectively within Revolut or to external bodies.

# The Problem: Consistent Overcharging Post-Limit

My understanding is that after I exceed my monthly €200 free allowance, the charge should be either the ATM provider's fee or Revolut's 2% minimum €1 fee, whichever is greater.

**The Reality:** On multiple occasions, I have been charged an amount **significantly higher** than the Revolut 2% fee at the exact same ATMs that incurred no fees when I was under the €200 limit.

# The Concrete Evidence of Internal Error

Revolut support agents initially claim the fee is charged by the ATM provider, but I have concrete evidence proving the fault lies within Revolut's system:

1. **Internal Admission:** On August 27th, 2025, I received an official email from Revolut stating: *""We recently identified that we* ***incorrectly charged you ATM fees****... To correct this, we're going to refund the amount charged... Our team has identified the error, and it has now been* ***fixed****.""*
2. **Proof of System Control:** The fact that Revolut **independently identified and issued a refund** for fees I had not even noticed at that time proves they have the ability to track and correct these specific charges, contradicting the support team's claim that they have ""no control.""

# The Recurring Nature and Support Challenge

Despite the official claim in August that the error was ""fixed,"" the exact same type of overcharges have continued to occur. I have subsequent support chat transcripts confirming further errors and refunds since then.

When I contact support now, agents repeatedly ignore the clear evidence of this ongoing internal fault (including their own prior admission) and fall back on the unhelpful, templated response (""The fee was charged by the ATM provider""). I am being forced to chase refunds repeatedly for an error Revolut has already acknowledged is their responsibility.

# Seeking Advice: What is the next step?

This isn't an isolated incident; it's a **recurring systemic error** that requires constant user intervention to correct.

* **Has anyone else in Spain (or elsewhere) experienced this specific type of recurring overcharge despite an official ""fix"" being announced?**
* **What is the most effective way to escalate this beyond frontline chat support to a specialist team who can permanently fix the root cause in my account/region?**
* **Is there a regulatory body in Spain (given the Spanish IBAN) that handles recurring financial service errors of this nature, if I cannot get a satisfactory response from Revolut?**

I appreciate any constructive guidance on how to address this serious operational issue. Thank you.",Sensitive-Month-8369,0,0.33,7,2025-12-15 13:27:03,https://reddit.com/r/eupersonalfinance/comments/1pn7b6l/recurring_overcharge_issue_with_atm_withdrawals/,eupersonalfinance,Reddit
1mjyyg2,Investment for the first time at 31.,"Hi for the first time in my life I have a job and money that allows me to look at investing.  

I want to start with a modest 150-200 euros per month. 

The easiest seems to be Revolut account and a iShares Core  All World etf.  

Is there something else you would recommend? 

I have set myself a relaxed goals to be able to buy an apartment at 40. So basically something that would help me build part of down-payment. ",Nearby-Mechanic8732,25,0.96,21,2025-08-07 13:39:02,https://reddit.com/r/eupersonalfinance/comments/1mjyyg2/investment_for_the_first_time_at_31/,eupersonalfinance,Reddit
1kio7td,Best Brokerage in EU,"Hello, living in Northern Europe and have been looking to start trading forex and crypto but I’m having a hard time picking a good brokerage for forex that actually delivers well in EU, I’ve been using Binance for crypto but also looking for other options. 
And… nothing huge (have about 5k in Btc) but I’m looking to invest it, grow it so can y’all tell me how y’all started and how to grow?
",Lets_Ase_It,4,0.6,36,2025-05-09 18:28:39,https://reddit.com/r/eupersonalfinance/comments/1kio7td/best_brokerage_in_eu/,eupersonalfinance,Reddit
1qc0uxw,How are you handling crypto client payments for Q1 tax filings this year?,"With January tax deadlines approaching across EU (e.g., VAT returns due by Jan 31 in many countries, MiCA crypto reporting starting for 2025 gains), I'm scrambling to document my USDT/ETH client payouts from last year. Problem: Offshore exchanges give sketchy proofs for Finanzamt/HMRC, and traditional banks flag/hold crypto-fiat conversions for days. Anyone cracked a smooth way to get clean SEPA IBAN statements + instant transfers for compliance?

Quick background on my pain points as freelancer:

* Clients pay in stablecoins to avoid forex fees, but I need EUR in my main bank for OSS VAT scheme - deadlines don't wait for 3-5 day Wise holds.
* Post-MiCA, need licensed rails with proper tx history; Revolut blocks volatile inflows, Wirex limits hit €2k/day during peaks.
* Actual numbers: Last quarter I had €15k in crypto gigs - converting via Keytom (instant swap to EUR balance, personal IBAN for SEPA Instant &lt;1 min, virtual card split) got it documented and spent without flags. Fees \~0.8%, no custody risks, referral €10-15 side bonus. Tried alternatives like Trastra, but speed/IBAN combo better here.

What are your flows for crypto-to-fiat tax prep?

* Best apps for IBAN statements that auditors accept?
* SEPA Instant working reliably for you, or still bank delays?
* Handling VAT on cross-border gigs - spreadsheets or auto-tools?

Share setups before we all miss deadlines - Revolut/Wise veterans, next-gen options like Keytom, or DIY hacks?",Positive_Ad3119,5,0.73,2,2026-01-13 19:33:27,https://reddit.com/r/eupersonalfinance/comments/1qc0uxw/how_are_you_handling_crypto_client_payments_for/,eupersonalfinance,Reddit
1qmfgwb,Need help to find a bank/fund money,"I am a student and was being sticked to use revolut where I put my money into Daily savings, but I assume it would be better to split the money into multiple banks so I would need where I could fund my money to have passive income as like in revolut but without risk and fees",val0218,0,0.5,1,2026-01-25 10:15:29,https://reddit.com/r/eupersonalfinance/comments/1qmfgwb/need_help_to_find_a_bankfund_money/,eupersonalfinance,Reddit
1ois7hl,How to legally keep using EU banks and fintech accounts?,"Hi everyone

I live in a EU country and have my citizenship there.   
Now, I want to move to another country in europe but NOT part of europe union,

One issue I see living in a non EU country is related to the payment services when working online, crypto, getting money etc, this could be complex, more comisions etc.

I read that many recommend to take advantage of the EU citizenship and use the accounts we previously opened being living in EU, example: Revolut, Wise, Paypal, European bank, etc

My question is, is there any white hat setup to do it?   
  
I mean, I want to do all legal to sleep in peace, because for example I know that most of these services can close my accounts if they detect I not longer have my residence in Europe Union.

Also, regarding the EU bank, I don't want to have tax issues on the ex-country, as I will pay taxes on the new country.  
  
What setup do you recommend to use?",lurybrown,6,0.72,12,2025-10-29 01:51:59,https://reddit.com/r/eupersonalfinance/comments/1ois7hl/how_to_legally_keep_using_eu_banks_and_fintech/,eupersonalfinance,Reddit
1nyktzk,Which brokers do you use to trade US stocks from Europe and how much do you pay in fees?,"I have been using Firstrade for couple of years and I'm happy with their service since I pay 0 in commissions and they're reliable. I also use eToro for currency hedging (to protect myself from USD depreciating in relation to my country's currency) and their commissions are also very low. But I've been wondering about the experience people have with other brokers. Do you use Interactive Brokers, for example? How much do you normally pay in a month in all fees and commissions? Is the amount affecting your profitability?",Odd_Cabinet_7049,2,0.63,15,2025-10-05 11:35:58,https://reddit.com/r/eupersonalfinance/comments/1nyktzk/which_brokers_do_you_use_to_trade_us_stocks_from/,eupersonalfinance,Reddit
1pel7pv,"Student Forex Card vs Multi-Currency Forex Card , which is actually better for studying in Europe?","Hey everyone,
I’m getting ready to move to Europe for my studies and I’m stuck choosing between two GlobalPay forex cards. I’m attaching the pictures in this post as well.

One is a Student USD Card that says “zero cross-currency conversion charges.”
The other is a Multi-Currency Card that supports 12 currencies (including EUR).

I’m confused about something:
The USD card claims there are no cross-currency conversion fees, but since it’s USD-only, wouldn’t I still be converting USD → EUR every time I make a purchase in Germany or Austria?

Does “no conversion fee” just mean no extra fee, but I still get charged based on the exchange rate?
Or does it actually mean I won’t lose anything to conversion at all?

For students living in Europe long-term, which one is the smarter choice?

Any help from people who’ve used these cards would be great. Thanks!",idkwillthinklater,1,1.0,7,2025-12-05 03:59:46,https://reddit.com/r/eupersonalfinance/comments/1pel7pv/student_forex_card_vs_multicurrency_forex_card/,eupersonalfinance,Reddit
1m6prkk,"Where would you park a large sum temporarily after selling a property? (safe, liquid, earning interest)","I’ve recently sold my home and now I’m sitting on around **X00,000 EUR)** in cash. I plan to use it for another property purchase, but that won’t happen for several months — possibly up to a year.

I don’t want this money just sitting in a regular bank account doing nothing. I’m looking for **low-risk, short-term options** where:

* The funds remain **liquid** (accessible within 1–3 days)
* It **earns some kind of return** (daily or regular interest would be great)
* It can be **partially in EUR** or GPB

So far I’ve looked into:

* 🏦 **Local  liquidity funds** (e.g.  \~5–6% annual)
* 💶 **Revolut / Wise EUR savings** – \~2–3% interest, daily payout, instant access
* 💼 **EUR money market funds** (e.g. BNP Paribas Liquidity, BlackRock Euro Liquidity)

**Have any of you been in a similar situation?**  
Where would you put the money if you knew you’d need it in, say, 4–12 months?  
Especially curious about **EUR-based suggestions** that are safe and accessible.

Thanks in advance for any input!",Ill_Percentage_9572,13,0.88,22,2025-07-22 21:50:13,https://reddit.com/r/eupersonalfinance/comments/1m6prkk/where_would_you_park_a_large_sum_temporarily/,eupersonalfinance,Reddit
1q231eh,What are your favourite digital-asset-focused neobanks to manage fiat and crypto?,"I've been juggling crypto trades and fiat spends lately, and the constant app-switching between exchanges and banks is annoying. You need something with solid IBAN/SEPA for euros, quick crypto swaps, and a card that actually works without crazy fees—especially if you're in the EU dealing with daily inflows/outflows.

A few that stand out for me: Wirex for its cards and multi-currency vibe, Nebeus if yields are your thing, and Keytom which has been surprisingly decent—personal IBAN, fast SEPA Instant, crypto wallets in one spot, no major hiccups on small-to-mid volumes so far. Nothing perfect, but it cuts the hassle.

What's your go-to for this? Any neobanks handling fiat/crypto smoothly that I'm missing?",Lanky_Information166,1,0.6,3,2026-01-02 16:26:24,https://reddit.com/r/eupersonalfinance/comments/1q231eh/what_are_your_favourite_digitalassetfocused/,eupersonalfinance,Reddit
1oj190e,Which website/App is the best for commodity trading in EU ?,"I want to trade on commodities like Gold,Silver,Copper,Aluminum etc. 

I use revolut for equity trading with metal plan. Their charges are too high for commodity trading. 

Kindly share your recommendations. ",RoadMoist5749,5,0.78,10,2025-10-29 10:49:34,https://reddit.com/r/eupersonalfinance/comments/1oj190e/which_websiteapp_is_the_best_for_commodity/,eupersonalfinance,Reddit
1ozms3f,"Can’t Buy QQQ, SCHD or VEU on IBKR in Germany. What Are My Actual Options?","Hey everyone! 
I recently moved from Revolut to InteractiveBrokers and wanted to set up a simple monthly plan with three ETFs I used to track:

QQQ
SCHD
VEU

The problem is obvious: I can’t buy any of them.
I live in Germany, my account is fully German, everything is regulated under EU rules. So why is this happening?

I get the general idea that it’s related to KID regulations, but what exactly am I supposed to do now? Does this really mean I have absolutely no way to invest in these specific ETFs? Or am I misunderstanding something?

I’m trying to figure out a few things:
1. Is it true that I have zero options to invest in these specific US ETFs if I live in the EU?
2. If the only choice is to switch to UCITS equivalents, am I losing something important by doing that?
3. Is “just buy the EU alternatives” the normal solution here, or should I rethink the entire plan?

For now I found these UCITS versions:

CNDX
WQDA
IXUA

If anyone has clearer explanations or better suggestions for alternatives to QQQ, SCHD and VEU, I’d really appreciate it. I just want to make sure I’m not missing an obvious path before I give up on the original ETFs and fully commit to analogues.",YakYaslaPovni,0,0.43,8,2025-11-17 17:41:12,https://reddit.com/r/eupersonalfinance/comments/1ozms3f/cant_buy_qqq_schd_or_veu_on_ibkr_in_germany_what/,eupersonalfinance,Reddit
1n90lrp,Monthly vs Quarterly DCA into VWCE on IBKR?,"Hi everyone,

I’m 23 years old and planning to invest through IBKR about €200 per month into VWCE .

I have a couple of questions:
	1.	Would you recommend I DCA every month or save up and invest quarterly instead (to reduce fees)?
	2.	If I set up an automatic investment plan on IBKR, will it also buy fractional shares of VWCE, or only whole shares?

Thanks for your advice!
",Adept-Librarian-1447,14,0.83,15,2025-09-05 10:29:54,https://reddit.com/r/eupersonalfinance/comments/1n90lrp/monthly_vs_quarterly_dca_into_vwce_on_ibkr/,eupersonalfinance,Reddit
1p2g1d5,25 y/o personal finance and investment plan advice,"Greetings everyone,

Great subreddit, been lurking around for some time, lots of useful information. Decided to make a post on my situation and get some feedback.

I just finished my MSc AI and got my first full time job. Fully remote, flexible, in AI domain, in Cyprus. 40k euro gross, ~2.5-2.6k net.

Currently im residing in Netherlands which of course I know financially is not very logical, it's something I need to address in the very near future. 

Aside from that, I've been wanting to set up my finances, track my savings better and trying to make a plan for financial independance down the road. Ideally the goal is FatFIRE but that imo assumes I get a bit lucky with my career in the upcoming years so I'm not adjusting for that right now monetary wise but I am time spending wise. A main aspect of this is also to make the right career choices and allocate my spare time properly/in the best way.

I have also saved money that my family gave me throughout the years and from my part time jobs during my studies which come up to ~30k.

Family is also offering to fund a big amount (~50%) of an apartment real estate but I don't know if that's what I want right now, to lock myself in an area in Cyprus, but that door is there.

Right now, since I'm in NL, I'm not saving much (1.2k rent and utilities, 1k remaining expenses for living and travel to and from Cyprus during holidays so ~300 euros a month savings). I'm planning that expenses can be easily cut 200 euros down.

Aside from that, I'm still making a financial plan since this situation is temporary and will change, giving me ~1k of savings most likely monthly.

The plan:

1. Have ~1 month salary on my current bank account (the account where my salary comes in). I use a different account (revolut) for my daily transactions. 

2. Move 4 months of salary to revolut savings account (~1% interest rate) just so at least they get a 1% instead of 0% (technically still negative due to inflation but less negative). This will be the emergency fund. Didn't find anything higher, saw trade republic (2%) but read a lot of negative opinions on reddit 

3. Make a budgeting / saving plan: Right now I track expenses with revolut. I just deposit 100 euros at a time whenever i need more money to pay for things but I don't have a clear picture of my whole salary, other accounts etc. To be honest, I can just deposit my whole salary there and use those pockets or something to save for travelling and for investing. I don't know if that amount I can automatically allocate it to be invested at the end of month. 

The alternative upon some research is actual budget (hosted). However I saw that recently you can't auto syc banks anymore which means I need to manually track everything which seems an extra hassle to a problem that is almost fully solved. Do you suggest it or should I just stick to revolut?

Saving plan:

I've decided I want to save a small amount for travelling/vacations yearly because I saw thats the fluctuating expense that during summer and winter takes me under budget. 

After that, I thought of 70-80% invest to stocks (I'm researching still, any advice welcome, but probably the majority of this in a safe long term ETFs, either following S&amp;P 500, or a global one, I need to research it more). The minority of it I assume in some more short term (2-5 years) investments? Unsure how to approch this further. Also afaik I was looking at interactive brokers. I didn't investigate this further tho to take action.

Then a 10% approx. for r&amp;d and side-projects. I'm very active on entrepreneurship in AI, recently working on a startup, trying to grow on social media and also grow a network of interesting people. I'm already spending approx. this amount actively on ideas, pocs, subscriptions to help this cause etc.

Then I assume a 10% as a hedge to stocks. I'm also a bit lost here, I guess some Gold ETC or anything that makes sense to act as a hedge to stocks.

I'm also thinking to allocate a very small 5% if not now, yearly, when i revise the plan to something else. Maybe crypto, maybe collectibles like a watch or pokemon cards or something. In any case this is to add some spice and make it more 'fun', high risk high reward kind of thing.


Is this a good plan to go forward with? Am I missing something?

Additional food for thought:

- Afaik as of right now, taxes on withdrawing stocks in Cyprus are 0%, tax on interest rate is 19.65% (17% SDC + 2.65% GESY). 

- If you get government funding and you can make money as a business, having a business as a Cypriot in Cyprus from 2026 with the new reforms imo is a no brainer cause you can save immensely on taxes and reinvesting in your company, especially in tech, with additional benefits on R&amp;D software etc.

- idk what's up with health/life insurances but I think they can be worth it to remove a taxable amount from your salary. If anyone has info specific for Cyprus let me know.

- To my understanding, banks in Cyprus are awful (~0% interests, bad loan terms etc.). Does anyone in Cyprus use them? If yes, for what?

If you have any interesting input even outside from what I said, feel free to share.

Cheers!",Rep_Nic,2,0.67,5,2025-11-20 21:41:30,https://reddit.com/r/eupersonalfinance/comments/1p2g1d5/25_yo_personal_finance_and_investment_plan_advice/,eupersonalfinance,Reddit
1pzgqrx,Is Trade Republic able to receive money transfers from UK banks?,"Hi guys, I created a trade republic account recently and I wanted to put money in it, however, when I try to make a transfer from my UK bank account, all the time says the BIC number is incorrect.

I´m no longer living in UK, I just moved to Europe and I wanted to move some money to my trade republic account for savings and investment.

Tried to speak with customer service and they insist trade republic doesn´t accept transfers from international countries non sepa, but UK it is a SEPA country.

Anybody knows what´s going on or what should I do?

Thanks for the help in advance.",OkRide8770,0,0.5,2,2025-12-30 12:21:03,https://reddit.com/r/eupersonalfinance/comments/1pzgqrx/is_trade_republic_able_to_receive_money_transfers/,eupersonalfinance,Reddit
1p0al80,Choose platform,"Hello! I'm thinking about entering the world of cryptocurrencies now that the market seems to be going down, I've already started investing in ETFs and I'm attracted to the crypto world for more short-term money, but I don't know which platform to choose. I would invest from Spain and currently I have my money in Revolut with the metal plan and the shares in ibkr so what I value most is the security of my assets. I've been looking at Revolut I'm looking for something that is beginner friendly but is a complete platform and I can stay there for years. 
Thank you :)",Intrepid_Spring9105,0,0.5,7,2025-11-18 12:26:22,https://reddit.com/r/eupersonalfinance/comments/1p0al80/choose_platform/,eupersonalfinance,Reddit
1ostq7g,Long term Investing for Kids - Platform - Europe,"Hello,  I am searching for platform or broker, where I could open account for my 10 years old son, start investing for him and at some point give it to him. Any experience with European brokers? I am based in France. I have revolut kids ( which is not allowed to invest). 212 nor Degiro allows such a thing. I have heard about Traderepublic, but apperantly (based on Reddit) the experience is not so nice. Any idea? Cheers",PaskPND,2,0.76,7,2025-11-09 20:24:35,https://reddit.com/r/eupersonalfinance/comments/1ostq7g/long_term_investing_for_kids_platform_europe/,eupersonalfinance,Reddit
1n5pfb9,Looking for worthwhile investment options in Poland,"Hi everyone,

I’m a Spanish expat currently living (and tax resident) in Kraków, Poland. I’ve been here for 4 years now.

Right now I keep my savings in:

* A passive euro savings account with TradeRepublic
* A passive PLN savings account with Revolut

Additionally, my wife (she’s Polish) and I have already used a few term deposits (3 and 6 months) with our local bank (iPKO), and those worked fine.

At this stage I’m not looking to invest huge amounts because in the short term we’re considering buying land or a house here in Poland. Still, I’d like to know if there are any other options that are actually worth it for putting some money aside in the meantime (short- to mid-term, relatively safe).

What would you recommend looking into for someone in my situation?

Thanks in advance!",zzhoxx20,5,1.0,14,2025-09-01 14:58:26,https://reddit.com/r/eupersonalfinance/comments/1n5pfb9/looking_for_worthwhile_investment_options_in/,eupersonalfinance,Reddit
1m83yil,Change of residence,"Hello, I recently moved from Italy to Sweden.

I have about €20,000 currently held in a Revolut account, but since I’ve changed my country of residence, I’ll soon be required to close it. I’m considering what to do with this money next.

Should I convert the euros into Swedish kronor (SEK) and invest the funds locally? (Will the conversion be too expensive?)  Or would it be better to transfer the euros to my Wise account (I’ve opened a Swedish Wise account) and keep them in euros for now?

I’m not planning to spend this money — my goal is to preserve its value or ideally grow it. Since I earn a good salary in Sweden, I won’t need to touch these savings in the short term. I’m just looking for a smart and efficient way to store or invest them so they don’t lose value over time.

  
Also, it might be possible I will move away from Sweden in 2 years...

Any advice would be greatly appreciated.",Daxo_32,6,0.8,18,2025-07-24 14:08:18,https://reddit.com/r/eupersonalfinance/comments/1m83yil/change_of_residence/,eupersonalfinance,Reddit
1p319n8,Best bank in Spain for simple salary deposit and cheap maintenance,"Hi everyone,
I am looking for advice on the best bank in Spain for a very simple use case. I just need a Spanish IBAN to receive my salary and then move the money to another bank or to Revolut for daily expenses.

I know I could receive my salary directly in Revolut, but I honestly do not fully trust it with my entire salary due to some past issues, so I prefer having a traditional Spanish account as the main entry point.

My priorities are clarity and low cost. I want a bank that is simple to set up, easy to maintain, and cheap, without hidden fees or complicated requirements.

For context, I am Spanish with a NIE.

Any recommendations for the most straightforward and hassle free option?

Thanks in advance.",MelodicEmu9817,1,0.67,4,2025-11-21 15:16:44,https://reddit.com/r/eupersonalfinance/comments/1p319n8/best_bank_in_spain_for_simple_salary_deposit_and/,eupersonalfinance,Reddit
1kei71n,Should I invest in Gold?,"I started investing in Gold XAU on Revolut. Last year it went 40.73% up ⬆️ , so it seems too good to be true. Does anyone have experience to tell me what’s the catch? ",Lazy_Subject_9603,7,0.73,26,2025-05-04 13:02:12,https://reddit.com/r/eupersonalfinance/comments/1kei71n/should_i_invest_in_gold/,eupersonalfinance,Reddit
1lre0hg,5y Investement,"Hey guys,

I need to gather lets say, 80k euros that I will need for the next 5 years to actually withdraw and use. I have started investing in VWCE (3k in IBKR) a couple of months ago but my plans have changed. I understand that the horizon is too small to keep investing in VWCE for that specific timeframe.

I live in Greece, and we have no hysa or something similar. So my savings money is currently sitting there doing nothing, I have left 3k now in a bank as an emergency fund that I may need asap, and I have 4k ready to be invested in IBKR but I'm not sure how to proceed with them.  
My choices are this, what would you pick and why? I don't want much risk because I'm gonna actually use the money in the next years:  
1) stop investing in vwce for now, and every month invest here **80% iShares € Govt Bond 0-1yr UCITS ETF  and 20% Amundi Euro Government Bond 1-3Y UCITS ETF Acc** 

2) 70% **XEON ETF** and 30%  **Amundi Euro Gov't 1-3Y**

3)invest  70% in **Amundi Euro Gov't 1-3Y and 30% vwce**

4)Revolut MMF only, which has like \~1.7 % return



",athbol,8,1.0,18,2025-07-04 09:56:17,https://reddit.com/r/eupersonalfinance/comments/1lre0hg/5y_investement/,eupersonalfinance,Reddit
1ngmhne,Amazon Blocking Competitor VISA Cards - Monopolistic Practice!,"I have a Trade Republic VISA card which I like to use because I get a 1% cashback (it's not much and yes, I'm aware of the pitfalls of cashback etc but it still adds up). Anyway, I had used this card on [Amazon.de](http://Amazon.de) in the past without any problems. But for the past couple of months I've noticed my TR VISA card was suddenly ""Ineligible for this order"".  
After contacting customer support and waiting for a long time I got a response, explaining that [Amazon.de](http://Amazon.de) now only accepts, among other select methods, ***Amazon VISA*** as payment. Meaning, TR VISA and other VISA cards are no longer accepted.  
Not coincidentally, Amazon is now offering its own VISA card where customers can get bonuses, discounts, cashbacks and other perks when they use their Amazon VISA card (especially if used for purchases on Amazon).

I think this is a clear case of monopolistic practice by Amazon. What do you guys and gals think?  
I'm thinking of writing to an appropriate EU institution about this.",Atomsk_12,0,0.38,10,2025-09-14 10:07:43,https://reddit.com/r/eupersonalfinance/comments/1ngmhne/amazon_blocking_competitor_visa_cards/,eupersonalfinance,Reddit
1nkbqrm,Best cashback card in Germany,"Dear all , what is the best cashback card right now in europe( miles or cashback)

I use a combination of trade republic and revolut.",Jerreyz1,4,0.75,9,2025-09-18 16:41:38,https://reddit.com/r/eupersonalfinance/comments/1nkbqrm/best_cashback_card_in_germany/,eupersonalfinance,Reddit
1p8pzfk,Currency change - Money transfer,I have a Revolut account with +-5K pounds and I need to make a transfer in euros to another account. The transfer fee is very high. Any solution to recommend?,PuzzledBumblebee5882,0,0.5,1,2025-11-28 08:43:05,https://reddit.com/r/eupersonalfinance/comments/1p8pzfk/currency_change_money_transfer/,eupersonalfinance,Reddit
1n9wk2r,Debit/Credit Cards that offer Cashbkac or Miles in Europe,"Are there any debit/credit cards in Europe that offer cashback in cash/miles/etc. that  could be compared to 1.5%-2% offered by US credit cards? My experience can be subdivided into three categories:   
  
1) local Austrian bank offers cashback on shops that are not very competitive with their prices (though they do offer 1% of gas prices in BP what might be a good deal for some). In addition to that even if there would be a good deal, I would have to go through all the options and look for the item I need in the shops that they are partnered with. Thus it is not very efficient time-wise.

2) Revolut offers RevPoints that are 1:1 redeemable with some Airline alliances or can be used to get reduced entries to airport lounges or hotels. Assuming Premium subscription for 8EUR, one would get 1 RevPoint per 4EUR. The discount on the lounge pass if bought in app is about 0.02 cent per 1 RevPoint. Therefore, assuming I would convert all my RevPoints into lounge passes the effective cashback that I get, would be 0.005 cent on 1EUR spent, or 0.5%, what is quite unimpressive. That means just to get your money worth for subscription, you would have to spend (8\*12)/0.005=19200 exclusively through Revolut.

3) I didn't use crypto cards, but they promise cash back of around 2%, one that stood out for me was EtherFi. As of now, they offer 3% cashback on all purchases, what seems generous. My concerns are that this project might go belly up, reduce the cashback, or the fees for transferring fiat EUR to the wallet won't be cheap. Did anyone have any experience with them? 

Any opinion or info will be appreciated. 

",EntertainmentIll5996,7,0.82,9,2025-09-06 11:51:34,https://reddit.com/r/eupersonalfinance/comments/1n9wk2r/debitcredit_cards_that_offer_cashbkac_or_miles_in/,eupersonalfinance,Reddit
1nqvtoy,World ETF advice for the long run,"In the past few days I've been reading and researching quite a bit about ETFs because it seems to be a good way to have a retirement fund that I can just finance monthly and 'forget'. There's loads of information about market returns since the 70s but then all the funds that I find that I like are less than 5 years old so I'm a bit confused tbh.

I'll admit that I'm still new at index funds and ETFs so I'm probably just missing something obvious. If all the ETFs that I found so far that I like are less than 5 years old, how can I expect to keep 1 of them for the next 20+ years (I'm 41 now).

Let's say this one as an example [https://www.justetf.com/en/etf-profile.html?isin=IE00BD4TXV59#overview](https://www.justetf.com/en/etf-profile.html?isin=IE00BD4TXV59#overview)

It looks good to me, perhaps slightly more USA than I'd like but still acceptable, but then it was created 4 years ago. I don't really feel confident in putting a large chunk of my savings on something like this but maybe I'm just overthinking?

A bit of a side note, but I've been using Revolut for a while and just recently found out it's probably not a good choice to invest long term in these kind of ETFs (basically keep my funds there until I retire) due to their fees. Is that true, or is it just the same (or similar) as any other broker app for this kind of use?",alfaproject,4,0.76,7,2025-09-26 09:23:52,https://reddit.com/r/eupersonalfinance/comments/1nqvtoy/world_etf_advice_for_the_long_run/,eupersonalfinance,Reddit
1oerk7c,Bank/savings account for kids?,"I want to get an online bank/savings account for my kids. I'm looking for something without fees, online, and with a debit card, hopefully. Does anyone have any recommendations?",fuck_this_i_got_shit,3,0.72,4,2025-10-24 08:41:52,https://reddit.com/r/eupersonalfinance/comments/1oerk7c/banksavings_account_for_kids/,eupersonalfinance,Reddit
1lvekg5,Living in EU and earning in USD - Should I buy VWCE or VWRA?,"Hey guys, I’d like your help with planning my long-term investments.   
  
Based on my situation, I want to understand whether it’s better to:

* invest in **USD** and buy **VWRA**, or
* invest in **EUR** and buy **VWCE**.

Here’s my situation:

* I live in **Portugal**, but I plan to move out of Europe in 3–4 years, likely to **Cape Verde**, but it could change
* I earn **USD** through my business in the **United States**, but I use **EUR** for my daily expenses.
* My broker is **IBKR Ireland**.
* I don't have a personal bank account with US coordinates

Since I **earn in USD**, it would make sense to invest in USD and avoid unnecessary currency conversions.   
  
However, there’s a complication: I **don’t have a personal USD bank account** with U.S. banking coordinates.

Because of that, I have to send money from my **business Wise account** to my **personal Revolut account**, and this costs me **$6–$8 per transaction**.   
  
This happens because Revolut’s “USD” account is actually based in **Lithuania**, so the transfer is treated as an **international wire**.

After that, I can send the USD from Revolut to **IBKR** and buy **VWRA**.

The alternative would be to **convert the USD into EUR inside Wise**, then send the EUR to Revolut, and finally to IBKR to buy **VWCE**.   
  
This would avoid the international wire fee, but I’d still pay **currency conversion fees and the exchange rate spread** inside Wise.

Another factor: I’m **very likely (90%) to move to Cape Verde** in the next few years.   
  
The **Cape Verdean escudo is pegged to the euro**, meaning the exchange rate between the two stays stable.   
  
If I invest in EUR (VWCE), that would reduce currency risk once I move there.   
  
In contrast, USD (VWRA) would still be subject to currency fluctuations.

**So, considering all of this — fees, transfer complexity, and future currency risk — do you think it’s better for me to invest in VWRA (USD) or VWCE (EUR)?**",Emerson_NBS,20,0.82,13,2025-07-09 10:41:11,https://reddit.com/r/eupersonalfinance/comments/1lvekg5/living_in_eu_and_earning_in_usd_should_i_buy_vwce/,eupersonalfinance,Reddit
1mx03e9,Bonds,"Hi, 

I’m earning in EUR and CHF and I would like to buy 3 months or 1 year Polish governmental bonds. They are at least 2 percentage points higher than Dutch ones. Is it worth to do? I plan to convert them back to EUR or CHF in the future. I use for Revolut for currency exchange so I will definitely need to pay extra commission. Otherwise, what is a good idea for keeping savings protected (at least a little) against inflation? ",Squirrel7361,8,0.9,10,2025-08-22 08:36:18,https://reddit.com/r/eupersonalfinance/comments/1mx03e9/bonds/,eupersonalfinance,Reddit
1nu6fhj,How does tax residency affect investment,"Hello. I am new to this forum, please explain it to me like I am five. 


I recently started investing in acc. ETFs. Doing it slowly, for the long run. Not going to take any money out anytime soon. 

I am Croatian, currently living in Germany, fully employed and paying taxes here. I started investing here in Germany with a Revolut account I opened back in Croatia. (Not the best option, it was a starting tool, now looking at other platforms). 

In the last 10 years, I have been living in Croatia, UK, Netherlands and Germany, and have Cro, UK and De tax numbers. I would like to get an understanding of how tax residencies affect the investments when moving as much as I do.

Do I need to keep track how much I invested in which country? Would I just pay capital gains tax based on the country where living for the last 6 months before withdrawing? 

I want to know what I need to pay attention to, and what tracking systems to put in place. ",OldfashionedYouth,3,0.72,6,2025-09-30 08:05:23,https://reddit.com/r/eupersonalfinance/comments/1nu6fhj/how_does_tax_residency_affect_investment/,eupersonalfinance,Reddit
1kljfjz,Which bank offers better interest rates on euro deposits with no fees?,Which bank offers better interest rates on euro deposits with no fees? I try to keep euro for buying an apartment.,Efficient_Silver7595,12,0.78,19,2025-05-13 12:24:08,https://reddit.com/r/eupersonalfinance/comments/1kljfjz/which_bank_offers_better_interest_rates_on_euro/,eupersonalfinance,Reddit
1n16teu,Emergency Funds,"I recently thinking to build my emergency funds and I would like to know when put my money. I'm Ukrainian who live in Germany. Just put money with okay interest rate without any subscription and I can take this money anytime.
I check Revolut and 2% is okay, but maybe something else without any cost",AlexLomich,4,0.76,9,2025-08-27 04:46:37,https://reddit.com/r/eupersonalfinance/comments/1n16teu/emergency_funds/,eupersonalfinance,Reddit
1ivgev9,Discrepancy between Google and other sources for VWCE value,"Hello, 

Today is Saturday, a non market day, I decided to check the value in EUR for the ETF VWCE. I went on Google and saw 139.03 EUR as you can see [here](https://ibb.co/8gydzTxx) too.

Then I went to see on IBKR and it says 137.50 EUR, on Revolut it says 137.48 EUR, on [justETF.com](http://justETF.com) it says 137.52 EUR.

My main question is : why is Google so off on a day where the market is closed?

Also, why the other ones that seem to be closer to the truth are not exactly saying the same thing?

Thank you

",Ambitious-Pomelo-700,14,0.85,27,2025-02-22 11:06:20,https://reddit.com/r/eupersonalfinance/comments/1ivgev9/discrepancy_between_google_and_other_sources_for/,eupersonalfinance,Reddit
1mvhqok,Deposit funds on IBKR from Czech republic,"Good afternoon,

I've opened an account on IBKR from Czechia, I did not load money on it yet since I'm a bit confused on the potential fees.

I'm an Unicredit client (basic account) and as far as I understand when doing a bank transfer to IBKR it would be counted as Foreing tansfer, which means an hefty fee even if I stick to send out crowns instead of euro.

Did anyone have any tips for it? Would it make sense to also open a Wise account to get around it?

Consider that I would somewhat regularly upload money there to funnel investments, I would like to keep these costs low

thanks for the help",Lendmar,3,0.68,9,2025-08-20 16:19:59,https://reddit.com/r/eupersonalfinance/comments/1mvhqok/deposit_funds_on_ibkr_from_czech_republic/,eupersonalfinance,Reddit
1k0lqsv,Beginner investor in Spain. Looking for feedback.,"Hello there,

I am 27 based in Spain, and have saved some emergency funds for rainy days or any unexpected expenses and keeping it in my Revolut account with 2.26 APY, available at anytime. So that is check and makes me feel comfortable about this adventure I am going to start.

I have been wanting to do more with my income and saves, I have some 3000 ready to invest and planning to invest/save at least 1000-1500 euros a month, I also get a yearly bonus that I mostly save/invest. I have some thoughts in my mind saving for a mortgage entrance fee etc. but these are mostly at least 3 to 5 year plans and I want to make investing part of my life for a long time.

I am also open to taking a little bit of risk.

Below is what I decided,

50% ETFs - Open to any suggestions here. (**VWCE** is suggested a lot)  
20% Gold  
20% AI based US Stocks such as NVIDIA, Meta etc.  
10% BTC.

Thank you all in advance.",thr4th,10,0.81,21,2025-04-16 15:26:49,https://reddit.com/r/eupersonalfinance/comments/1k0lqsv/beginner_investor_in_spain_looking_for_feedback/,eupersonalfinance,Reddit
1o4voby,Savings accounts,"Would it be a good idea to keep some money in both Trading 212 savings account and Revolut savings account?
",Hot-District134,3,0.81,3,2025-10-12 18:49:39,https://reddit.com/r/eupersonalfinance/comments/1o4voby/savings_accounts/,eupersonalfinance,Reddit
1l83kde,"Early 20's, ~NL, investment on a 2-year horizon, (~$1400 + ~400€)/month","Hi! I am asking for personal recommendations regarding how I should invest in the upcoming 2 years, given my composition of income. Personal circumstances lead me to only be able to plan on a 2-year horizon, not more.

My Situation:

* **Money to invest, per month**: \~$1400 &amp; €400, both after taxes,
* **Savings**: €10,000, won't touch it,
* **Preferred Broker**: Revolut (at this point it's convenience, everyone international I know uses it, I'd like to remain on it with my investments since it's my bank too). If there's no other way to do it as described in the last paragraph, I'll eventually open a 3TP account.
* **Risk**: I'll invest them on an exact day in month and forget about it, won't check my investments daily.

Given part of my income is in $, the FX rate really disadvantages me. VWCE All-world is in €, so Revolut would have to convert my money. Seems every ETF is in €? I'd like to keep the $1400 in dollars, and the rest of €400 in € (I think in VWCE).   
  
How should I invest the money given the time horizon &amp; distribution?",BranchMindless67,15,0.94,13,2025-06-10 17:42:34,https://reddit.com/r/eupersonalfinance/comments/1l83kde/early_20s_nl_investment_on_a_2year_horizon_1400/,eupersonalfinance,Reddit
1o0my83,Paying taxes for realized gain in Italy,"Hello everyone,

I am quite new in investing and I put some of my money in Revolut investment. I got quite nicely return this year, but i don't know how to fill the taxes for this gain. FYI, I am an international phd student here in Italy. Could you give me advise how to handle this? Thank you everyone.",maul60,2,1.0,1,2025-10-07 19:27:47,https://reddit.com/r/eupersonalfinance/comments/1o0my83/paying_taxes_for_realized_gain_in_italy/,eupersonalfinance,Reddit
1nblt1p,What is currently the bank that is best for foreign exchange rates.,"Hi!

I am a long term user of N26 for travelling, which I do often. I have a metal plan allowing me to withdraw at ATM's in foreign currencies without fees. However the exchange rate itself is the mastercard exchange rate.

I heard about Revolut. They used to charge interbank rates, but I don't think that applies anymore is what I read online.

So what is currently the best bank for travelling outside the Euro region for ATM withdraws and general card transactions?

Is Revolut still the best option? Is there another (online) bank in Europe (or more specific The Netherlands) that offers competitive rates?

Thank you for any tips! It's greatly appreciated!",WunkerWanker,3,0.71,5,2025-09-08 13:01:24,https://reddit.com/r/eupersonalfinance/comments/1nblt1p/what_is_currently_the_bank_that_is_best_for/,eupersonalfinance,Reddit
1kw05ay,Using Wise in Germany,"I travel to Germany every year or so (though not a resident). When I reach I usually convert USD/CAD to Euros and sometimes I receive monetary gift as well while in Germany. I always have some euros left over before I return (say about €500-1000). I don’t see the point of converting them back. And holding cash doesn’t make sense for me because I travel around a lot.

My question: if I open a euro account with Wise. And transfer funds to my wise account through my sister’s local bank and leave the funds there until I return. And on next visit I use wise debit card (if they have it) for purchases and perhaps withdraw €200 euros for places that don’t take cash. What kind of fees or challenges am I looking at? 

Any help would be appreciated. ",Lowwwkey,14,0.94,14,2025-05-26 18:25:43,https://reddit.com/r/eupersonalfinance/comments/1kw05ay/using_wise_in_germany/,eupersonalfinance,Reddit
1np7032,ETF - What currency to invest in (FX risk),"This is the situation I am in:

- I want to invest monthly into the Core MSCI World ETF, the ACC version trading in Euro currency.

- My idea is to hold for 20-25 years.

- My account is opened at XTB.

- I live in Poland so I earn in PLN. Therefore, I see two options:

1) Use an account with base currency PLN and allow XTB to convert PLN into EUR to fund the monthly purchases.

Pros: my account balance will always show PLN, making easy to track my gains/losses. 

Cons: my yield will always be impacted by changes in the EUR vs PLN FX rate and the profit in PLN will most likely seem small compared to how the actual ETF will grow in Euros. Also, XTB charges a 0.5% FX fee.

2) Use an account at XTB with base currency EUR and top it up with Euros each month. To achieve this, I would need to use Revolut/Wise to convert my PLN into EUR and transfer that to XTB afterwards.
This way, I would have a EUR account for all purposes.

Pros: this would give me a clearer picture of the actual performance of my ETF. Also, holding EUR long term is probably safer/more stable than PLN, offering currency diversification.

Cons: needing to exchange PLN into EUR manually each month, albeit at a slightly better rate than the one offered by XTB.
Also, whenever I sell in the future, it will be harder to track what was my net gain/loss in PLN for tax purposes.

What would be your recommendation? Is there anything I am not thinking about?",Tipsarevic91,2,0.6,3,2025-09-24 09:47:11,https://reddit.com/r/eupersonalfinance/comments/1np7032/etf_what_currency_to_invest_in_fx_risk/,eupersonalfinance,Reddit
1mw2sg3,WISE to transfer USD from USA Bank to Eu/Greek Bank?,"Hi Folks, i'll try to make this as concise as I can!

My wife (dual citizen) just opened a Piraeus bank account to assist her mom with paying bills/taxes/etc for her home in Greece.  We're not planning to keep a 'bounty' in the account but we do want to eventually transfer some funds into the account from the USA. 

I/We have accounts with Chase, SoFi, Fidelity, Flagstar (MyBankingDirect), Paypal, venmo, etc. I know that transfers from Chase are possible, but expensive, I think there is an option via Fidelity, but I don't believe there are options with the other accounts.  I know in the past i have paid for items (musical instruments) by sending funds via Western Union associated with an IBAN number - so i believe WU is a possibility.

I've just learned about WISE however - can anyone share their experience? Is this a reasonable/cost efficient option?  I don't think I'll be keeping more than a few thousand EUR in the account. 

",Hour-Charity-7764,1,0.56,6,2025-08-21 06:55:46,https://reddit.com/r/eupersonalfinance/comments/1mw2sg3/wise_to_transfer_usd_from_usa_bank_to_eugreek_bank/,eupersonalfinance,Reddit
1l80f7p,Trade Republic: blocked account,"I tell you about my situation. About a month and a half ago I opened an account with trade republic to try it out and see a bit how it worked.I started by depositing money into it and using it to make purchases and receive payments, first with the virtual card but I immediately ordered the physical card. After a few days I still hadn't gotten it (strange!) but whatever I think maybe there was some delay and I didn't bother. Later, making a purchase at a store, the wallet on the iphone told me that the card was blocked, so I went to the app to find out that for no reason they had blocked both my card and my account, so now I end up with money I can no longer use. The only way to start a chat with customer support was to try several times to make a payment and after a series of errors it would ask you if you wanted to talk: I started about 15 chats only to get automated responses and closed chats after a few days. Another strange thing is that in the ""help"" menu, if I select the item ""problems with the card"" and ""card not arrived"", it tells me that I never ordered it!

I really don't know what to do, do any of you have any advice on how I can at least get the money I have in the account back?

and by the way: DO NOT USE TRADE REPUBLIC",VascoLigabue,17,0.75,11,2025-06-10 15:39:09,https://reddit.com/r/eupersonalfinance/comments/1l80f7p/trade_republic_blocked_account/,eupersonalfinance,Reddit
1jz2qpa,Investing,"Hello guys, 
I am brand new here , i have been thinking of starting inventing in S&amp;P 500 possibly or VUAA in a while now. I know i lost an opportunity with the small fall now but i will start by the end of the month/ end of summer. What broker do you guys use? I would like to avoid F24 and was thinking of SaxoBank. Please share your thoughts ",billys21gr,5,0.78,12,2025-04-14 17:11:44,https://reddit.com/r/eupersonalfinance/comments/1jz2qpa/investing/,eupersonalfinance,Reddit
1n3a0e8,European etf invest what to do.,"Hello. I plan to start invest money in etfs around 200-250€/m . 
But i have no idea what to do i read US etf like VOAA or Sp500 have like currency penalty so i search for eu ones but cant find any good i plan to use revolut as invest app.
What are your suggestion to do?",evolutionbg,0,0.45,5,2025-08-29 16:09:17,https://reddit.com/r/eupersonalfinance/comments/1n3a0e8/european_etf_invest_what_to_do/,eupersonalfinance,Reddit
1n2uwmm,Can I open a Greek bank account at 17,I’m an international student and going to study in Greece but I’m 17 is there a way I could open a bank account without a parent being present as my parents do not live in Greece or Europe ,Wide_Power4579,0,0.5,5,2025-08-29 02:56:25,https://reddit.com/r/eupersonalfinance/comments/1n2uwmm/can_i_open_a_greek_bank_account_at_17/,eupersonalfinance,Reddit
1mzo74i,Where should I open a joint account for monthly expenses with my partner,"Me and my girlfriend recently moved to poland. We are looking for a centralized way to manage our monthly expenses. Where both of us contribute an already defined % of our income and that account would only be for ""need"" type buys for both of us. 

We are looking around for possible options to open a joint bank account that wouldn't involve going through the processes of a physical bank (currently both of us have Millennium accounts).

We are currently looking at: Revolut, N26, Bunq. For context I already have wise for international transfers and TR for savings and investments. This new bank would only be for **joint monthly expenses.**

The problem is there are thousands of posts mentioning why we don't want to trust any of the banks mentioned above. With tons of horror stories and we don't really know which to actually trust.

Note: We both have separate emergency funds in EUR and there will be some money in the Millennium account at all times.",caseinsmell,2,0.67,5,2025-08-25 12:43:53,https://reddit.com/r/eupersonalfinance/comments/1mzo74i/where_should_i_open_a_joint_account_for_monthly/,eupersonalfinance,Reddit
1mgv3qk,Virtual bank choice for traveling abroad,"I live in Estonia and use a local bank, but i also want to have a multi-currency virtual bank (i also mean banks like revolut that are not considered virtual anymore, but it is still virtual almost everywhere and it also has been for so long) for when i travel around the world (mostly europe tho). I want it to not cost me for just having the account or holding money on it (and no subscriptions or anything), i want to have different currencies on it, have good currency exchange rates, little to no fees for just plain paying or transfering money. Cashback and nice UI and comfort of use would be nice to, but thats not necessary, just a want. Can somebody help? I have heard of many different virtual banks, but dont know the difference and which one is better. So if someone can name ones i could use and enjoy what i mentioned, it would be amazing.",Safe-Hat3224,3,0.81,7,2025-08-03 22:27:06,https://reddit.com/r/eupersonalfinance/comments/1mgv3qk/virtual_bank_choice_for_traveling_abroad/,eupersonalfinance,Reddit
1lypcya,Were put my liquidity?,"Hello,

I wanted a suggestion from some of you. 

I currently moved of residence, from Italy to Sweden. As you know the currencies are different (Sweden has SEK).

  
Most of my savings are in EUR but I will have to close my Italian bank account since my tax residence will be in Sweden. For now I moved them in Revolut (still Italian residence account tho) but I don't think is a smart move in a long run. Also, I believe that to move the Revolut residency I also need to close and re-open the account. 

  
What can I do? I do not want to convert them in SEK since I would lose some in the conversion...

  
What should I do? Any of you had a similar experience? Sweden might not be my final destination probably I will stay in Sweden for max 3/4 years.

  
Thanks",Daxo_32,3,0.62,9,2025-07-13 11:14:17,https://reddit.com/r/eupersonalfinance/comments/1lypcya/were_put_my_liquidity/,eupersonalfinance,Reddit
1klpfqk,Credit/debit card without exchange rate fee,"I travel a lot outside the eurozone, and am wondering is there any (neo)bank that allows to convert euros to a different currency without any fee (so just at the conversion rate of visa/mastercard/...)? I use my credit card to book my flights and hotel rooms (because of the cancellation insurance) and (apart from cash) a Wise card to pay for the rest. But I noticed that even though Wise has much lower fees than banks, it can still be a quite high fee (especially if you withdraw from ATMs). Also it seems that Wise quite often blocks people their accounts, which I don't wanna risk.

So, what are the alternatives? I heard Revolut asks fees too. Idk about the rest.",Hefty_Rabbit,10,1.0,11,2025-05-13 16:51:37,https://reddit.com/r/eupersonalfinance/comments/1klpfqk/creditdebit_card_without_exchange_rate_fee/,eupersonalfinance,Reddit
1mzoqez,How to improve my financial strategy as a 23 year old,"Hi everyone, my goal with this post is to recieve some advice on my current financial strategy.

Im a 23 year old Swedish male who has worked consistently for every summer the last 4/5 years so Ive managed to save some money after self financing my bachelor through savings, student loans and a little help from my mom (which I graduate in a year), and self financing my travels + car license.

At the moment, I have **3,500€ invested in Vanguard S&amp;P 500 ETF** (Dist) through the Revolut app and **10,600€ invested in Swedbank Robur Access Global A,** which *""..is an index tracking equity fund that provides exposure to large and medium sized companies across a range of sectors worldwide."".* I also have **2,600€** that I had invested in crypto for the last 4 years but I took out due to the volatility of crypto and my lack of understanding of it. This lump of money Ill invest in either one of the funds. 

The money I stated above has been funded about 40% from my own savings, and 60% from my student loans. My current debt from my student loan is **17,603€** which I have to pay back at **1.981%** interest on top of mimum payments I will have to pay by 41 years (when Im 64). My student debt by the end of my studies (in one year), will be **25,681€**, but I will also recieve **3000€** in grants during the same period. 

My strategy is to continue investing 10/20% of my income post-graduating into the funds I specified. To save this amount, I will try my hardest to live below my means. However, I am undecided if in the forseeable future (5 years) I will accept a low level entry job and build my way up the corporate ladder, or to travel/volunteer which is my passion. Perhaps a mix of both? Ultimately however, I would like to continue growing the fund to serve as a nest for when Im in my 40s to live a comfortable life.

My questions are the following;

Am I currently in a good financial position for my age? Is there something I may have overlooked?

Is my investment strategy a good one? Should I perhaps invest some money in a riskier fund?

Should I start building an emergency fund?



",lcsalctr,5,0.78,4,2025-08-25 13:10:06,https://reddit.com/r/eupersonalfinance/comments/1mzoqez/how_to_improve_my_financial_strategy_as_a_23_year/,eupersonalfinance,Reddit
1n3mree,What bank do you recomend for me?,"HI, im having some problems whit mi banks accounts, i dont know why but N26 closed mi account and i have to create another one, what do you recomend, im living in Cerdenia Italy, and i need an account to recibe mi salary. Thanks youu.  
P/D: i cant create revolut and wise is to expensive and craxy for me.",Faridstructor,0,0.42,4,2025-08-30 00:35:47,https://reddit.com/r/eupersonalfinance/comments/1n3mree/what_bank_do_you_recomend_for_me/,eupersonalfinance,Reddit
1lqzl7v,Withdraw Paypal Money - Not at Bank,"I am based within EU and I have some money at a PayPal account. Having in mind that in EU there is no card available for ATM withdrawal and I don't want to withdraw them at a bank (neither Revolut), what would be the best way to withdraw those money?

I thought moving them to a crypto plaform (nexo) and then withdraw them partially with their card, or to trading 212 and then do the same.

Using these options i could also invest (some) money, while at PayPal i can't do anything.

Do you have any other better options for this goal? 

I think i need a platform that allows PayPal topup and also have a card. Eg etoro is not an option, as it allows PayPal topup, but at the end you should withdraw to bank or PayPal again.

  
",thanosgre,5,0.78,9,2025-07-03 21:11:34,https://reddit.com/r/eupersonalfinance/comments/1lqzl7v/withdraw_paypal_money_not_at_bank/,eupersonalfinance,Reddit
1ml3vs5,What to do with my savings?,"Hello everyone,

I'm a 24 yo EU immigrant living in Sweden for my masters degree. I have a bunch of savings and I would like to hear some opinions about what to do with these.

The facts:

I do not have a job right now, I live off of my parents supporting me and the state student money. This is quite enough for me, I used to end every month in the green. From September on I don't get student money anymore so I will have to dig into my savings, unfortunately. I am of course looking for a job to avoid this!

I have quite some savings because of my parents supporting me and inheriting. In total, I have 28,5K to my name and no debts. I currently have this money spread out over a Swedish bank, a Dutch bank, and a Revolut account, most of it in low risk savings accounts.

Now my question is, is this the smartest way to go about it? I have some fears around losing money as my parents were very poor when I was younger, and I'm anxious to use the money I have to my advantage.

I currently rent a student room but will at some point buy a house. Now, I am in the extremely privileged position that my parents will help me financially with buying a house. My parents have also offered to buy me a small car once I'm in a position where that would be useful to me (right now absolutely everything is bikeable so the car doesn't really make sense). Furthermore, I can expect to inherit about half a million after my father dies. He is 63, so (hopefully!!!) that will not be soon, and I do not want to rely on just that as anything could happen with the money. He is considering already giving me and my sibling part of the money, both because he trusts us financially and because we then would pay less inheritance tax lol (this isn't tax evasion! You can donate about 2K every year tax free to a child). Furthermore, although I have my own savings, in case of emergency I can fall back on my parents financially.

All this considered I am in a very privileged position and I want to use the money I have now to help me be more stable later. What is smart in this situation? I do not expect to make a lot of money later as I want to go into academia, so I feel it's best to be smart about it now!",No-Corner1325,0,0.5,6,2025-08-08 20:00:38,https://reddit.com/r/eupersonalfinance/comments/1ml3vs5/what_to_do_with_my_savings/,eupersonalfinance,Reddit
1kn52yy,Are MyInvestor fees too high for small investors? Looking for better alternatives in Spain,"Hi everyone,

I’m a new Spanish tax resident (recently moved from Italy), and I’m trying to build a long-term investment strategy from Spain. My plan is to:
	•	Buy 3–4 ETFs per month
	•	Buy 5–6 individual stocks, also monthly

I opened an account with MyInvestor, but I just realized that the minimum fee per trade is 2€, which seems quite high for small amounts (especially when building a diversified portfolio gradually). That could easily turn into 20–25€ in fees per month, which feels like a lot.

So I’m wondering:
	•	Is this normal for Spanish brokers?
	•	Are there any low-fee brokers that still report automatically to the Agencia Tributaria?
	•	What do you think of Revolut Trading from Spain? I already have a Revolut account, but I’ve read conflicting things about whether it reports to the Spanish tax agency or not.
	•	Should I just stick with MyInvestor even with the fees, for the sake of keeping things tax-compliant and easy to declare?

Any advice from other investors in Spain would be hugely appreciated.

Thanks in advance!
",GiovaneFresnel,11,1.0,12,2025-05-15 11:43:33,https://reddit.com/r/eupersonalfinance/comments/1kn52yy/are_myinvestor_fees_too_high_for_small_investors/,eupersonalfinance,Reddit
1j4r2x1,Non fiscal resident banks that allow opening a bank account,"Hello, 

I tried to do this research myself, but I wasn't able to find anything.

I am an EU citizen currently living in the EU, with the fiscal residence in one of the EU countries. Due to the maelstrom that is happening geopolitically I want to open a bank account in an other EU country in which I am not a fiscal resident. The main reason would to more from a psychological peace of mind that I have some savings in a different basket.

Could anyone recommend me traditional bank (not fintech like N26 or Revolut) that would allow opening a bank account remotely? 

Thank you!",vektor1993,11,0.87,18,2025-03-06 08:38:10,https://reddit.com/r/eupersonalfinance/comments/1j4r2x1/non_fiscal_resident_banks_that_allow_opening_a/,eupersonalfinance,Reddit
1lz5wor,Tips for a new investor (portfolio selection),"
Hey, I haven't messed with investments at all, but I want to start as a beginner to secure around 40-50 a budget for retirement instead of giving it to a private Greek bank program!! I'm 28 and have many years of work ahead of me (38 years until retirement), living in Greece.

Since I'm at the beginning, I'm confused, so I'm asking for a little help. I'm writing down some things below, and whoever corrects or adds to them, I thank them in advance.

With the picture I've created so far, I want to invest long-term, like 20 years, an amount like €1000 and then €50-100 each month in UCITS ETF accumulative for passive income. Someone said to me that that plan is poor and that I need 10K at least-and that’s maybe true- but according to my salary-saving until now it’s better than nothing, right ? 

A. I already have a Revolut account and today I set up DeGiro, but the second one seems a bit complicated to me. What do you suggest?

B. Most people here seem to suggest a portfolio like S&amp;P500, e.g., UCITS: VAUU or VWCE and Vanguard LifeStrategy. In general, most of you discuss diversification { diversified } of the portfolio both in terms of countries (USA · Emerging economies) and stocks / bonds to secure the investments.

C. I'm thinking of maybe going for the Vanguard LifeStrategy 80% Equity UCITS ETF Accumulating (V80A), which is a globally diversified ETF with 80% stocks and 20% bonds, designed for investors with a long-term profile.


Would the Vanguard LifeStrategy 60% (V60A) be better instead of this or something completely different or directly in VAUU ~ VWCE?

D. Such an investment of 70-15-15% would be better: · VANGUARD FTSE ALL-WORLD UCITS ETF Accumulating: VWCE. +
· Xtrackers II Global Government Bond UCITS ETF – Accumulating: XG7S/DBZB + 
· Amundi Index FTSE EPRA Nareit Global UCITS ETF – Accumulating: EPRA

Thanks in advance for the help! 😃",GRboy96,3,0.67,6,2025-07-13 23:33:01,https://reddit.com/r/eupersonalfinance/comments/1lz5wor/tips_for_a_new_investor_portfolio_selection/,eupersonalfinance,Reddit
1mzthdn,Question about currencies and investing,"Hi everyone. I have a big chunk of savings that I am now investing in an all-world ETF via Interactive Brokers.

I am from the UK but live in Germany, however I am self-employed and a large chunk of my earnings (and therefore savings) are in UK sterling. I use Revolut for day-to-day transactions and obviously declare all my UK income on my German tax return. My husband is from another EU country and while we are pretty settled in Germany, we have not ruled out the possibility of moving elsewhere in future.

IB supports investments in both sterling and euros. I'm leaning towards converting half my savings to euros using Wise before investing them, and keeping the other half invested in sterling. This feels most sensible to me, given there is a very slight chance we could move to the UK in future, but my husband thinks I should just convert 100% to Euros as he feels it is ""a safer currency"".

WWYD? I feel my approach is better as it is more diversified.",DependentGarage6172,2,1.0,2,2025-08-25 16:23:56,https://reddit.com/r/eupersonalfinance/comments/1mzthdn/question_about_currencies_and_investing/,eupersonalfinance,Reddit
1n1hwzs,Lightyear GIA USD - Any way of depositing USD fee free?,"Just signed up to lightyear broker. Very attractive interest rates on their multi currency vaults.  
But how on earth do you deposit from Wise or Revolut without their 8.50 USD recieving fee or their % fee on card deposits? ACH between Wise and Revolut. No ACH option  
30 USD fee on a 5000 USD card deposit also. Bit of a rip-off imho

If there is no way around it then only way is to convert GBP to USD...

Also to withdraw USD?? Is it that complicated? No simple option in the app to send it to Revolut ot Wise?  
Has anyone had experience withdrawing USD?

""**To withdraw EUR or USD**, contact us via the link at the bottom of this article and send your recent bank statement or another relevant document issued by your bank. The document must show your account details and confirm you as the account owner. We’ll let you know once the account has been added and is ready for a withdrawal.""",InstructionMammoth21,2,0.76,1,2025-08-27 15:02:26,https://reddit.com/r/eupersonalfinance/comments/1n1hwzs/lightyear_gia_usd_any_way_of_depositing_usd_fee/,eupersonalfinance,Reddit
1mofc01,"Looking for the best joint high interest savings account in Europe, specifically Estonia","Will be very thankful if anybody is able to help. I need it to be joint for me and my girlfriend. The bigger percent the better, just not the P2P's, they are too random and risky. The app/web has to be available in Estonia, otherwise I will not be able to use it.",Safe-Hat3224,2,0.63,2,2025-08-12 18:37:35,https://reddit.com/r/eupersonalfinance/comments/1mofc01/looking_for_the_best_joint_high_interest_savings/,eupersonalfinance,Reddit
1iy0oco,N26 Interest rate,"Just venting.

I've been an N26 customer for over 4 years, getting my salary paid there. Been on the metal tier for nearly a year, the 4% interest rate, free withdrawls &amp; trades, free travel insurance all convinced me it was worth it. It was at first, the 4% massively outweighed the 13€ monthly cost.

Now the rate has dropped all the way to 2.25%, making it much less appealing. But fine, it follows the ECB so there's an argument that it's fair (I'd argue they dropped it more than they needed/more than others did).

What really pissed me off is now seeing that new customers get 2.75%. Is that how they treat loyal customers of 4 years? Giving them worse interest than new customers.

I paid yearly for Metal but I shall not be renewing, I'll go elsewhere

  
Edit 6th March: now got an email that they're lowering it to 2%. What a joke",Financial_Most_5229,9,0.77,16,2025-02-25 17:35:04,https://reddit.com/r/eupersonalfinance/comments/1iy0oco/n26_interest_rate/,eupersonalfinance,Reddit
1mvjcj8,Satchel account,"I would like to open Satchel Freelancer account. I wanted the Business one but it seems to be quite expensive and as I don’t have any employees I think freelancer would be ok with the legal requirements.

My first concern is that I didn’t find any reviews  about it so have no idea if anyone uses it. The other concern is if I would be able to get monthly statement for free as I need it for accounting purposes.

I actually wanted to open N26 but that one is not supported in my country altough I’m in EU. I also have specific reasons why Revolut and Wise are not suitable.

So any feedback on Satchel or some other idea for bank account that can be opened online are welcomed.",Safe-Reflection2660,2,0.63,1,2025-08-20 17:17:20,https://reddit.com/r/eupersonalfinance/comments/1mvjcj8/satchel_account/,eupersonalfinance,Reddit
1mkshja,What to do in the prospect of an internship in the USA?,"I'm an Italian student that was selected for an internship in the U.S. later this year.
I have only one bank account with HYPE, an Italian digital bank and I'm completely satisfied with it.
The only problem is that the bank only works in Euros.
If I were to pay something in US$ they would apply a fee to the conversion and they would also apply a fee to the wage I'll be receiving.
Because of this I was looking into opening a temporary bank account with some other digital bank with a different policy on payments in other currencies.

For example I know Revolut allows you to keep different currencies separate and to also convert with no extra bank fee up to a certain limit.
That sounds exactly like what I want, but before opening an account I wanted to ask you more experienced people whether this is a good choice or if there's a better solution to my problem, or a better bank or anything else that you might suggest to me.

Thank you for your help!",Elq3,1,0.67,2,2025-08-08 12:19:34,https://reddit.com/r/eupersonalfinance/comments/1mkshja/what_to_do_in_the_prospect_of_an_internship_in/,eupersonalfinance,Reddit
1mir3zh,Class action lawsuit against WISE for account closure," have recently had my business account closed with no notice, no reason and they are really taking their time with refunding the funds.

I have seen this has happen to other people on this thread, more so than Revolut, or any other bank for that matter.

Use your Up vote to indicate - would you join a class action lawsuit against Wise for the way in they conduct these closures? If there is a lot of interest, we'll put up a form to collect details to join the suit.

Possible claims:

**VIOLATION OF REASONABLE NOTICE**  
Wise's Acceptable Use Policy states they can impose ""immediate withdrawal of your right to use our Services""

Contract law in most jurisdictions (like mine, Australia) requires requires ""reasonable notice"" when no specific notice period is mentioned, and notice must be ""extensive enough to enable the recipient to wind up their underlying business"".

**CONVERSION OF FUNDS = MISUSE OF CLIENT FUNDS.**

**Fund retention** without legal justification constitutes conversion. **No maximum timeframes** for fund return breaches customer property rights.

# DAMAGES

\- Business interruption costs from sudden account closure  
\- Alternative banking fees and setup costs  
\- Lost business opportunities due to payment disruption  
\- Interest on delayed fund returns

There are many others depending on jurisdiction.

",Puzzleheaded_Mud8889,0,0.29,2,2025-08-06 02:07:46,https://reddit.com/r/eupersonalfinance/comments/1mir3zh/class_action_lawsuit_against_wise_for_account/,eupersonalfinance,Reddit
1l9jqaw,Which of these apps is better overall?,"Hi, i just started using Trade Republic about a month ago, but i have also heard Degiro and Revolut are good options too. What do you all think?",LightEnforcer17,3,1.0,6,2025-06-12 12:09:48,https://reddit.com/r/eupersonalfinance/comments/1l9jqaw/which_of_these_apps_is_better_overall/,eupersonalfinance,Reddit
1maqjwc,Best robo-advisor with DIY option? Looking to find a pair of good stocks+crypto trading platforms.,"I started exploring the world of trading a little more than a month ago, with Revolut.

I was excited at the sleek mobile app and playful features. Then I realized that compared to some other solutions, it has relatively high fees, limited features, some terrible reviews (I decided to switch [reading this](https://www.reddit.com/r/Revolut/comments/1m9tvcc/revolut_has_officially_lost_it/) — I cannot support a *bank* that does that), **but** **mosty, I don't need a bank/insurance/revpoints/whatever** and pay for those services I won't use.

I 'just' want to find a legit and reliable platform for investing in stocks and crypto only, to generate some passive revenue and play a little, not make my financial life plan out of it either, I'm happy with my brick and mortar bank.

For now, I have found Kraken interesting for crypto, but can't decide on a broker for more classical products. There are so much solutions and alternatives it's overwhelming. Often, it's either way too complex for me (tried IBKR's desktop app lol), or too simple (ex. Yomoni in France has a robo advisor and life insurance but no manual trading).

I'm open to have one platform for cypto, one for stocks/ETFs/etc, or unify all-in-one.

Here are my core requirements:

* Works for **French** users.
* Fair fees.
* Crypto &amp; Stocks/ETFs trading, fractional if possible.
* Allows staking of crypto.
* Has a robust Robo-Advisor, not an afterthought — or other automated trading capabilities.
* Allows manual trading, there are a couple of stocks I want to manage myself.
* Good tracking/overview of profit/losses.
* Mobile app is cool but not a hard requirement at all.

I was disappointed by the reviews and compromises of the most common solutions available to EU citizens: Revolut, Trade Republic, Scalable Capital, etc. I also though about using a broker with an API and connect that to another platform that does the tracking/automation/etc but maybe that's pushing too far for my needs/

I fell into the rabbit hole and now I'm incapable of making a decision and I fear of missing out! All I'd need is some pointers and reinsurance that a given pick is not a terrible life choice lol.

Not-financial (:D) advices appreciated!

EDIT: Think about a Kraken+XTB pairing for now.",Popular-Audience-396,3,1.0,2,2025-07-27 17:24:21,https://reddit.com/r/eupersonalfinance/comments/1maqjwc/best_roboadvisor_with_diy_option_looking_to_find/,eupersonalfinance,Reddit
1ispdsu,Getting paid about £3000/month in cash in Spain and need to convert to USD,"I hope this is topic appropriate for this subreddit. 

I'm doing contract work and living in Spain for the next few months. Trying to figure out the best way to take money and put it in my US bank account. I don't think I'm able to just deposit it, do I need to open a Spanish bank account? ",Headless_Snowman,0,0.17,15,2025-02-18 22:38:56,https://reddit.com/r/eupersonalfinance/comments/1ispdsu/getting_paid_about_3000month_in_cash_in_spain_and/,eupersonalfinance,Reddit
1kc8msq,NeoBank,"Hello guys! I live in Sweden and I travel to Spain really often, when I do I use  Revolut (with Spanish IBAN) to pay several different things since it is really useful and there is no commissions (as there is in my Swedish Bank) but I have just found about how hardcore the Spanish Tax Agency is getting and I am afraid they will start investigating my account or similar since I do move 1K€ to 3K€ when I travel.
I would appreciate any advice or recommendations for another bank/NeoBank  or similar. Thank you and have a good day 
Edit: is not about hiding my finances, is more about them not closing my account or retaining my money (I don’t know how possible that is but better safe than sorry)",No-Help-5183,4,0.83,8,2025-05-01 14:23:44,https://reddit.com/r/eupersonalfinance/comments/1kc8msq/neobank/,eupersonalfinance,Reddit
1ls5xn8,Clarifying Unrealized Return Discrepancy for Stock Investment,"Hi all,

I’m trying to understand a discrepancy in my brokerage’s reported unrealized return for a stock on Revolut. I purchased a stock at $857.14, it’s now valued at $925.92, and I received a $5.64 dividend. My calculated unrealized return is $74.42 (8.68%), including the dividend, but my brokerage shows $70.92 (8.29%).

Does anyone know what the difference stem from? How do brokerages typically calculate unrealized returns, and is there a standard approach? Any insights or references to documentation would be appreciated!

Thanks,  
",ProperSafe9587,2,0.63,2,2025-07-05 10:26:51,https://reddit.com/r/eupersonalfinance/comments/1ls5xn8/clarifying_unrealized_return_discrepancy_for/,eupersonalfinance,Reddit
1k886cn,Advice for a financial illiterate 18y/o student,"Hello everyone, I’m an 18 year old student currently studying for my bachelor’s degree in AI. I have a stable-ish monthly income of around 1100 euro (part-time and student financing), and I’ve been pretty financially irresponsible so far, but I’m trying to get serious about saving and managing my money properly.

Currently my finances are scattered — a small amount in a Robo-Advisor (Revolut), a bit in ETFs and a portion saved up in a high interest savings account. 

I’d love advice on where to start learning about personal finance — especially budgeting, saving, and investing. Any beginner friendly resources, tools or habits you recommend building early?

Thanks in advance!!",slinryarepo,2,1.0,7,2025-04-26 09:25:34,https://reddit.com/r/eupersonalfinance/comments/1k886cn/advice_for_a_financial_illiterate_18yo_student/,eupersonalfinance,Reddit
1j2w0xl,Where can I open a Euro cash account as a non resident?,"Are there any services offering cash savings accounts in Euro currency for people who aren't residents? Say you have 10,000 euros in cash and you want to keep it somewhere to generate a small amount of interest.",Dramatic-Influence74,3,0.72,11,2025-03-03 22:56:27,https://reddit.com/r/eupersonalfinance/comments/1j2w0xl/where_can_i_open_a_euro_cash_account_as_a_non/,eupersonalfinance,Reddit
1l0n2eq,Need feedback/advice as I start investing,"Hi everyone! I would need feedback and/or advice regarding my first steps in investments. I read a lot, notably on this subreddit, and I came up with the following plan.

  
For context, I'm graduating and hopefully will have a job or internship in September. I live in the UK but I have a EU nationality. My goal is to have grow wealth on the long term.

  
I put aside an emergency fund able to cover 6 months of expenses (£6,000). They are in a Revolut savings account, so I'm currently earning 4.5% AER interest on them paid daily.

  
Then, I invested as follows:

  
DFNG (Defence): £367

IGWD (MSCI World): £501

IMEU (MSCI Europe): £577

  
My goal is to mainly invest in Europe with a bit more exposure on the defence sector. I'm aiming to invest regularly with 10-20% of my income injected each month.

  
Is this mix of ETF good for my profile and my objective? Should I do something different? I'm open to all suggestions! Thanks in advance.",Dupont-S,5,0.86,3,2025-06-01 12:50:19,https://reddit.com/r/eupersonalfinance/comments/1l0n2eq/need_feedbackadvice_as_i_start_investing/,eupersonalfinance,Reddit
1ktgkqf,Comparing digital banking and fintech services for Personal Finance in the EU,"Let’s examine the core benefits and features these services provide for individual users:



**Accounts &amp; IBANs:**  N26, Wise, SikiraPay and Nickel each provide a personal European IBAN for your account, allowing you to receive SEPA payments like a salary or bank transfer. Revolut also provides EUR IBAN account details (typically Lithuanian IBAN for EU customers) and local account details for other regions (e.g. UK account numbers). Klarna does not provide an IBAN or deposit account – it’s a payment card linked to your existing bank account, so you wouldn’t receive bank transfers or salaries into Klarna directly. All non-Klarna services support SEPA transfers in and out (and in many cases, SWIFT international transfers as well).



**Cards:** All six offer payment cards, but of different types. SikiraPay issues a Visa debit card (both physical and virtual). Revolut, N26, Wise, and Nickel provide debit Mastercard cards (Revolut and Wise issue Visa in some regions, but Mastercard in Europe is common). These cards can be added to mobile wallets (Apple Pay/Google Pay) – notably, SikiraPay moved from a prepaid Mastercard to a Visa debit to ensure mobile wallet compatibility. Klarna’s card is a Visa credit card (pay-later model). Virtual cards are available on many platforms: Revolut and N26 offer virtual cards (even disposable ones for one-time use on Revolut), SikiraPay and Wise also offer virtual cards (SikiraPay charges €1 issuance for a virtual card), and Klarna’s card exists only as a physical/Apple Pay card at the moment.



**Multi-Currency &amp; FX:** A major selling point of Revolut, Wise, and SikiraPay is the ability to hold and exchange multiple currencies. Wise supports dozens of currencies with real-time conversion at mid-market rates for a fee (e.g. \~0.4% for common pairs). Revolut supports \~30 currencies in-app and gives the interbank rate with no markup up to a monthly limit. SikiraPay advertises support for 8 currencies with no hidden conversion fees. N26’s core accounts are Euro-only, but N26 allows foreign currency spending via Mastercard (or via Wise integration for transfers). Nickel is Euro-centric with basic currency services, though Nickel Premium/Metal accounts waive fees for foreign transactions (more below). Klarna’s card is one-currency (your home currency) but can be used globally with Visa’s exchange rate and no surcharge from Klarna.



**Payments &amp; Transfers:** All except Klarna support standard bank payments. SEPA transfers in EUR are free with most of these services (Revolut, N26, SikiraPay, Nickel all offer free SEPA payments). Revolut and Wise additionally excel at international transfers in other currencies: Revolut can send money globally in-app (often free or low-cost for the sender in app, though sometimes via SWIFT with fees on the receiving end), and Wise is renowned for cheap international transfers with transparent fees and mid-market FX rates. SikiraPay supports SWIFT transfers to 100+ countries (it charges a fee starting at €10, capped depending on amount). Nickel partners with RIA Money Transfer for international remittances in cash or to bank accounts outside SEPA (fees vary by destination). P2P transfers (sending money to friends) are free and instant on platforms like Revolut (Revolut-to-Revolut), N26 (MoneyBeam for N26 friends), and Wise (Wise users can send to each other cheaply). Klarna is not used for bank transfers or P2P; its focus is retail payments.



**Budgeting &amp; Spending Tools:** Revolut and N26 have robust in-app budgeting tools. Revolut’s app lets you categorize expenses, set budgets per category, and provides analytics/graphs of spending. It also has Vaults for savings and features like split bills and payment reminders. N26 offers an Insights tool that automatically categorizes spending and Spaces, which are sub-accounts you can use to budget or save towards goals. Wise’s app is simpler – it provides real-time notifications and a clear transaction list per currency, but lacks advanced budgeting features (its focus is on low-cost FX, not personal budgeting). SikiraPay is a newer service; it provides the essentials (account management via app, real-time notifications for transactions, and basic controls like freezing the card) but doesn’t yet offer elaborate budgeting or saving tools in-app. Nickel’s offering is basic: you can manage your account by web or app, get balance info by SMS if needed, but there are no complex budgeting features – it’s a simple account for everyday transactions. Klarna’s app is oriented toward shopping – it shows your purchases, allows you to manage payment schedules, and even offers price-drop alerts and deals for online stores. It’s useful for tracking your installment payments or monthly spend on purchases, but it doesn’t link all your finances for budgeting like a bank app would.



**Unique perks:** Revolut and N26’s premium tiers come with extra benefits (for a monthly fee), such as travel insurance, higher ATM limits, free foreign ATM withdrawals (N26 You/Metal), or even lounge access (Revolut Metal). Wise and SikiraPay focus on transparent FX rates – Wise in particular prides itself on mid-market rates with upfront fees, and SikiraPay explicitly uses the Visa exchange rate with no added markup for currency conversion. Nickel’s uniqueness is in its accessibility: you can open an account in 5 minutes with just an ID at a local shop, and it allows people with no prior banking access (or non-residents) to get an IBAN and card immediately. Klarna’s perk is the ability to defer payments – essentially short-term credit without interest, which can help with cashflow for purchases (as long as you use it responsibly and pay on time).",Arrow2304,3,0.8,4,2025-05-23 11:54:45,https://reddit.com/r/eupersonalfinance/comments/1ktgkqf/comparing_digital_banking_and_fintech_services/,eupersonalfinance,Reddit
1jyvfvf,No bank wants me business,"I am Belgian, living in London.

I just created a company (a VOF) in Belgium with the headquarters in Belgium. I can’t open a Belgian bank account for my company because my personal domicile is in the UK. (Dixit Crelan) 

Does anyone have experience / a solution, or can some lobe recommend me another bank to open my companies current account?

Thanks!",danielstorms,1,0.67,7,2025-04-14 11:19:23,https://reddit.com/r/eupersonalfinance/comments/1jyvfvf/no_bank_wants_me_business/,eupersonalfinance,Reddit
1kthes2,First credit card 22yr in Spain,"Hi, I’m a 22yr living in Spain. I’ve been working for more than a year now (9 months self employed and 5 months in a company). I’m planning a trip to Latin America later this year (Colombia). I have Revolut standard and there’s an offer to get 6 months metal if I put my salary there, but I saw all the negatives about the costumer service.

In the other hand I’ve been told  how the amex has a good customer service when traveling an in general, but idk if is acceptable in a lot of places in Latin America, also I don’t know if there’s a better option living in Spain.

Is there an option in Amex or other bank  for a credit card that gives you points for buy the travel tickets and take advantage of it (for example on points to pay the hotel or local trips)? Thanks ",jeronimosd1,8,0.78,3,2025-05-23 12:42:19,https://reddit.com/r/eupersonalfinance/comments/1kthes2/first_credit_card_22yr_in_spain/,eupersonalfinance,Reddit
1kkvmek,What to do next?,"Hey, so I am an 18 year old student, still in school but will go to university once I finish, which is in about a year. I have been working part time for the past 1,5 years and saved about €5500. I will continue working while I am in school since I love my job. But would you have any advice what to do with that money? I am saving it for when I go to uni. Right now it is just lying in my Revolut, but maybe there would be a better option?",Human_Ad9936,3,0.71,4,2025-05-12 16:37:47,https://reddit.com/r/eupersonalfinance/comments/1kkvmek/what_to_do_next/,eupersonalfinance,Reddit
1kps6qa,Banks Supporting RON and Offering Resilience Against Romanian Government Interference,"Hey everyone,

I'm exploring online banking options that:

Support the Romanian Leu (RON)

Provide physical debit cards

Maintain low fees

Operate without a physical presence or headquarters in Romania 


My primary concern stems from the current political climate in Romania, where there's a growing public distrust in governmental institutions and concerns about potential overreach into personal finances.  I'm seeking financial services that offer a degree of insulation from local governmental actions to ensure the security and accessibility of my funds. 

I've considered platforms like Wise and Monese but am open to other suggestions that meet these criteria. 

Has anyone had experience with such services or can recommend alternatives that align with these requirements?",cristipipera,4,0.75,3,2025-05-18 20:27:26,https://reddit.com/r/eupersonalfinance/comments/1kps6qa/banks_supporting_ron_and_offering_resilience/,eupersonalfinance,Reddit
1ikyxxx,Transferring Portfolio from Trading 212 to Interactive Brokers via a Third-Party Broker,"Has anyone successfully transferred their portfolio from Trading 212 to Interactive Brokers? I understand that a direct transfer isn’t possible, but has anyone found a method to transfer from Trading 212 to another broker and then to Interactive Brokers?",PackageSelect9881,13,0.93,9,2025-02-08 22:02:31,https://reddit.com/r/eupersonalfinance/comments/1ikyxxx/transferring_portfolio_from_trading_212_to/,eupersonalfinance,Reddit
1jxlo9f,Emergency funds and savings,"


Good evening, folks. I want to deposit somewhere an emergency fund. Meaning more than five salaries' worth. The easiest thing would be to open another account at Piraeus Bank greece, where I already have my payroll account. But I’m not sure — would it be better to put it somewhere else? What do you suggest?
Also, I’ve decided that every time I receive my salary, I’ll transfer a certain amount directly to another account for savings. Could I keep both (the emergency fund and the savings) like that",AdvantageFinal2712,7,0.89,4,2025-04-12 17:49:24,https://reddit.com/r/eupersonalfinance/comments/1jxlo9f/emergency_funds_and_savings/,eupersonalfinance,Reddit
1kc7tjk,Best way to move USD from Fidelity NetBenefits,"I'm currently looking of moving some USD funds from Fidelity NetBenefits with the least amount of fees. So was wondering if anyone else here has experience with specifically this broker. From what I could find there seems to be two options, one of which is not fully confirmed to work.

1. Transfer through a wire transfer from Fidelity to Wise (USD account). Is a flat $6 fee for the wire. From there it's possible to for example top-up a Revolut USD account.

2. Directly transfer to Revolut from Fidelity. I've seen some people on r/irishpersonalfinance confirm this working by not fillling the intermediary bank data, but just use the IBAN and BIC code. Really wondering if this would be possible against possibly zero fees?

Very curious if anyone here has experience with the second option since, as far as I know, EU Revolut accounts don't provide local banking details for the USD account like Wise does. The country I'm residing in still makes use of the LT IBAN.",LeFlubbes,11,0.93,2,2025-05-01 13:45:05,https://reddit.com/r/eupersonalfinance/comments/1kc7tjk/best_way_to_move_usd_from_fidelity_netbenefits/,eupersonalfinance,Reddit
1jsp2eq,Convert CZK to EUR,"Hello,

I am looking for the best way to regularly convert czk to eur that I use to buy ETFs. I checked Revolut, Wise and IB itself. It seems that IB gives me more eur than the others.

I would not expect this. Do you have experience converting regularly with IB? Pros/cons?

Thank you! ",T3ckY_,6,0.8,3,2025-04-06 08:58:02,https://reddit.com/r/eupersonalfinance/comments/1jsp2eq/convert_czk_to_eur/,eupersonalfinance,Reddit
1jvbt5h,Free german bank account with interest on deposit and support in English,"Hi all,

I’ll be relocating from the UK to Germany soon for work, and I’m currently using Wise as my main bank account. I really like it because it’s free, supports multicurrency balances, and pays interest on deposits.

I’m now looking for similar options in Germany. I’ve heard that Trade Republic could be a good alternative, but I’ve also come across mentions of poor customer service.

What I am looking for is a free account, which pays interest on deposit and offers customer support in English. Another thing is that the IBAN must be a German one (requested by my employer).

Does anyone have experience with Trade Republic or N26 or know of other good alternatives that offer what I need? 

Thank you in advance for your help!
",RunLogical4034,1,1.0,3,2025-04-09 18:40:46,https://reddit.com/r/eupersonalfinance/comments/1jvbt5h/free_german_bank_account_with_interest_on_deposit/,eupersonalfinance,Reddit
1ipv8dg,IPO buying ?,"Hi guys,

I'm Belgian and I started  to invest on the market 2 years ago 

My broker dont allow to buy a stock on his ipo day, I usually have to wait few weeks until it's listed and available to buy

I was wondering if there is a European broker who let you buy on IPO day or pre-ipo ? As 2025 is supposed to have few good IPO.

I've heard about interactive broker but few people told me ipo buying is reserved to US resident is that true ?",FrenchDriverEu,8,1.0,6,2025-02-15 06:12:05,https://reddit.com/r/eupersonalfinance/comments/1ipv8dg/ipo_buying/,eupersonalfinance,Reddit
1js9rb1,Good resources / documentation ?,"I'm trying to get started and diversify a bit my investments outside of my traditional banking products : french regulating savings accounts &amp; life insurance. I've had a revolut account for a long time and it seems like a good starting point to save up every month (I'm thinking in the 200 - 500€ range monthly).  
What good resources do you recomend for someone who's getting started and wants to learn more about stocks, bonds, ETFs or other financial products available to the public though online banking ?  
I'm down for anything reliable : blogs, youtube, books... as long as it's applicable to EU markets &amp; companies !",toui_56,3,0.81,1,2025-04-05 19:14:25,https://reddit.com/r/eupersonalfinance/comments/1js9rb1/good_resources_documentation/,eupersonalfinance,Reddit
1jsuwlq,Question about Stock Transfer + Taxes (Change of Residency of NL to DE),"Good day everyone,

In these times of uncertainty with stock markets and all sort of tariffs I come to you with a question.

I am currently holding my stocks in Revolut, I have invested 60k so far, and sold a couple of times at loss and bought back again, rookie investor mistakes. I am 6 months into investing and learned DCA the hard way.

Now, I live in NL for the past 7 months, and for the first year due to some 30% ruling, I don\`t have to report any stocks or trading up to 55k in value to the government for tax submission.

Soon enough tho, in 2 weeks time I will be relocating to Germany permanently and I was thinking to transfer my stocks to IBKR as it is more trustworthy and has obviously tons more feature and better support.

My question is, As we speak, due to tarrifs and so on I am 20k down on my initial investment. Is my trading history transfered alongside my stocks? So that upon selling some day my initial investment is seen as 60k indeed instead of 35k(my last sell and rebuy)?

Looking forward to your opinions.",iamCrypto0,2,0.75,0,2025-04-06 15:07:01,https://reddit.com/r/eupersonalfinance/comments/1jsuwlq/question_about_stock_transfer_taxes_change_of/,eupersonalfinance,Reddit
1j7m0pr,Moving to the US soon -Buying dollars now,"Hi all, 

I am planning to move to the US soon and I like the current exchange rate between euro and dollars so I would like to buy some dollars while living in Spain now. Does anyone know the best way to do so? I have checked Revolut and Wise and they have some commissions so I was wondering if there was any other option to buy and hold dollars without those commissions…


Thanks!",Alternative_Card_919,1,1.0,0,2025-03-10 00:25:08,https://reddit.com/r/eupersonalfinance/comments/1j7m0pr/moving_to_the_us_soon_buying_dollars_now/,eupersonalfinance,Reddit
1izh9mz,What online broker/ bank for medium/ long-term ETF in France as an expat?,"Hello everyone,
I am an Italian citizen living and working in France (for now, may not in the future). 

I am struggling to understand where it’s more convenient to invest my (small) amount of savings in ETFs. I am mostly concerned about (1) fees and (2) taxes (3) tax declaration on my investments. I was about to go for a popular Italian broker but then realized it may not be the optimal solution given that I pay taxes in France.

I looked at Revolut but seems expensive, Boursorama looked good but not many ETFs available at 0% commission fee; Trade Republic also looked good but then I read that it does not fill in taxes for me (eg capital gains taxes) And it may be a bit of a pain to do it by myself.

As you can see, I am just a bit lost and would really appreciate any tips of platforms you use and rationale why. This would help me a lot while I sort things out.

Thanks!! ",Lost-Pollution-7800,1,1.0,0,2025-02-27 14:40:14,https://reddit.com/r/eupersonalfinance/comments/1izh9mz/what_online_broker_bank_for_medium_longterm_etf/,eupersonalfinance,Reddit
1isl7ht,Transferring shares,Has anyone transferred shares from revolut to scalable Capital? I see no option for scalable capital. Or for revolut on scalable capital. ,Strict-Charity-9344,2,1.0,0,2025-02-18 19:26:53,https://reddit.com/r/eupersonalfinance/comments/1isl7ht/transferring_shares/,eupersonalfinance,Reddit
1iljkiz,Beginning of my investment journey,"Hi everyone,

I would like to start investing but as I'm a newbie I would like to hear some advice from you first to make sure I don't make any stupid mistake. I know this gets asked a lot but my questions are about which broker to use and which ETF to invest in.

Just for a bit of context, I'm 25M, Portuguese, currently living in the Netherlands, but I might also move abroad (possibly outside the EU) within the next 10 years. I'm currently doing a PhD so unfortunately I don't have a lot of free time to research the best investments every month so I think the best approach for me is to just be a bogglehead and pick only one or two ETFs and DCA with them. I would start by investing a lump-sum of 10k€ and then I would invest approximately 40% of my salary every month, until I achieve FIRE, although I don't really plan to retire.

Regarding ETFs:
The only thing I know with 100% certainty is that I want to buy an accumulative ETF. I know a lot of people recommend something like VUAA and overall it seems nice to me because it only has a TER of 0.07%, but to be honest the US seems unstable currently and I'm not sure if it is still good to invest in VUAA. Aside from that I also heard some people recommend VWCE, but when I compare it to SPDR MSCI World, the latter one has a lower TER so I was leaning a bit more towards it.

Is it ok to invest in SPDR MSCI World over VWCE or am I missing some disadvantage? Also, if I pick one of these all world ETFs, I definitely shouldn't buy VUAA to avoid overlaps, right?

Regarding brokers:
I know Degiro is a very popular broker, but I've read online that they don't accept transfers from revolut, so unfortunately I can't use it. Ideally I would also like to avoid something like trade republic just because I've heard their customer support is absolutely horrible and if something happened it would leave me extremely stressed and anxious. I've heard that interactive brokers is the most reputable one, but I've also heard that their UI is quite bad and difficult to navigate.

Is there any particular broker you would recommend for someone in my situation or should I just create an account at interactive brokers? My biggest priorities would be safety and good support.

Thanks in advance

",AnotherOtter8,1,1.0,0,2025-02-09 17:11:17,https://reddit.com/r/eupersonalfinance/comments/1iljkiz/beginning_of_my_investment_journey/,eupersonalfinance,Reddit
1l8x495,Kid made expensive mistake,"There's a neighborhood kid who recently aged out of the foster system and we're trying to help her figure out how to adult. She's been acting stressed and off for weeks and she finally broke down crying that she made a mistake. She thought she was signing up for a 7 day trial on some app, but instead she bought a 1 year membership for $279.00. Because the bank had auto overdraft protection this basically wiped out her entire life savings. Unfortunately she silently stressed about it and we didn't know what had happened and now a month has passed. We requested a refund through apple and it got denied. It was purchased through a debit card, so no credit card protections. 

Is this just going to be an expensive learning experience for her or are there other options she can pursue? I'm gonna have her reach out to the company but I don't have much hope there.",Post-mo,3636,0.95,408,2025-06-11 17:27:12,https://reddit.com/r/personalfinance/comments/1l8x495/kid_made_expensive_mistake/,personalfinance,Reddit
1qeufg9,Revolut flexible cash funds fees,"https://preview.redd.it/ld4vi6ywdsdg1.png?width=1834&amp;format=png&amp;auto=webp&amp;s=63bf2854fc62f19a1006f88ecd1172e19b1603f9

I don't have a Revolut account, I'm thinking whether to open one to park some cash. Looking at Trading212 and Trade republic also. Anyway, I'm looking at the fees at the bottom and it's not clear to me how they work.

Let's take the 1.17% in standard program for EUR.

* Is 0.9% already subtracted and the 1.17% is net?
* Is 0.9% subtracted from 1.17% leaving 0.27% (doubtful)
* Is 0.9% subtracted for your profit? So at the end of the year if you had 10K at 1.17% you would have gotten around 117 euro and Revolut would get 0.9% of that, so 1 euro?",yeahwellfu,2,1.0,0,2026-01-16 22:33:13,https://reddit.com/r/personalfinance/comments/1qeufg9/revolut_flexible_cash_funds_fees/,personalfinance,Reddit
1q4pab2,Revolut virtual cards,Are Revolut virtual cards any good in Portugal? I am a digital nomad currently in Lisbon for a few weeks.,jacques4rmAppsmith,1,1.0,0,2026-01-05 15:51:59,https://reddit.com/r/personalfinance/comments/1q4pab2/revolut_virtual_cards/,personalfinance,Reddit
1q2sugd,Revolut or Lightyear for savings in France (or other options),"I'm French resident and have a Revolut account already. I'm about to get a sum of money from a house sale and am looking to park that somewhere for a number of months. I'm a financial noob and not interested in investing, only looking for least risk - hence savings/deposit accounts. I'll max out my French savings options (LEP, Livret A, etc) first. Lightyear's interest rates look more attractive than Revolut's but I'm wondering if for ease of setup and access then I just go with Revolut. Are there other options/considerations?",Mammoth_Drive6584,1,1.0,0,2026-01-03 11:55:14,https://reddit.com/r/personalfinance/comments/1q2sugd/revolut_or_lightyear_for_savings_in_france_or/,personalfinance,Reddit
1odfxk9,Moving back to the US from the EU— best alternative to Revolut ULTRA?,"Hi. American who spent the last 10 years in Europe here. I love Revolut Ultra… the 2.5% interest on the HYSA account is competitive, the points system and perks to being an Ultra subscriber are wonderful. 

I have heard about Chase Sapphire and Amex Platinum often. I will be travelling a lot for work, so lounges and usability abroad is important to me. But most of all i’m looking for high returns in a HYSA. Thanks. ",areopenap,0,0.5,0,2025-10-22 19:12:44,https://reddit.com/r/personalfinance/comments/1odfxk9/moving_back_to_the_us_from_the_eu_best/,personalfinance,Reddit
1o9qxbz,Is revolut savings account safe,And why better interest on USD vs EUR?,HRHCleverinaM,1,1.0,0,2025-10-18 10:01:52,https://reddit.com/r/personalfinance/comments/1o9qxbz/is_revolut_savings_account_safe/,personalfinance,Reddit
1qahmab,"Wife gave SSN to scammer, how to protect from ID Theft?","Hello,

  
Long story short my wife gave out her SSN, Debit Card, and a credit card info to a 3rd party scam thinking she was signing up for Revolut to sell some clothes online.

I have already informed her not to ever give this info out online and she realizes the mistake she made. I am wondering now the best steps to protect against ID theft.

A fraudulent transaction on her PayPal account through the compromised credit card is pending for $150. We have already cancelled all of her cards and reissued new ones, frozen her credit through Experian, TransUnion, and Equifax (and put up Fraud Alert) and disputed the charge on PayPal (I will dispute it through her credit card company once the charge posts).

Is there anything else to do? She told me what she did within 5 minutes of doing it and we had everything cancelled and frozen within an hour. Any help would be greatly appreciated, thanks!",Zebrafart4,108,0.84,27,2026-01-12 01:36:10,https://reddit.com/r/personalfinance/comments/1qahmab/wife_gave_ssn_to_scammer_how_to_protect_from_id/,personalfinance,Reddit
1j3fdwq,Debit card that will decline purchases when balance is insufficient?,"Hello everyone. I have a bit of an odd situation here…. My 70 year old mother cannot handle her finances. Several years ago she realized this when she went $3,000 overdrawn on her checking account and bounced her house payment. She has since turned over all of her accounts and finances to me to handle for her. I set her up a PayPal debit card and give her a monthly allowance for shopping and “play money”. When that balance is used up, she’s done for the month. This has worked well for the last few years. I managed to pay off her credit card, pay back a loan against her life insurance policy, and build up a decent savings account. 

Until this week. 

She somehow spent $1,300 on the online shopping store direct from china. That wiped out her PayPal debit card balance then PayPal drew the remaining payments from her checking account which wiped out her social security payment for the entire month. Thankfully I have her savings account to fall back on. 

My question is, is there a debit card similar to PayPal that will decline purchases when the balance is used up instead of reverting to the attached checking account?",RangerStang302,94,0.86,80,2025-03-04 16:55:05,https://reddit.com/r/personalfinance/comments/1j3fdwq/debit_card_that_will_decline_purchases_when/,personalfinance,Reddit
1qm00qy,Which is the best EU or Swiss bank to move USD offshore?,"I'm a US/EU citizen living in the US. I have several US HYSAs but I'm concerned about the current political and economic instability and want to move some of my assets to Europe. My (other) country requires that you physically go to an IRL bank to create an account, but I likely won't go there until this summer, and I'd like to move some of my money before then. Which European bank can I access online that has good benefits (insured, low/no annual fee, stable exchange rate, etc.)? I'm mostly looking for HYSAs. I'm already aware of Wise, but I'd love to hear y'all's thoughts too!",midnightforestmist,7,0.68,3,2026-01-24 21:48:59,https://reddit.com/r/personalfinance/comments/1qm00qy/which_is_the_best_eu_or_swiss_bank_to_move_usd/,personalfinance,Reddit
1q4irjd,Sanity checking my global allocation before lump-sum,"I want to validate my thinking on global diversification before commiting capital. High savings rate means I will reach my target regardless of allocation, but I do not want to sabotage myself with poor decisions.

I'm in my late 20s, tax-free jurisdiction, 5-7 year horizon to Barista FI.

* Lump sum of roughly 2x annual expenses ready to deploy
* Contribution capacity \~2.3x annual expense
* Tied to startup employment so this contribution capacity is not guaranteed

**Questions**

\- IMO diversification logic does not make sense due to correlations between regions which can spike to 0.9 during crashes, precisely when diversification would help. If everything falls together anyway, what does global diversification actually provide beyond ""we do not know who wins next decade""?

\- Ben Felix frames emerging markets as a reverse lottery with negative skew (Rational Reminder Ep 191). 15 years of underperformance despite cheaper valuations. For a 5-7 year horizon, is market-cap weight the right approach or should I tilt toward developed international instead?

\- US valuations are CRAZY, AI stocks driving large portion of S&amp;P returns. Ben Felix argues investors consistently overpay during tech revolutions. How do you reconcile valuation concerns with evidence against market timing? These seem contradictory.

Lump sum deployment: Data says lump sum beats DCA 65% of the time. Does that hold when deploying into historically extreme valuations, or is even asking this a market timing mistake?

Current allocation I am leaning toward:

45-50% US, 35-40% developed international, 10-15% EM, 100% equity for first 3 years. Deploy lump sum immediately.

What would you challenge?",Playful-Ticket-4203,5,0.85,5,2026-01-05 10:58:55,https://reddit.com/r/personalfinance/comments/1q4irjd/sanity_checking_my_global_allocation_before/,personalfinance,Reddit
1q7vymt,Playstation is stealing from me,"I don't know what to do anymore and I'm coming on here in search of any advice. I have genuinely been robbed by PlayStation 😭 

€71.99 was taken from my account on the 6th of December 2025, to pay for a yearly Playstation Plus subscription.

The subscription payment came sooner than I expected, before I could cancel it. The first year was a gift from a family member so I really couldn't afford that. Here's the kicker though; I have a screenshot of the PlayStation app telling me my subscription expired on the 20th Dec 2025..  SO TECHNICALLY I CANCELLED MY SUBSCRIPTION (on the 6th) BEFORE IT EXPIRED!!! 

I disputed this on Revolut (chargeback), trying to get a refund, and supplied information of the payment and stated that I haven't used the service so I wanted a refund. 

My Playstation account was then suspended, until I disputed that action and got it back.

The merchant declined my refund request, claiming proof of giving me the product. I understand this, because technically it's in their policy to not refund after a year.

However... since they suspended my account I have no PlayStation Plus, AND no refund. So basically, they've taken 72 euro from me and I have no subscription at all.

Now, I can't dispute the payment again through revolut because there's no option for that, and PlayStation has absolutely NO customer service. I really need the money back for the service that I have not even used, and right now don't even own it. I need help because there is nothing I can do from here. 

Revolut was very helpful even their chat robot was good, but as I'm sure many know the PlayStation customer service is really not up to par. There's apparently nothing revolut can do from here to help me, even though I was told I could dispute it under a different category of 'goods not received'. 

I have proof of purchase, proof of attempting to contact the merchant (PlayStation), proof I don't have the service I paid for, proof I cancelled the subscription before it expired, proof they DIDN'T refund me, proof I'm SUPPOSED to have the subscription until 2026....

and yet there's nothing I can do? 

I'm sure there HAS to be something I can do, iI have screenshots of literally everything. I've been done so dirty here and honestly I just want my money back. 

Please help! ",jesterbaroque,0,0.17,3,2026-01-09 02:26:58,https://reddit.com/r/personalfinance/comments/1q7vymt/playstation_is_stealing_from_me/,personalfinance,Reddit
1py126i,How to make the most out of international transfers,"Hi I'm curious how people get the most out of international transfers. My salary comes into a UK account but I send about £2k to Spain. I feel like I could be getting more out of this activity. 

Currently I'm using wise, and the rates are good (I think), reliable and transparent service. Is there any other plans or companies I can use to get points or more out of this? I tried revolut but the revpoints don't redeem things I need. Has anyone had luck with getting cheaper flights with that? ",Inevitable-Bee-6343,2,1.0,4,2025-12-28 20:08:06,https://reddit.com/r/personalfinance/comments/1py126i/how_to_make_the_most_out_of_international/,personalfinance,Reddit
1q92f9q,Small International Transfer (Swiss Co -&gt; US Personal) - Documentation Concerns,"Hey everyone, I'm trying to figure out the risk involved in a small international money transfer. A Swiss company is sending just under 1,200 EUR to my personal US bank account as a legitimate payment for work I did. My main worry is that if either bank flags the transaction for compliance, I can't provide any formal documentation like an invoice or contract to prove the reason. The amount is small, but since it's company-to-personal, how likely are they to ask for paperwork, and what actually happens if I can't provide it? Will they just reject the transfer, or could it cause bigger problems? I'd appreciate any advice from people who have done this before.",THUND3R_004,1,1.0,2,2026-01-10 12:04:25,https://reddit.com/r/personalfinance/comments/1q92f9q/small_international_transfer_swiss_co_us_personal/,personalfinance,Reddit
1pmrt13,Smart Account vs Regular Bank Account,"Why should I choose regular bank account instead of a Smart Account, like revolut or something else?",PaulCoraline,0,0.4,4,2025-12-14 23:05:06,https://reddit.com/r/personalfinance/comments/1pmrt13/smart_account_vs_regular_bank_account/,personalfinance,Reddit
1phlgha,Advice on reloadable prepaid card for kids,"I want to get a prepaid reloadable debit card for my son (13 yrs old).

I do not want to start him off with (our) credit card or debit card but with something that once you use that $ amount for that month or time period you are done until the next.

I want something with not too many/high fees and which I can reload as his allowance. 

I want a card that he can use for some online shopping (ebay, Amazon, etc,) and to buy his snacks/lunch/dinner when he is out.

I was looking at the Bluebird by American Express but I read that it is being discontinued sometime next year.

I was also looking at the Paypal Prepaid Mastercard &amp; the Greenlight Debit Card but I am at a lost to what to get.",thekfc,0,0.5,4,2025-12-08 19:18:17,https://reddit.com/r/personalfinance/comments/1phlgha/advice_on_reloadable_prepaid_card_for_kids/,personalfinance,Reddit
1no28t1,Reloadable Prepaid Cards,"I need some kind of reloadable prepaid card for my grocery/food expenses because I am a moron. 

My issue is most seem to want a $500 deposit each month and I don’t need to use that kind of cash monthly so no way am I going to deposit $500 monthly. I’m trying to curtail spending and I need to put a strict budget in place. 

I saw American Express is ending their programs. 

Are there any someone can recommend these days? Needs to be easily reloadable and useable online. SMALL fees fine.  

I tried checking out my local credit union but I don’t see an option from them and my current bank Truist has a $500 deposit we-really-don’t-want-you-to-use-this-card if I’m remembering correctly (looked at a few). ",IntelligentF,3,1.0,13,2025-09-23 00:42:09,https://reddit.com/r/personalfinance/comments/1no28t1/reloadable_prepaid_cards/,personalfinance,Reddit
1p7mrye,Moving from EU to US as a Permanent Resident Should I keep my EU-domiciled Vanguard ETF or switch to US ETFs?,"Hi guys :) Trying to figure out this whole finance thing but stumbled across something I'm unsure about. Not asking for legal advice just personal opinions/experiences

Soooo I’m in a somewhat tricky situation and would appreciate some advice

I currently hold a Vanguard FTSE All-World ETF through Revolut  (EU-domiciled - not a lot of money)I currently live in the EU but I am moving soon and will definitely be living in the US for the next 3-4 years (I'm a permanent resident) after that I might stay or move back - not sure yet. It’s not a huge amount of money, and I’m mainly concerned about not creating unnecessary bureaucracy or tax hassle in the US. I realized that as a US resident, this ETF could be considered a PFIC. That would mean complicated annual tax reporting (Form 8621) and potentially higher taxes, even if I don’t sell. I’m currently in profit with the ETF, so selling would realize gains even if they're small. I also don’t need the money in the short term, so this is about long-term investing over several years. So I wanted to ask someone who maybe knows a lot more than I do:

1. Should I keep the ETF and deal with the PFIC reporting and taxes?
2. Should I sell it and switch to US-domiciled ETFs to stay tax-compliant?
3. Are there other options I’m overlooking or did I get all of this completely wrong?
4. Is this even the right sub? :D",BoxTough1278,3,0.71,5,2025-11-26 23:20:39,https://reddit.com/r/personalfinance/comments/1p7mrye/moving_from_eu_to_us_as_a_permanent_resident/,personalfinance,Reddit
1pbh1y4,Moving back to Europe after 3 years in USA - best way to withdraw savings tax-efficiently?,"Hi all,

I (29M) was wondering if anyone had any advice or had been in a similar situation.

I am finishing my job and moving to Europe with my partner in January 2026. My last day is this December 2025 and I have been working in the US since late 2022. My taxable income is around $74000 for this year. I am pretty good at budgeting, but live in a VHCOL area with a relatively low salary.

I have a very small amount of savings that I think I want to remove from the US entirely just so I don't have to maintain accounts here as well as free up a bit more cash for the move. I have:

* $7800 with Fidelity across different ETFs, investing $250 monthly for the last 2 years (mix of long- and short-term gains)
* $8000 in my employer 403(b) (no match tragically, so I didn't pay a lot in)
* $700 in after-tax Roth
* $3100 in a HYSA

I think I will just liquidate my Fidelity account and transfer it to my HYSA and send all of this to Europe.

 My main questions are:

* Is it worth it to wait until next tax year to do this or can I do this now?
* Same thing with my 403(b) and Roth, I want to also liquidate this, should I do it this tax year or next? I understand I will pay penalties on this, but I am unsure if I will ever return to the US and don't want to have a random account with a small sum of money that I might lose access to over the years or forget about.

Thanks for any advice! Also, if anyone has recommendations for money transfer services to Europe, that would be great. I currently just use Revolut for small amounts back and forth.",Bukurago,2,0.76,4,2025-12-01 16:19:36,https://reddit.com/r/personalfinance/comments/1pbh1y4/moving_back_to_europe_after_3_years_in_usa_best/,personalfinance,Reddit
1oax659,I have £4k in total savings and starting a job soon with a monthly in hand salary of £2.5k. What are my best investment options? From the UK,"My current account is a basic Lloyds account I made when I was a student, and the money is just sitting in it. I don't want to do stocks or anything risky, as this is all my savings. My current idea is to put it all in a Monzo ISA, which lets me put in and take out as much as I need without any charges. This would let me put all my money into that, and then I can take out as needed for rent and daily expenses. The reason for going with Monzo is that I read it's a proper bank bank, which means my money is guaranteed even if Monzo as a business goes under which is not the case with say Revolute.

Is this the best option or is there something better out there?",ADPL34,1,0.57,9,2025-10-19 19:30:40,https://reddit.com/r/personalfinance/comments/1oax659/i_have_4k_in_total_savings_and_starting_a_job/,personalfinance,Reddit
1oe2tx2,What is best to do with my emergency savings?,"Hello! Ive started studying best practices finances not for a long time so my first step was creating an emergency saving that will manage to keep me alive for 10 months to 1 year if anything goes really bad. It took me a little less than a year to save that amount, so I have just moved to Europe and using Revolut bank. I just moved this emergency savings in one specific pocket for that, so the money stays ready for me to pick it up in any emergency case.

I started reading about flexible fund cash option but Im not really sure.


My doubt is: is there a better place I could put this emergency savings with quick withdraw, no blocking days or hours, that i could have some increase over the interests so the money doesnt stand still?

Ps:sorry for my english im not native speaker.

Thank you!",srAtilao,1,0.67,3,2025-10-23 14:09:11,https://reddit.com/r/personalfinance/comments/1oe2tx2/what_is_best_to_do_with_my_emergency_savings/,personalfinance,Reddit
1ojwcnt,"Salary in EUR but living in Czechia, best way to deal with exchange rates/fees?","I work as a freelance and I get paid with Euros every month. I'm looking for the best way to avoid paying currency exchange fees when either paying by card or doing bank transfers for rent or so on.

I've been looking into Revolut (no fees on anything if paying 8-9€/month) and n26 (free version has no fees for card, not sure bank transfer). Not sure if anyone can recommend any of these or any other banks.

Also, I could have multiple currency accounts, at which point I'd probably look for whenever the exchange rate is favorable, is there a good place to track that?

I'm wondering if there's people here in a similar situation and how you deal with it.",Stasky-X,0,0.33,2,2025-10-30 10:46:54,https://reddit.com/r/personalfinance/comments/1ojwcnt/salary_in_eur_but_living_in_czechia_best_way_to/,personalfinance,Reddit
1jx1lk7,Credit cards better than Apple Card in Spain,I recently moved from the US to Spain and I’m still using my Apple Card. I just can’t find a better option here that offers enough perks/cashback to beat the 2% cashback. Am I missing something? Or is a card like Revolut Metal/Ultra just worse than my US Apple Card?,valik351,1,0.57,19,2025-04-11 22:49:04,https://reddit.com/r/personalfinance/comments/1jx1lk7/credit_cards_better_than_apple_card_in_spain/,personalfinance,Reddit
1mugsnx,Best cash isa based in UK,"Hi all, I’m just wondering what the best cash ISA you would suggest. I have a couple grand in my current bank in a savings account that I want to move into a different account with accessibility if needed. I do want to keep adding money to this but need to be able to draw money out whenever.

I looked into Revolut and saw a lot of people saying it’s not trustworthy for saving money. It’s more for everyday spendings/bills etc. I also tried chase which due to my address being different on my Provisional I didn’t get approved.",No_Individual_3894,1,0.67,6,2025-08-19 13:18:45,https://reddit.com/r/personalfinance/comments/1mugsnx/best_cash_isa_based_in_uk/,personalfinance,Reddit
1nhmned,Alternatives to Wise to move money from Philipines to the US,"Transferswise AKA Wise, used to be easy,   
If I needed money, I provided a request, with a bank account # in the Philipines, and the person would deposit in there and it would be transferred to my US account. 

Now it doesnt seem to work like that. 

What can I use to transfer money from one country to another, but with the person transferring the money not having an actual account (just being able to make domestic transfers)?

Thank you",SolutionAdorable9699,0,0.5,3,2025-09-15 15:00:23,https://reddit.com/r/personalfinance/comments/1nhmned/alternatives_to_wise_to_move_money_from/,personalfinance,Reddit
1mjivlt,Moving Abroad - Transferring money from US bank to European one,"I'm looking for the best way to take my money with me as I'll be moving countries this month. Is Wise the way to go with depositing my money into the app and transferring it out once I have a bank account in my new country or should I go about it a different way?

On top of that, would giving my mom access to my bank account, or making a joint one with her would be a smart choice or would it cause US tax issues for her/me?",SuperstratsForTheWin,0,0.5,7,2025-08-06 23:31:27,https://reddit.com/r/personalfinance/comments/1mjivlt/moving_abroad_transferring_money_from_us_bank_to/,personalfinance,Reddit
1lmm9dc,What is the best US banking setup for an international student?,"What is the best US banking setup for an international student (age 23, studying in Florida) who currently has accounts in the UK (HSBC) and Romania (Revolut and CEC), and needs to (1) transfer money from and to those accounts, (2) receive transfers from others in the UK and Romania, and (3) manage daily expenses in the US? Also, is it true that direct bank-to-bank transfers are uncommon in the US, and if so, what methods are typically used for domestic and international transfers? I see Wise commonly mentioned.",glumesc,2,1.0,9,2025-06-28 14:00:15,https://reddit.com/r/personalfinance/comments/1lmm9dc/what_is_the_best_us_banking_setup_for_an/,personalfinance,Reddit
1lzkrxb,exchanging usd to php at a good rate without physical money changers,what is the best way to change the usd in a local foreign currency account so that i get the best rate with low fees and does not involve physical money changing?,rchlpn_g,0,0.2,7,2025-07-14 13:13:54,https://reddit.com/r/personalfinance/comments/1lzkrxb/exchanging_usd_to_php_at_a_good_rate_without/,personalfinance,Reddit
1n7py7e,Ibkr deposit and advise,"Good evening everyone. I plan to start investing through Interactive Brokers (IBKR), putting around 200 euros per month to buy an ETF (e.g. VWCE). From what I understand, tiered pricing seems to be more advantageous compared to fixed. Does this apply to small amounts like 200 euros per month? Also, what is the best and most economical way for me to make deposits from Cyprus (e.g. Revolut → Wire Transfer or some other option)?",Adept-Librarian-1447,0,0.5,0,2025-09-03 21:26:28,https://reddit.com/r/personalfinance/comments/1n7py7e/ibkr_deposit_and_advise/,personalfinance,Reddit
1lon0uq,$11k ER Bill for 40 Min Visit — Any Advice?,"Hi,
My girlfriend was visiting me in Florida from Europe with travel insurance (Revolut). She got very sick (likely rotavirus) — vomiting nonstop, chills — so we went to the ER.

They gave her an IV (NaCl) and monitored her briefly. We were there only 40 minutes, no tests or scans done.

Now we’ve received a bill for $11,000. We're still waiting to hear from the insurance.

Can we do anything to reduce this bill? Should we request an itemized bill or contact the hospital now? Any advice is appreciated.

Thanks!",Careful-Leather-1266,0,0.5,3,2025-07-01 00:45:29,https://reddit.com/r/personalfinance/comments/1lon0uq/11k_er_bill_for_40_min_visit_any_advice/,personalfinance,Reddit
1m18zfa,"Seeking the Personal Finance App for a Power User in EU (PSD2, OCR, and Personal API needed)","Hey everyone,

I'm on the hunt for a new personal finance management (PFM) app and could use some recommendations from the community, as my requirements are a bit specific. I'm based in Poland, so EU/Polish bank compatibility is a must. I'm also a developer, which is where my main challenge comes in.
Here’s what I’m looking for in an ideal app:

Mobile App: A solid mobile app is essential (native or a good PWA).

PSD2 Bank Integration: Must be able to connect to Polish bank accounts to automatically sync transaction history (AIS). Payment initiation (PIS) would be a huge plus.

Budgeting Basics: Needs robust features for tracking recurring payments, categorizing expenses, and analyzing my spending habits.

Receipt Scanning (OCR): A feature to scan paper receipts with OCR and have the data automatically entered would be highly welcome.

Personal Developer API: This is the most critical and hardest-to-find feature. I need an API that allows me to programmatically access my own aggregated financial data. I want to build my own custom scripts and integrations.

I'm willing to pay for a premium subscription if the app meets these criteria.

So far, my research has led me to a few contenders, but none seem to hit all the marks:

Revolut: Great ecosystem and has PIS/AIS, but its API is for Business accounts only, not for personal use.

Wallet by BudgetBakers: Looks very polished and seems to have OCR, but personal API is not available

Spendee: This is the only one where I've found a mention of a public API for developers. However, I've seen very mixed reviews about its stability and data syncing issues, which makes me hesitant.

Has anyone here with similar needs found an app that fits this description, especially the personal API part? Are there any hidden gems out there, perhaps targeted at developers or power users, that I might have missed?

Thanks in advance for any suggestions!",Quelgoth,1,1.0,1,2025-07-16 11:24:07,https://reddit.com/r/personalfinance/comments/1m18zfa/seeking_the_personal_finance_app_for_a_power_user/,personalfinance,Reddit
1m46b5z,Consolidation of Finances,"Not sure if this is a unique issue or fairly common. 

My life/job have led to having bank accounts and assets in the US, UK and India. I have cash, investments and debt across all three countries. 

I receive salary and other income in bank accounts across the three countries. 

I rent in all three countries (not simultaneously) but move between each every couple of years so looking for a banking or fintech solution that can help me:

i) Consolidate my bank accounts
ii) Hold / Transact in multiple currencies
iii) Track / Transact multiple credit cards
iv) Track / transact multiple asset classes
v) expense tracking and investment analysis

Im basically looking for one super app to handle all my finances from tracking to transacting to analyzing and I’m looking for a global version. 

Know this is a tall ask and know there are individual solutions such as Revolut, SoFi, Wize, Remitly but none of these have all the features above. 

Do traditional banks offer any service like this or is there some combo of two of apps that could help me achieve this? ",tanksj,2,0.67,0,2025-07-19 21:33:23,https://reddit.com/r/personalfinance/comments/1m46b5z/consolidation_of_finances/,personalfinance,Reddit
1j47b15,How to open a bank account in a foreign currency as a US Citizen?,"I'm getting my master's degree online through an international institution. Currently everytime I make a tuition payment I have to convert my USD over at whatever the current exchange rate is. With the state of the US economy, I'm concerned that the value of the USD will go down,  effectively causing my tuition to effectively go up.

I'm looking for how to open a bank account as a US citizen in a currency that isn't the USD? That way I put my future tuition payments in said account to prevent the exchange rate from possibly costing me thousands extra in payment.

Note that I live in the US and will be for the length of my degree ",IDeleteRedditYearly,0,0.5,9,2025-03-05 16:39:11,https://reddit.com/r/personalfinance/comments/1j47b15/how_to_open_a_bank_account_in_a_foreign_currency/,personalfinance,Reddit
1jvvf1l,Amex Green Card Germany,"Hey guys, I am considering getting the AMEX green card in Germany. I will of course keep my visa debit as a backup.

  
The idea is, I make enough turnaround to get it free from the 2nd year. And now I only have the Amazon credit card (which doesn't have Apple Pay).

  
I am trying to weight whether the Green Card brings any additional benefits, and if its turnaround value (points) help pay for at least its fees and my bank fees (5 euro for Amex + 4.9 euros account handling fees + 3.5 euros for debit card). This is my bare minimum.

  
And then if anybody has it, I would like to know what quirks it brings, I like the insurance and the extended warranty, but what value does the points actually bring back.

  
Thanks!",haddadaaron,2,1.0,6,2025-04-10 12:18:18,https://reddit.com/r/personalfinance/comments/1jvvf1l/amex_green_card_germany/,personalfinance,Reddit
1kmdzig,Euro to USD cash exchange,Hello I’m coming back from my job in eastern France near Switzerland. I have around 3500 euro in cash. What’s the best way to exchange this to usd? Should I wait until I get back to the Us or should I try to find somewhere in France or Switzerland?,fruitnmilk,0,0.5,3,2025-05-14 13:32:41,https://reddit.com/r/personalfinance/comments/1kmdzig/euro_to_usd_cash_exchange/,personalfinance,Reddit
1kkvh3g,What to do next as a student?,"Hey, so I am an 18 year old student, still in school but will go to university once I finish, which is in about a year. I have been working part time for the past 1,5 years and saved about €5500. I will continue working while I am in school since I love my job. But would you have any advice what to do with that money? I am saving it for when I go to uni. Right now it is just lying in my Revolut, but maybe there would be a better option?",Human_Ad9936,1,1.0,3,2025-05-12 16:31:51,https://reddit.com/r/personalfinance/comments/1kkvh3g/what_to_do_next_as_a_student/,personalfinance,Reddit
1k0hv7g,29 years old and trying to plan ahead,"Hi everyone!

So I was in debt (family debt, between 2500 and 3000€ for a vehicle + 2 months without a salary as I broke my foot and social security owes me 1600€ but it will take months to get it), and I'm getting a donation from family (sold an appartment, and to make it tax free, they decided to divide evenly and not add it to the inheritance that will come one day). I (in less than a week) will receive 12500€. I plan on paying the whole debt straight away to not have the burden.

So i'm getting about 9000€, and using Revolut as my bank. I want to put in the vault (2.44%APY net) between 4-5k, then invest in MSCI World ETF Acc &amp; NASDAQ 100 ETF Acc (maybe. around 1k€ each).

Revolut offers a Robo advisor for easy investment (seems good when volatility is low, but right now with everything happening I dont feel confident trying it out), and I dont know if its worth it (I have access to 1/5 to 5/5).

I also thought of buying stocks in companies like Thales or Rheinmetall (for example 400€ each, but instead of Thales maybe Dassault?) because of the future that's unfolding.

The vault is accessible instantly and I plan on putting 200€/month on it until i hit 6k (saving for emergency). My rent is between 600 and 750€ a month, 70€ for insurance, 70€ for added physical insurance. I earn around 1800€/month starting may.

I'd love your suggestions and thoughts on my financial planning for the future, as the goal is to have a safety net while slowly growing a bit of wealth long term (10y+).

P-S: I absolutely do not plan any investment as of now because of all the trade wars, bonds, $ value, and will keep 100% in the vault until it feels safer to start investing in these ETFs and stocks.

Thanks a lot!",Digit4l,1,1.0,4,2025-04-16 12:16:02,https://reddit.com/r/personalfinance/comments/1k0hv7g/29_years_old_and_trying_to_plan_ahead/,personalfinance,Reddit
1ko3elm,Is it worth it how I have distributed my portfolio?,"I have been investing for months, although I am going downwards, since I invest €400 per month (probably in a few months I want to invest around €800/month)

You can say that I am a newbie, but I would like you to give me an opinion on my portfolio, considering that I invest in Trade Republic and Revolut

My idea is to go long term, doing DCA, let it do its thing and not touch it until, what could it be? 7-8 years? I don't know yet, but leave it there for a while.

Trade Republic (70%) €280
- Gold (30%) €84
- S&amp;P 500 (35%) €98
- MSCI WORLD QUALITY (20%) €56
- Shares (2 for example) (15%) €42

Revolut X (30%) 120
- BTC (50%) €60
- ETH (30%) €36
- XRP (20%) €24

(Doing what I do, actions, I will see during the march)

Any opinion helps me, and if it helps me more, much better😁",unknownjp13_,0,0.5,0,2025-05-16 16:15:57,https://reddit.com/r/personalfinance/comments/1ko3elm/is_it_worth_it_how_i_have_distributed_my_portfolio/,personalfinance,Reddit
1jjupll,Moving from Canada to US with TN visa - Banking option,I've just accepted a job offer in the US and I'm working on relocating on a TN visa. My employer is asking for all my banking details to allow for relocation costs to be covered. Is there a way for me to get a US bank account without being there in person and not yet having a Visa? If so what bank and accounts do you recommend I look into?,Hot-rod-lincoln-,1,1.0,3,2025-03-25 21:20:48,https://reddit.com/r/personalfinance/comments/1jjupll/moving_from_canada_to_us_with_tn_visa_banking/,personalfinance,Reddit
1j8ch6s,Virtual card providers?,"I'm in need of a virtual card provider, something like Step or Revolut, but without the limits to how many virtual cards. It cant be something geared to registered businesses such as ramp, l need something an average person can use. It also has to be available in the US.
",young_jefehomes,0,0.5,3,2025-03-10 23:14:12,https://reddit.com/r/personalfinance/comments/1j8ch6s/virtual_card_providers/,personalfinance,Reddit
1joyhue,Moving money from Spain euros to uk sterling from property sale do I use FX company or WISE,"Hi I’m in the process of selling our apartment in the canary’s (we live in Uk)  and the estate agent recommended a company to handle the transaction which contacted me today, il be honest my intuition just flagged, I asked a few questions and I got silence, now I don’t really know much about how it works but I do trades on crypto and indices etc so when I used words like ‘spreads’ I got the impression I was a pain in the arse, anyway I get told that since brexit I’m gonna get ripped off or it will get frozen etc, so I need to use them, now we have had the apartment 19years and a lot has changed I mean back then I had to go to my bank here and fill a form out every month just to pay the mortgage lol, since I have been using a company called WISE formerly transfer wise and to be honest found it great no hassle and cheap, I tested it against Revolut and although Revolut transfer was free the exchange was worse if I recall, anyway my question is this do we still need an FX company to handle this nowadays when pinging money around is quite straightforward? Also how do I know what rate im getting when ‘we will do it at the right time to get you the best rate’ sounds shady to me",Delay_Alarmed,1,1.0,1,2025-04-01 16:31:47,https://reddit.com/r/personalfinance/comments/1joyhue/moving_money_from_spain_euros_to_uk_sterling_from/,personalfinance,Reddit
1jwyu4z,How Can My Long-Distance Girlfriend and I Open a Joint Bank Account?,"Hi everyone,

My girlfriend and I are in a long-distance relationship, and we’re looking to open a joint bank account to manage small personal expenses and feel more connected. However, we’ve run into some challenges and would love your advice.

Here’s our situation:

* I’m French, and she’s South African.
* We don’t live together and can’t visit a bank physically together.
* We’ve already tried a few options:
   * **Revolut**: Unfortunately, they require both account holders to live in the same country.
   * **Bunq** and **N26**: These services aren’t available in South Africa.

Does anyone know of a bank or financial service that allows long-distance couples from different countries to open a joint account remotely? Any tips or alternative solutions would be greatly appreciated!

Thanks in advance for your help!",AlgaeSuspicious7901,1,1.0,0,2025-04-11 20:49:31,https://reddit.com/r/personalfinance/comments/1jwyu4z/how_can_my_longdistance_girlfriend_and_i_open_a/,personalfinance,Reddit
1jhs1g0,How to transfer USD from PayPal Venezuela to Brazil (no conversion)?,"Looking for a legit way to move **USD from a PayPal Venezuela account to Brazil**, without converting to BRL.

Not using crypto or informal methods.

Tried:

* Payoneer (restricted)
* Facebank (passport needed, slow)
* Wise/Revolut (don’t accept Venezuela)

Need a platform that:

* Accepts Venezuelan users
* Receives PayPal USD
* Can send USD to Brazil
* Keeps funds in USD

Any suggestions?",MasterFarm772,0,0.5,1,2025-03-23 05:17:35,https://reddit.com/r/personalfinance/comments/1jhs1g0/how_to_transfer_usd_from_paypal_venezuela_to/,personalfinance,Reddit
1iof0ab,How to make an international payment securely?,"I'm ordering a motherboard through one of SuperMicro distributors. Currently, they're only available as part of a completed system. So, from emailing their sales rep I got routed to a distributor in Poland willing to sell me the motherboard.

They're asking me to pay through.
&gt;Please send to us payment confirmation.
IBAN = you should add ""PL"" at the beginning of 68 1020 2384 0000 9302 0147 0525
International transfers can take several days.
The OUR instruction means you pay all transfer charges. We receive all your payment.Not SHA
OUR means that you cover all bank's fee.
To avoid steep bank's fee you may pay via SEPA transfer (EURO) or Revolut (Express Elixir) and Wise (Elixir) for payment in USD and EURO.
https://help.revolut.com/business/help
https://wise.com/

How do I do this while making sure I'm covered if I never receive the product? 
",Minimum_Morning7797,0,0.5,3,2025-02-13 09:00:39,https://reddit.com/r/personalfinance/comments/1iof0ab/how_to_make_an_international_payment_securely/,personalfinance,Reddit
1j3c9hz,Which card to use in which situation? Especially for daily spending,"So while I have various debit cards I never really use, I have one card (Revolut Metal) that I use to spend and a credit card which I use occasionally when I need to make a payment not in the month's budget. (Ex: Doctor's appointment, unexpected birthdays, etc ...)

The thing is that both cards have perks/pros which makes it difficult to decide which one to use.

  
Revolut Metal Pros:

* I get 1 point per 2 euros spent which can be redeemed as air miles or used towards discounts on accomodations. However this has diminishing returns in a single transaction, the more points you use the less you get out of them per point
* Travel insurance
* Purchase insurance 
* I can return things from 50 euro and up for up to a 500 euro refund

  
Credit Card Pros:

* Loyalty points where 1 point is earned per 1 euro, but you have to spend like 20k for 50 euro worth of perks
* Travel insurance
* You're playing with the banks money so if things go south then they are more cooperative on refunds

Something worth noting is that Revolut top ups are treated as retail transactions so I'm assuming these top ups would gain me points on the card, but you wouldn't have the protection of a credit card then",MoltijsOnion,0,0.33,1,2025-03-04 14:41:29,https://reddit.com/r/personalfinance/comments/1j3c9hz/which_card_to_use_in_which_situation_especially/,personalfinance,Reddit
1j6tipa,"529s, International College and Foreign Exchange Risk","My daughter is going to college abroad on one of the 529 approved international universities. We're in the NYS 529. The dollar is at a crazy high, which is part of what makes school do-able.  

I want to lock in the favorable exchange rate of the moment, if at all possible.

Any suggestions on how to do this? I've explored a little but haven't found anything that suggests there's an obvious solution - I keep wondering if I'm  using the right search terms. 

Can I move all the college money out of the 529 and buy Euros? (Probably not - I assume we can't just move it out 3 years early!). Should I buy Euros using non-529 money in Wise or Revolut, pay for school out of that and then pay myself back?  

I'm brand new to thinking about international payments and forex risk, so thanks for bearing with on this question. Huge thanks. ",AtMyDesq,2,1.0,0,2025-03-08 23:03:37,https://reddit.com/r/personalfinance/comments/1j6tipa/529s_international_college_and_foreign_exchange/,personalfinance,Reddit
1iuoa68,UK people: How do you deal with Paypal's terrible conversion rate?,"I'm based in the UK (GBP)and I'm paid in USD. I cannot change the fact that I am paid in USD, or that I am paid through PayPal.

I'm really frustrated with the amount of money I'm losing from PayPal's abysmal conversion rate. I'm unable to link my Revolut or Wise account to my PayPal account, so I can't withdraw USD. I can't seem to get a multiple currency account with a UK bank account as you need to earn at least £50,000 - £100,000 a year to be eligible. I was declined from Starling and they have not given me a reason - my credit rating is good so I don't see what the issue is.

Any help would be appreciated.",BigRevolution1480,1,1.0,0,2025-02-21 10:58:49,https://reddit.com/r/personalfinance/comments/1iuoa68/uk_people_how_do_you_deal_with_paypals_terrible/,personalfinance,Reddit
