comment_id,post_id,post_title,text,author,score,date,subreddit,source
njakv6f,1o5nw74,I develop adult video games on Steam. I can't find a bank that will actually let me withdraw my money from Steam. Can I get some advice?,"I am not 100% sure on this because my business partner handled this but we are with ANNA and I’m pretty sure they didn’t ask questions, although we have had an Ltd set up already. Maybe it’s that? Have you tried via an Ltd? Could be better off with tax too, though you will have a lot more admin.",AntHeists,388,2025-10-13 17:11:17,UKPersonalFinance,Reddit
njb4o9a,1o5nw74,I develop adult video games on Steam. I can't find a bank that will actually let me withdraw my money from Steam. Can I get some advice?,I had the same sort of issue but won’t go into detail. I used RiskLink who brokered the issue and got me an account. I’d suggest speaking to them.,gingermidgetfucker,183,2025-10-13 18:45:08,UKPersonalFinance,Reddit
njc9qzv,1o5nw74,I develop adult video games on Steam. I can't find a bank that will actually let me withdraw my money from Steam. Can I get some advice?,You're telling the bank too much. When it comes to business banking with a limited company you can be truthful but vague. You're a software developer. Setup a landing page with your limited company details/registered address and point them to that.,Holpil,164,2025-10-13 22:08:01,UKPersonalFinance,Reddit
njalkyd,1o5nw74,I develop adult video games on Steam. I can't find a bank that will actually let me withdraw my money from Steam. Can I get some advice?,Is there a subreddit etc for OnlyFans creators? Might be worth getting in touch to see how they go about it if this is what banks do to people who make money from adult content?,r99c,758,2025-10-13 17:14:49,UKPersonalFinance,Reddit
njanaon,1o5nw74,I develop adult video games on Steam. I can't find a bank that will actually let me withdraw my money from Steam. Can I get some advice?,"A co-worker of mine did something similar, he released an adult game on Steam not expecting to make any money and it sold fairly well. When he came to withdraw the money he had the same issue with you that no bank wanted to help so he created a second game with a second store page and gave them that page and they were fine.",lungbong,987,2025-10-13 17:23:09,UKPersonalFinance,Reddit
njaqlyb,1o5nw74,I develop adult video games on Steam. I can't find a bank that will actually let me withdraw my money from Steam. Can I get some advice?,"I searched for ""banks for adult content creators"" and this came up:

https://moneysavinganswers.com/business/banking/the-best-bank-accounts-for-content-creators/",sid351,106,2025-10-13 17:39:07,UKPersonalFinance,Reddit
njao42u,1o5nw74,I develop adult video games on Steam. I can't find a bank that will actually let me withdraw my money from Steam. Can I get some advice?,"Try HSBC

Good enough for the cartel so it’ll be good enough for you",I_AmA_Zebra,206,2025-10-13 17:27:06,UKPersonalFinance,Reddit
njbdgw1,1o5nw74,I develop adult video games on Steam. I can't find a bank that will actually let me withdraw my money from Steam. Can I get some advice?,"I work for a company that provides alternative banking facilities for those who are deemed ""high risk"". We're an EMI publicly traded company on the London Stock Exchange. I'm a developer so don't work directly in the sales team, but I think we deal with a few clients in the pornography space which i assume is where you fall.

I can check tomorrow for you, and if you'd be interested I can let you know anything that comes of it. Just to note though, the fees would definitely be higher than what a bank would normally charge.

If you'd be interested I can put you in contact with an account manager.",iwouldlikethings,121,2025-10-13 19:27:07,UKPersonalFinance,Reddit
njbyab6,1o5nw74,I develop adult video games on Steam. I can't find a bank that will actually let me withdraw my money from Steam. Can I get some advice?,"What in the name of 17th century Puritans are banks actually smoking? No problem taking laundered drug money but get holier than thou with adult entertainment, yet legit money. Sorry you had to go through this.",squeryk,62,2025-10-13 21:10:28,UKPersonalFinance,Reddit
njaqymu,1o5nw74,I develop adult video games on Steam. I can't find a bank that will actually let me withdraw my money from Steam. Can I get some advice?,"I suggest you talk (not apply online) to a private bank that does commercial banking. If your business has legs and you're going to continue to do it they will take a more detailed look. 

The only other thing I can think of, is check if theres any legislation you should adhere to for adult content. It might be worth trying the banks and demonstrating that you're following the rules instead of just cowboying it.",TwentyCharactersShor,46,2025-10-13 17:40:48,UKPersonalFinance,Reddit
njb92hp,1o5nw74,I develop adult video games on Steam. I can't find a bank that will actually let me withdraw my money from Steam. Can I get some advice?,Handelsbanken? They're kind of the most exclusive private of all the non-private banks at least. They will 100% have you come in for a meeting first as they do with everyone from my experience. They did ask... a bit... about my statements but were okay with that side of things.,mata_dan,18,2025-10-13 19:05:47,UKPersonalFinance,Reddit
njalq5s,1o5nw74,I develop adult video games on Steam. I can't find a bank that will actually let me withdraw my money from Steam. Can I get some advice?,Have you tried asking fellow adult content creators such as onlyfans models?,Lower-Obligation4462,60,2025-10-13 17:15:32,UKPersonalFinance,Reddit
njbbit6,1o5nw74,I develop adult video games on Steam. I can't find a bank that will actually let me withdraw my money from Steam. Can I get some advice?,"Not related to it, but what game is it you made? 👀",GinPatch,47,2025-10-13 19:17:39,UKPersonalFinance,Reddit
njb6a43,1o5nw74,I develop adult video games on Steam. I can't find a bank that will actually let me withdraw my money from Steam. Can I get some advice?,My friend is an onlyfans creator albeit non-explicit. She uses an accountant - who set up a uk ltd company and never had any issues - but that might be more connected to it being non-explcit.,sabreapco,14,2025-10-13 18:52:38,UKPersonalFinance,Reddit
njaluae,1o5nw74,I develop adult video games on Steam. I can't find a bank that will actually let me withdraw my money from Steam. Can I get some advice?,"there will be obscure non high street banks that will help,.you may end up with a non UK bank with high fees. You need to research more deeply or ask advice from other people working in adult entertainment. you could seek out an accountant with experience in this sector too and get advice there",annakarenina66,29,2025-10-13 17:16:06,UKPersonalFinance,Reddit
njb0mv2,1o5nw74,I develop adult video games on Steam. I can't find a bank that will actually let me withdraw my money from Steam. Can I get some advice?,"A friend if mine started a business in a different ""unpopular"" sector, and found Virgin would take their custom after others refused.",FishUK_Harp,14,2025-10-13 18:26:19,UKPersonalFinance,Reddit
njb7b81,1o5nw74,I develop adult video games on Steam. I can't find a bank that will actually let me withdraw my money from Steam. Can I get some advice?,What a rubbish country we live in,Karmaisthedevil,44,2025-10-13 18:57:25,UKPersonalFinance,Reddit
njayvq7,1o5nw74,I develop adult video games on Steam. I can't find a bank that will actually let me withdraw my money from Steam. Can I get some advice?,Bank of Ireland? Or any Irish bank. It's just they do a lot of business with the UK so it might not be the worst foreign bank to try?,Cute-Chemistry-105,11,2025-10-13 18:18:06,UKPersonalFinance,Reddit
njamxwo,1o5nw74,I develop adult video games on Steam. I can't find a bank that will actually let me withdraw my money from Steam. Can I get some advice?,"I think you should consider being less up front with the banks. They offer a service and they can choose not to offer it to anyone they please. 

How many games do you develop? Perhaps you could show them another one. Or perhaps you could show them your companies website, which does not necessarily link to steam or show any explicit content. (Create one if you don’t have it already.)

Talk to a lawyer about this first.

Not legal advice etc.",aWildLinkAppeared,70,2025-10-13 17:21:26,UKPersonalFinance,Reddit
njbcave,1o5nw74,I develop adult video games on Steam. I can't find a bank that will actually let me withdraw my money from Steam. Can I get some advice?,"I’ve never bought or sold anything that would fall into this category, but I’m really pissed off that foreign interests (visa and Mastercard) can hold such sway over something totally legal in this country. This is the kind of thing anti-trust laws should be all over. Companies using their monopoly (or duopoly) to influence shit that is none of their business. Wish there was an alternative.
Serious question, who does Anne Summers bank with?",bogusalt,34,2025-10-13 19:21:25,UKPersonalFinance,Reddit
njbem7t,1o5nw74,I develop adult video games on Steam. I can't find a bank that will actually let me withdraw my money from Steam. Can I get some advice?,"Also, run a free credit score checker. You may find many places are blocking you instantly because it looks like you are trying to commit fraud merely by trying to open so many accounts. There's likely dozens of markers on your credit file. Your accountant should know this.",Important-Friend3423,30,2025-10-13 19:32:40,UKPersonalFinance,Reddit
njbl8o1,1o5nw74,I develop adult video games on Steam. I can't find a bank that will actually let me withdraw my money from Steam. Can I get some advice?,"Diversify. Make some cheap shitty game and sell it. Sell at least 1 copy of it (get a friend to buy it). Then provide that page. Then when you say you have received income from a that non-pornographic game that you want to withdraw, you are not lying. I doubt Steam puts your pornographic income and non-pornographic income in different buckets, right? So once you go to withdraw it, should be fine to withdraw all of it.

Do double check this is legal, I certainly am not suggesting that it absolutely is. But if you're not technically lying, I imagine it's fine.",Western-Bad5574,9,2025-10-13 20:05:08,UKPersonalFinance,Reddit
njap1p7,1o5nw74,I develop adult video games on Steam. I can't find a bank that will actually let me withdraw my money from Steam. Can I get some advice?,"Make a couple of boring pages for games that are SFW, perhaps the game is £5, but the DLC is £50, or make a Steam workshop add on, something really boring and corporate that nobody is going to buy, eg a spreadsheet tuned for calculating annualised depreciation on non-core hardware purchased for support tasks related to supporting the admin team that supports Steam developers, for £350. 

Whatever it is, make the page look professional and commercial.  I don't know if you have to make it purchasable or can block purchases, or say purchase on application only, or simply refund every unfortunate idiot that that buys it. 

That's the first part, that's your bank shop window.  Of course you may have other products, eg, (a second boring product), but that's the one you are most excited about. 

The second part is don't tell the bank the value you have waiting. Don't make it seem a big deal.  For example, perhaps mention you have about £500 per month in sales, £100 in a slow month, and it's only been on sale a few months.  

(And ps if you get an account, don't make big transfers all in one go. A bit at a time. Build up. £3000 in the first month, double in the second month, stick to that for a few months.)",DreamyTomato,48,2025-10-13 17:31:36,UKPersonalFinance,Reddit
njbr8lv,1o5nw74,I develop adult video games on Steam. I can't find a bank that will actually let me withdraw my money from Steam. Can I get some advice?,Have you considered making a SFW game and just linking them that? Even if it's just some tat,DurgeDidNothingWrong,7,2025-10-13 20:34:59,UKPersonalFinance,Reddit
njbviad,1o5nw74,I develop adult video games on Steam. I can't find a bank that will actually let me withdraw my money from Steam. Can I get some advice?,Maybe talk to a financial advisor or solicitor to discuss options. I’m think this is above’s reddit pay grade 😂. You earned that money I don’t see why you cannot get it. Surely OF girls are able to cash in.,Elx37,7,2025-10-13 20:56:27,UKPersonalFinance,Reddit
njanqmc,1o5nw74,I develop adult video games on Steam. I can't find a bank that will actually let me withdraw my money from Steam. Can I get some advice?,"I recommend Tide - when I’ve done financial planning work with content creators, we’ve managed to get them business accounts there",themazeisnot4you,13,2025-10-13 17:25:18,UKPersonalFinance,Reddit
njbelhi,1o5nw74,I develop adult video games on Steam. I can't find a bank that will actually let me withdraw my money from Steam. Can I get some advice?,"Get a solicitor, if only to advise you on what to do about the tax liability. You might end up in a situation where HMRC wants money from you but you're physically unable to give it to them. Sounds nightmarish. Good luck with it.",await_yesterday,5,2025-10-13 19:32:34,UKPersonalFinance,Reddit
njavani,1o5nw74,I develop adult video games on Steam. I can't find a bank that will actually let me withdraw my money from Steam. Can I get some advice?,Are you the same person who has their money frozen through PayPal for this issue a few months back?,N9242Oh,11,2025-10-13 18:01:16,UKPersonalFinance,Reddit
njanh98,1o5nw74,I develop adult video games on Steam. I can't find a bank that will actually let me withdraw my money from Steam. Can I get some advice?,"Do you need to tell them that you've got X payment coming in? 

Presumably you set up an 'online/digital services' ltd company, go online and apply for a business bank account and that's the end of it. You make no mention of having a pending 90k or an existing shipped product and showing them the steam page?",Ordinary-Look-8966,15,2025-10-13 17:24:03,UKPersonalFinance,Reddit
njc7fkp,1o5nw74,I develop adult video games on Steam. I can't find a bank that will actually let me withdraw my money from Steam. Can I get some advice?,"It's not allways possible, but you might want to try making a base game then having adult content behind a dlc, I'm aware that some steam games have done so.",Active_Ambassador_79,6,2025-10-13 21:56:07,UKPersonalFinance,Reddit
njb69h1,1o5nw74,I develop adult video games on Steam. I can't find a bank that will actually let me withdraw my money from Steam. Can I get some advice?,"Could you structure your company differently? E.g. setup another company doing 'Consultancy and Software Development Services' rather than in the adult industry, which bills £90k for services to your existing company, and have the money transferred to there? I'm not sure on the legality/tax implications of this but maybe your Accountant could advice.",juronich,9,2025-10-13 18:52:33,UKPersonalFinance,Reddit
njc5y8b,1o5nw74,I develop adult video games on Steam. I can't find a bank that will actually let me withdraw my money from Steam. Can I get some advice?,My friend used tide for this.,fleurmadelaine,3,2025-10-13 21:48:41,UKPersonalFinance,Reddit
njd0nct,1o5nw74,I develop adult video games on Steam. I can't find a bank that will actually let me withdraw my money from Steam. Can I get some advice?,Release a pg version and show the banks that?,Puzzman,4,2025-10-14 00:39:33,UKPersonalFinance,Reddit
njd5pl1,1o5nw74,I develop adult video games on Steam. I can't find a bank that will actually let me withdraw my money from Steam. Can I get some advice?,Try a bank in another country,dodgythreesome,4,2025-10-14 01:09:28,UKPersonalFinance,Reddit
njei9pa,1o5nw74,I develop adult video games on Steam. I can't find a bank that will actually let me withdraw my money from Steam. Can I get some advice?,Hm sounds like an opportunity to create a bank for the adult content world,Any-Wear-4941,4,2025-10-14 06:34:33,UKPersonalFinance,Reddit
njan52m,1o5nw74,I develop adult video games on Steam. I can't find a bank that will actually let me withdraw my money from Steam. Can I get some advice?,I withdrew OnlyFans earnings into an HSBC account. Never had any issue.,kaaaatieeeee,7,2025-10-13 17:22:24,UKPersonalFinance,Reddit
njb1ugn,1o5nw74,I develop adult video games on Steam. I can't find a bank that will actually let me withdraw my money from Steam. Can I get some advice?,Try a Spanish bank.,Miserable-March-1398,3,2025-10-13 18:31:55,UKPersonalFinance,Reddit
njb8dkr,1o5nw74,I develop adult video games on Steam. I can't find a bank that will actually let me withdraw my money from Steam. Can I get some advice?,Have a look at Cosmos. Expensive but they deal with OF models.,ThatChef2021,3,2025-10-13 19:02:28,UKPersonalFinance,Reddit
njbhvww,1o5nw74,I develop adult video games on Steam. I can't find a bank that will actually let me withdraw my money from Steam. Can I get some advice?,"Have you tried Zempler ? They accept motor trade, which absolutely NO other banks do these days, so may accept adult content? My friends an OF creator an also uses them (he went from motor trade to OF tho so already were set up)",Littledennisf,3,2025-10-13 19:48:42,UKPersonalFinance,Reddit
njbu74k,1o5nw74,I develop adult video games on Steam. I can't find a bank that will actually let me withdraw my money from Steam. Can I get some advice?,"I posted another comment but just to add id begin looking at creating different legal entities or corporate structures under your business. One that deals with payroll and pays your wage, one that sells games, one that manages payments and advertising etc. It's all legal as it's under the same corporation.. But maybe one of these legal entities is the one that you report on.. It has cash flow, the source of which is the revenue generation arm, that is not the sales arm etc",Tricky_Run4566,3,2025-10-13 20:49:53,UKPersonalFinance,Reddit
njcp83c,1o5nw74,I develop adult video games on Steam. I can't find a bank that will actually let me withdraw my money from Steam. Can I get some advice?,honetly I'm kinda impressed the banks are being sufficiently dilligent about such things,ExpletiveDeletedYou,3,2025-10-13 23:32:58,UKPersonalFinance,Reddit
njeim2n,1o5nw74,I develop adult video games on Steam. I can't find a bank that will actually let me withdraw my money from Steam. Can I get some advice?,Could routing your funds through Gibraltar or Isle of Man help?,hskskgfk,3,2025-10-14 06:37:42,UKPersonalFinance,Reddit
njewf72,1o5nw74,I develop adult video games on Steam. I can't find a bank that will actually let me withdraw my money from Steam. Can I get some advice?,Are there not OnlyFans forums you could ask on? I imagine there are a lot of UK based adult continent creators who need bank accounts.,originalusername8704,3,2025-10-14 08:56:22,UKPersonalFinance,Reddit
njfzokz,1o5nw74,I develop adult video games on Steam. I can't find a bank that will actually let me withdraw my money from Steam. Can I get some advice?,"This might sound completely bizarre, but is it worth asking a company like “the natural love company” who they bank with? This is such a frustrating position to be in.",Minxy_T,3,2025-10-14 14:21:06,UKPersonalFinance,Reddit
njgsnbh,1o5nw74,I develop adult video games on Steam. I can't find a bank that will actually let me withdraw my money from Steam. Can I get some advice?,"Have you tried a European bank? 

https://www.rbinternational.com/en/raiffeisen.html

We used to use these in the cannabis industry


Alternatively open up a boring LTD company that is for programming or something and just have the funds sent there.",the95th,3,2025-10-14 16:52:36,UKPersonalFinance,Reddit
njaz4n4,1o5nw74,I develop adult video games on Steam. I can't find a bank that will actually let me withdraw my money from Steam. Can I get some advice?,"Can you create a second, sfw store page and direct then to that ?",teachbirds2fly,4,2025-10-13 18:19:15,UKPersonalFinance,Reddit
njal4dw,1o5nw74,I develop adult video games on Steam. I can't find a bank that will actually let me withdraw my money from Steam. Can I get some advice?,"There were around 260 banks on UK and 900 payment institutions.


You tried 11. Just go in branch across every bank you can find, and check their response.",Total_Scratch8198,20,2025-10-13 17:12:33,UKPersonalFinance,Reddit
ng46808,1nq3epw,i want to open a second bank account without my parents knowledge,Participation in this post is limited to users who have sufficient karma in /r/ukpersonalfinance. See [this post](https://www.reddit.com/r/UKPersonalFinance/comments/12mys82/trialling_new_process_comments_restricted_to_ukpf/) for more information.,ukpf-helper,1,2025-09-25 13:28:13,UKPersonalFinance,Reddit
ng3wkfn,1nq3epw,i want to open a second bank account without my parents knowledge,"It might be better to go to a bank branch in person and say you want the card delivered to them so you can pick it up rather than mailed to your home address. I imagine most branches would do that for you, especially if you say you're at risk of financial abuse from your parents.

Ask them not to send any paper statements either.

Then transfer your money across and you're done.",parkway_parkway,281,2025-09-25 12:24:11,UKPersonalFinance,Reddit
ng3u20t,1nq3epw,i want to open a second bank account without my parents knowledge,"You can have multiple bank accounts - there's no (il)legality to it. 

You can also request bank cards are sent to your local branch; so not necessarily best to get an online only account. Particularly if you tick the 'my letterbox is shared with other households' box during the account opening process I think banks will automatically send it to a nearby branch.",1000togo,240,2025-09-25 12:05:31,UKPersonalFinance,Reddit
ng3tgud,1nq3epw,i want to open a second bank account without my parents knowledge,"When you say 'co-owns', is this a joint account at all?

Because legally if it's joint account yes she can see and access everything. But if it's only YOUR NAME sole account, this will be boarderline on financial abuse (if she steps in to say you can or cannot do certain things).",KevCCV,98,2025-09-25 12:00:58,UKPersonalFinance,Reddit
ng3s95g,1nq3epw,i want to open a second bank account without my parents knowledge,"To answer your question, yes, some banks - like Revolut - offer virtual cards.

But it's probably wise to deal with the root cause instead of setting up a secret bank account. You're 18. It's time to address the elephant in the room.",Jakeh_G,728,2025-09-25 11:51:25,UKPersonalFinance,Reddit
ng3s326,1nq3epw,i want to open a second bank account without my parents knowledge,"Is there a reason you can’t simply say “Mum, I’m an adult now. Thanks for teaching me about baking. I’m ready to go solo now so I’m opening my own account”?",se95dah,132,2025-09-25 11:50:04,UKPersonalFinance,Reddit
ng43t1g,1nq3epw,i want to open a second bank account without my parents knowledge,"Lots of comments in here seem to believe that the average 18yo can easily go to uni and pay rent themselves without financial hardship and without financial support from parents. It's very tough. OP, you know your parents better than we do. If you know they won't react well to you asserting boundaries, then you do what you have to.

Monitoring your transactions is not normal and you shouldn't be treated this way. You'll be so much happier when you can get out of there, and you are going to get out of there. But if you can't do that right now, it's OK to take smaller steps towards independence.",Mammoth-Corner,63,2025-09-25 13:13:13,UKPersonalFinance,Reddit
ng3x9r5,1nq3epw,i want to open a second bank account without my parents knowledge,"I'd recommend going into a branch and asking - a different bank than you have the joint account with. Take some ID and proof of address, ask to speak with someone about opening an account and tell them your situation. They may be able to arrange paperless contact and card delivered to the branch. I think metro bank print cards out in branch, but I've no personal experience of that.",DontCatchThePigeon,14,2025-09-25 12:29:15,UKPersonalFinance,Reddit
ng41o0s,1nq3epw,i want to open a second bank account without my parents knowledge,Do bear in mind that if you then fund your new account from the joint account with your Mum she's going to realise that you have a new bank account pretty quickly.,Crimmeny,12,2025-09-25 12:59:31,UKPersonalFinance,Reddit
ng4dttp,1nq3epw,i want to open a second bank account without my parents knowledge,"It's really upsetting reading so many comments from people who have apparently never even heard of financial abuse. A parent who insists on their child only having a joint account and monitoring every single transaction is unlikely to give them their birth certificate etc. 

https://www.moneyhelper.org.uk/en/family-and-care/talk-money/financial-abuse-spotting-the-signs-and-leaving-safely

OP have a read of this and see if it resonates. There are links of other charities that can help with specific issues. 

Have you had access to your child trust fund? That's your own money. 

Good luck OP i hope you can get out 💜",ZapdosShines,29,2025-09-25 14:12:25,UKPersonalFinance,Reddit
ng3xwll,1nq3epw,i want to open a second bank account without my parents knowledge,If your existing bank is a high street bank you should be able to open an account and pick up your card from the bank - rather than have it posted.,spr148,9,2025-09-25 12:33:48,UKPersonalFinance,Reddit
ng3ynl3,1nq3epw,i want to open a second bank account without my parents knowledge,What kind of families act like this in the UK? This is totally crazy.,Super_Novice56,41,2025-09-25 12:39:09,UKPersonalFinance,Reddit
ng3svua,1nq3epw,i want to open a second bank account without my parents knowledge,"Monzo will send you a card, despite being a branchless bank.",BeanOnToast4evr,9,2025-09-25 11:56:26,UKPersonalFinance,Reddit
ng3u2wr,1nq3epw,i want to open a second bank account without my parents knowledge,"Revolut you can get a virtual card. However, how would you get money into that account? Wouldn't you still need to send it from the account she monitors?

Sorry to hear that you're parents are doing this. I'm sure they'll stop soon but it's not healthy for your relationship with them long term",DGClueless,8,2025-09-25 12:05:43,UKPersonalFinance,Reddit
ng40rzj,1nq3epw,i want to open a second bank account without my parents knowledge,Surely this doesn’t solve your problem once you salary disappears from account A they will know,Desperate-Tomato902,5,2025-09-25 12:53:43,UKPersonalFinance,Reddit
ng41158,1nq3epw,i want to open a second bank account without my parents knowledge,"Go with Starling.  Online only like Monzo, and you can view your card details in the app as well.  The card comes in a non traditional envelope so she wouldn't be able to tell.

The envelope is thicker stock, smaller than a birthday card in size, rather than a long window envelope floppy at one end from the obvious weight of the card inside.",MDL1983,5,2025-09-25 12:55:24,UKPersonalFinance,Reddit
ng4v84d,1nq3epw,i want to open a second bank account without my parents knowledge,Please ensure you have very strong and secure passwords(s) to protect your new account.,maceion,3,2025-09-25 15:40:23,UKPersonalFinance,Reddit
ng3zih4,1nq3epw,i want to open a second bank account without my parents knowledge,"Have you got a history of making really bad financial decisions (gambling/hard drugs etc)?

If you're a regular 18 yr old, I would definitely recommend an honest chat with your parents. They should appreciate that....if they don't, then you are legally an adult and you can explain to them you are going to open another account regardless.",Mysterious-One1055,7,2025-09-25 12:45:11,UKPersonalFinance,Reddit
ng41yf8,1nq3epw,i want to open a second bank account without my parents knowledge,Even if you have another account how will you get money into it? If your parents check your account they would get suspicious seeing money being transfered into this alternative account. Unless you get a side job and get money paid into new account.  I would have thought best thing to do. Is just take cash out of ATM they have no way to know what you spending it on then.,welshdragoninlondon,3,2025-09-25 13:01:24,UKPersonalFinance,Reddit
ng5mw7n,1nq3epw,i want to open a second bank account without my parents knowledge,"If you have a physical bank account already, you could go into branch and speak to someone in person - explain the situation and that you’d like to open a personal account but not have any post sent out for it. This should be possible and they will also be equipped to give you guidance and support for this, which seems like financial abuse. 

If you don’t want to do that, Revolut is likely a good option - you sign up fully online and they don’t send a physical card unless you specifically ask for one and request it. Otherwise it’s just a virtual one. Monzo won’t be suitable for you because you can’t finish their set-up process until the card arrives in the post.",Sensitive_Ad_9195,3,2025-09-25 17:51:36,UKPersonalFinance,Reddit
ng5umhb,1nq3epw,i want to open a second bank account without my parents knowledge,"If you pick a physical bank you can often arrange to collect the card from the branch, rather than having it posted to you.",ProfessorYaffle1,3,2025-09-25 18:27:27,UKPersonalFinance,Reddit
ng63wfr,1nq3epw,i want to open a second bank account without my parents knowledge,"Just to offer an alternative, what if you opened a sole account with the same bank? Cards expire every few years and are replaced - or maybe you “lost” your card and the bank sent a new card and PIN?

Hiding post from a different bank might be more difficult than receiving post from the same place you always get post from and letting it hide in plain sight. Plus if you have online banking you’ll be able to manage the account online and set it to paperless statements/correspondence pretty much straight away.",SuzyQ2117,3,2025-09-25 19:11:03,UKPersonalFinance,Reddit
ng3xhot,1nq3epw,i want to open a second bank account without my parents knowledge,Most banks you can set up a bank account and request to pick up the card in branch instead of it being sent to your property. Santander used to do this but unsure if they still do. I’d go in and ask,GETSHrekt33,2,2025-09-25 12:30:51,UKPersonalFinance,Reddit
ng44ers,1nq3epw,i want to open a second bank account without my parents knowledge,Can you speak to a bank and let them know you’re worried about people accessing your mail at you current address and is there a way the card could be sent elsewhere? I’m not sure this is possible but surely there must be options for people who are in danger of being controlled and coerced. They may let you send it to a post office for collection so it’s a secure delivery.,jajay119,2,2025-09-25 13:17:02,UKPersonalFinance,Reddit
ng58u5q,1nq3epw,i want to open a second bank account without my parents knowledge,"Silly question, but your bank account; is it an actual student account?  Or is it a joint account with your mum and you? Or does your mum have authority on the account?

I know that some kids current accounts, depending on the bank, may have to have a parent act as a third party. Depending when they were opened.

But if you were an older teen (under 18) you can open one independently, without parental consent. Again depending on bank rules.",mudual,2,2025-09-25 16:45:02,UKPersonalFinance,Reddit
ng5mb4b,1nq3epw,i want to open a second bank account without my parents knowledge,Monzo do not send a card unless you specifically request one,jasilucy,2,2025-09-25 17:48:52,UKPersonalFinance,Reddit
ng63a4r,1nq3epw,i want to open a second bank account without my parents knowledge,"You can open a Revolut account without ordering a card, and add a virtual card to Google pay to pay with your phone ",Dry_rye_,2,2025-09-25 19:08:04,UKPersonalFinance,Reddit
ng6tvvk,1nq3epw,i want to open a second bank account without my parents knowledge,Set up a monzo account,notimefornothing55,2,2025-09-25 21:18:41,UKPersonalFinance,Reddit
ng70xx4,1nq3epw,i want to open a second bank account without my parents knowledge,"Surely they'll just see you transferring money to your new account? Or they'll see your salary being not paid into it. 

The answer here is to not let your parents see your bank account. You are an adult.",jrewillis,2,2025-09-25 21:52:57,UKPersonalFinance,Reddit
ng9taqf,1nq3epw,i want to open a second bank account without my parents knowledge,"Ehhh, if your 18 get your mum off your account. End of",wreckedgum,2,2025-09-26 09:25:25,UKPersonalFinance,Reddit
nga0hnd,1nq3epw,i want to open a second bank account without my parents knowledge,you are an adult... there is nothing stolling you opening whatever accounts you like. if you want to keep it from your parents you can opt for email only correspondence but that is a bit tricky initially if they are sending out a debit card and pin.,gentian_red,2,2025-09-26 10:37:55,UKPersonalFinance,Reddit
ng404uw,1nq3epw,i want to open a second bank account without my parents knowledge,"Since you are over 18, if you open a bank account in your own name (which you should do), no-one, including your parents, are allowed to open your mail without permission and take things that dont being to them, including and particularly bank cards.

You have some very strong, legal protections to help you if you choose.

Just my opinion, but you really need and should have your own bank account solely in your name where only you have access. Do not  allow others in your family to coerce you otherwise.",uthyrbendragon,4,2025-09-25 12:49:28,UKPersonalFinance,Reddit
ng3slg9,1nq3epw,i want to open a second bank account without my parents knowledge,"""how can I defy my parent's rules"" 

Ah to be 18 again",No-Echo-8927,6,2025-09-25 11:54:09,UKPersonalFinance,Reddit
ng44eyk,1nq3epw,i want to open a second bank account without my parents knowledge,"You can have multiple bank accounts

You will need ID to prove your residence

once you have the account setup ask your employer to pay your salary into the new account

Enjoy your new found freedom to spend and transfer like all other 18 year old adults

You will still need to deal with the elephant in the room because the argument will switch to your lack of trust and her only trying to protect your interest - you cannot win",Feisty_Baseball_6566,3,2025-09-25 13:17:04,UKPersonalFinance,Reddit
ng40z82,1nq3epw,i want to open a second bank account without my parents knowledge,"Playing the devils advocate here OP (I am prepared for the downvotes) - my question is *why* is your mum doing this? There could be many reasons; a main one being control, which is obviously not acceptable. 
But to consider; is money a bit of an issue in your family? Like, do your parents not have much, live pay check to paycheck, or alternatively have they worked hard and saved hard all their life to have a good income?
Another point is; could there be something you have done that makes her feel like she *needs* to monitor you, as in have you previously been ‘pissing money up the wall’? 
Maybe your mum has struggled with financial drains such as debt, gambling etc. 

Ultimately, you need to have a conversation with her to ascertain clearly why she feels the need to do this. Sometimes parents make poor choices, but with the best intentions. It may be she is worried you won’t save any money and down the line may struggle financially? That’s not to say that any of these potentials make it okay for her to control your bank, but it may give insight into *why* she felt it necessary to do this. 

I’d speak to her first, before you try opening a second bank account, gauge her response, and then if it’s right for you, tell her you will be opening your own bank account.",NaturalBusiness4045,4,2025-09-25 12:55:03,UKPersonalFinance,Reddit
ng5uvc3,1nq3epw,i want to open a second bank account without my parents knowledge,"Why on earth does your mum need to be involved in your bank account at 18?! Just open a new account &amp; start having your salary paid into your own personal account. Tell your mum you are opting to have your own account now &amp; will be removing yourself from the joint one. 

It’s absoloutly not acceptable to have parents overseeing accounts at 18. You are an adult. How you spend your money is your choice.",AttersH,3,2025-09-25 18:28:36,UKPersonalFinance,Reddit
ng3tclc,1nq3epw,i want to open a second bank account without my parents knowledge,Use revolut. They have virtual cards and you can deposit money into your account at most corner shops and supermarkets so you don't even need to order a physical card.,m3e92,2,2025-09-25 12:00:03,UKPersonalFinance,Reddit
ng3zk7x,1nq3epw,i want to open a second bank account without my parents knowledge,"If you open an account with Metro Bank in a branch they can produce your card for you in the branch on the same day - [https://www.metrobankonline.co.uk/store-locator/](https://www.metrobankonline.co.uk/store-locator/)

  
If you open the account online you can choose for the card to be picked up in store.",ThirtySecondsTime,2,2025-09-25 12:45:31,UKPersonalFinance,Reddit
ng4pfvb,1nq3epw,i want to open a second bank account without my parents knowledge,"Can you not, as an adult, request she be removed from the account if it's in your name?

Was this leftover from when it was set up originally as a parent/child account?",redsquizza,2,2025-09-25 15:12:26,UKPersonalFinance,Reddit
ng5b9r9,1nq3epw,i want to open a second bank account without my parents knowledge,You’re 18 - why do you need to do this without your parents knowledge?,Competitive-Sail6264,2,2025-09-25 16:56:26,UKPersonalFinance,Reddit
ng3wpoz,1nq3epw,i want to open a second bank account without my parents knowledge,"If your bank account is a joint account with your mum:

* Inside your bank's app or website just open a new current account. Open it as a sole account. Once it's open, arrange for your salary etc to be paid in to this account.
* Either
   * Transfer all of your money from the joint account to your sole account and then instruct the bank to close it
   * Tell the bank that you wish to convert a joint account to a sole account, and have her removed from the account

If your bank account is only held in your name but your mum has somehow gained access to it, or if you went with the ""I want to convert a joint account to a sole account"" option but your mum has refused to cooperate:

* Either arrange to go in to your bank or phone them, and tell them that you are a victim of familial financial abuse and coercive control. Ask for their help.",joeykins82,2,2025-09-25 12:25:13,UKPersonalFinance,Reddit
ng41484,1nq3epw,i want to open a second bank account without my parents knowledge,"Set up a standing order from the joint account to the new account and call the transfer ""regular savings"". Regular savings accounts are real things, but this could work as a way to move money out of your mum's sight.",PrivateFrank,1,2025-09-25 12:55:58,UKPersonalFinance,Reddit
ng42167,1nq3epw,i want to open a second bank account without my parents knowledge,Get a new bank account and ask your company too change your payee details for salary deposits,mockingtruth,1,2025-09-25 13:01:54,UKPersonalFinance,Reddit
ng43uua,1nq3epw,i want to open a second bank account without my parents knowledge,"You can easily setup a bank account with Wise and not get a card, just use Apple Pay or Google Pay.",Jeoh,1,2025-09-25 13:13:32,UKPersonalFinance,Reddit
ng45hei,1nq3epw,i want to open a second bank account without my parents knowledge,Open an account with wise. You just get a digital card as standard.,loloholmes,1,2025-09-25 13:23:41,UKPersonalFinance,Reddit
ng4c554,1nq3epw,i want to open a second bank account without my parents knowledge,"But how is the excess cash going into the new account? You mention the extra cash left over but going online-only route then how can you pay that cash into the new account? Least with high street bank, go in and hand them a tenner and get that onto the card. You can’t tell me your mum won’t see the line by line transactions and a repeated account that gets get paid into",HoggingHedges,1,2025-09-25 14:03:03,UKPersonalFinance,Reddit
ng4d94v,1nq3epw,i want to open a second bank account without my parents knowledge,"Put all the other advices aside regarding telling your mum you’re an adult and what not; that is a separate issue and you’re more than welcome for an advice on that.
However, for a second bank account, yes you can. Although it’s only you who knows if they send a bank card to your address that will be fine or not. Monzo is a bank, online bank. It doesn’t send anything to your address other than a card. So if you can have that then happy days, do that. Then perhaps see what you want to do.. if you want to switch your joint to yours or not",Necessary_Resist9996,1,2025-09-25 14:09:17,UKPersonalFinance,Reddit
mx870gl,1l8x495,Kid made expensive mistake,Many areas have programs for foster kids who have aged out to help teach them life skills. I hope you'll help her utilize those if they are available.,KeepOnRising19,3367,2025-06-11 17:44:09,personalfinance,Reddit
mx8dsce,1l8x495,Kid made expensive mistake,She needs to contact her bank to turn off  autodraft.,tmgieger,1594,2025-06-11 18:15:34,personalfinance,Reddit
mx8uthz,1l8x495,Kid made expensive mistake,"One of my daughter's roommates at college did something similar.  She is totally on her own and this was a davasting problem (her savings were all she had for food that month).  

I gifted her the money. 

That young woman has had it hard.  She's been pretty much on her own since she was 16.  She is working to put herself through college.  The subscription was for a piece of software she used for a project and in the relief of finishing the semester she just forgot.  

So I gave her leg up.  I'm sure someone will tell me I deprived her of a valuable lesson.  Maybe.  I hope I also taught her one:  That when you CAN help, help.",Massif16,810,2025-06-11 19:35:08,personalfinance,Reddit
mx846q1,1l8x495,Kid made expensive mistake,She can appeal to the app developer and ask politely for a refund.,BouncyEgg,596,2025-06-11 17:30:32,personalfinance,Reddit
mx8a73a,1l8x495,Kid made expensive mistake,"Depending on your level of involvement and finances, maybe spot her the cost. It's an amount I wouldn't particularly miss and under the right circumstances I'd be happy to hand it over to help out a kid that I care about in a bind.

There's the obvious question of whether they become financially dependent on you, but that needs a conversation with the kid and a warning that this is not something you can do again. This is the teachable moment to come to someone for help immediately and don't let it fester.

I saw another comment mention virtual credit cards, it's maybe a good idea to teach this kid how to use them, but that wouldn't help in your situation I think as you mentioned the debtor is Apple, who also controls the device. This may help for off platform stuff though, so worth the look anyway for future.",morosis1982,204,2025-06-11 17:59:02,personalfinance,Reddit
mx8dsuy,1l8x495,Kid made expensive mistake,"Not for the sake of being preachy, but some guidance she could benefit from:

* Debit vs credit cards
* Walking through how to dispute a transaction with credit cards 
* The general issue with anxiety, avoidance and ""silence is consent"". Anyone can get into a fearful/avoidant state if a problem pops up that they don't know how to handle, and this is a good example of what can happen if you clam up and don't reach out for help.

Helping her with any of those three would be good long-term.

Not sure how comfortable you would be in trying to get her back on her feet financially, i.e. a mini fundraiser or bake sale etc. from neighbors if she is a good kid.",SheistyPenguin,66,2025-06-11 18:15:38,personalfinance,Reddit
mx83zgx,1l8x495,Kid made expensive mistake,This is just going to be an expensive lesson. She should've canceled before the trial ended.,t-poke,841,2025-06-11 17:29:34,personalfinance,Reddit
mx8h22n,1l8x495,Kid made expensive mistake,"Expensive lesson.

Make sure she turns off auto-renewal so she isn't charged $279 again after the first year.  A lot of apps have auto-renewal on as a default.  To disable, I think you have to go into the mobile device settings and navigate to Subscriptions.  At least that's how it worked in iOS.",forlorn_hope28,28,2025-06-11 18:30:40,personalfinance,Reddit
mx9n08x,1l8x495,Kid made expensive mistake,Just wondering if the purchase was made on an apple device via the App Store? If so you can simply ask for a refund. I let a trial over run and was charged. I asked for a refund and I'm fairly certain 'forgot to cancel free trial' was a listed option for cancellation. I was surprised at the ease of the process given how money grabbing these companies are. Even if it wasn't via IOS I feel like the circumstances should be similar with others,TomStaaples,18,2025-06-11 21:51:37,personalfinance,Reddit
mx9ck72,1l8x495,Kid made expensive mistake,Shocked Apple denied the request. I’ve had every dispute ruled in my favor. I’d call them up and argue your case. ,krakenheimen,15,2025-06-11 21:01:28,personalfinance,Reddit
mx86rg9,1l8x495,Kid made expensive mistake,"Ask nicely, explain the situation, hope for the best. If it’s a pay in advance type of service, and they’re reasonable humans, they may agree to refund the cost. Trying to solve these things is part of learning to be an adult so it’s a good lesson.",zip222,21,2025-06-11 17:42:58,personalfinance,Reddit
mx8e9c9,1l8x495,Kid made expensive mistake,"I am loathe to quote Dave Ramsey but something that can help put it in perspective.

On the grand scheme, this is a small amount of money compared to the total amount of money they will make in their life, and they are still just starting out. The path ahead is no less bright because of this.

Consider this similarly to paying a tax; in this case, the stupid tax.

As long as you learn well the lesson which you are being taught, then it's not wasted—you just paid a stupid tax to learn a valuable lesson.",Srslywhyumadbro,128,2025-06-11 18:17:46,personalfinance,Reddit
mxbd2q1,1l8x495,Kid made expensive mistake,I was shocked to read a month or so ago that about 30% of all homeless people are former foster kids that aged out of the system.. She's in danger of falling and you're a saint for helping her navigate through this.,rbrumble,16,2025-06-12 03:42:19,personalfinance,Reddit
mx8eokf,1l8x495,Kid made expensive mistake,"Expensive lesson it sounds like. Virtual burner cards are the way for trials. I make one, set a limit of $1, and don't have to worry about it going past the trial date.",Binkusu,7,2025-06-11 18:19:45,personalfinance,Reddit
mx98loh,1l8x495,Kid made expensive mistake,"She should exhaust every avenue of asking the company for a refund, even on social media. Let her do it these are skills she has to learn.",Lunar_Landing_Hoax,6,2025-06-11 20:42:20,personalfinance,Reddit
mx83x6g,1l8x495,Kid made expensive mistake,"If they used a Debit Card online, then it was processed through the Visa/MC process - and it should have the same protections via the bank.  File a claim if it warrants it.  

But keep in mind - failure to verify your purchase is not a reason for a claim.",Ojntoast,62,2025-06-11 17:29:16,personalfinance,Reddit
mxbtmyf,1l8x495,Kid made expensive mistake,"Write the app and ask for a refund. Explain the situation and they should give it back. back.


If they don't do a charge back.",wake4coffee,7,2025-06-12 05:36:15,personalfinance,Reddit
mx8jpo4,1l8x495,Kid made expensive mistake,"&gt;We requested a refund through apple and it got denied

You have to select the option unauthorized purchase and say that your kid did it.",xnfd,10,2025-06-11 18:42:50,personalfinance,Reddit
mx8v7ee,1l8x495,Kid made expensive mistake,"yeah, it's unfortunate. the good news is it's just $279. As she gets older, there will be mistakes that are even more expensive.",umbananas,9,2025-06-11 19:37:01,personalfinance,Reddit
mx8wjs5,1l8x495,Kid made expensive mistake,"if she was straightforward and told you right away (within first week) they would issue refund, i did that once with guitartuna thought i'm getting 7 days trial but got charged for full year, i put in refund request as soon as i realized with explanation why i am requesting it and they refunded within 24 hours

but it won't hurt to reach out to company, friend once signed up for resume creator premium plan and she realized it after about 20 days, sent mail directly to support and they issued refund no question asked, they were polite and wished her good luck with job hunting",Takeasmoke,4,2025-06-11 19:43:30,personalfinance,Reddit
mx9sqk1,1l8x495,Kid made expensive mistake,"It's a long shot, but sometimes reaching out to the company directly might help, not just the Apple marketplace.  They have no obligation to, but they just might for good customer service.",Chaosmusic,5,2025-06-11 22:19:50,personalfinance,Reddit
mxae7x6,1l8x495,Kid made expensive mistake,"Go as far up the customer service chain as possible for Apple. You never know. I've forgotten before in the past and usually had good luck.

But yeah...I know that expensive lesson well. In fact, I just had an issue with Adobe because I forgot to cancel the trial. It locked me into a year of $33/month. Early cancellation would have been like $250. I contacted them and they were like ""Best we can do is 3 months free which will bring your closer to the end of your date so you'll save almost $100.""  
Never even used the darn thing.

I put it in my calendar and wait for the day to cancel (6/13). Tried to cancel last night and it was going to charge me $172. Contacted customer service and told them I wanted to cancel immediately and I should not be charged anything extra. Every reply they sent was trying to sell me a different plan, even though I made it very clear I had no intent to ever do business again. 

Then they said it had already renewed. I said how was that possible when my account says it renews 6/13. They never answered that.

Then they said I should have just cancelled before, and I was like ""Go bring up that chat history because I friggin' tried"".

Long story short, Adobe is garbage and I will never do business with them again. $300+ on licenses I never used that don't roll over if you cancel.",Praetorian314,5,2025-06-12 00:15:25,personalfinance,Reddit
mxf3z3e,1l8x495,Kid made expensive mistake,I was denied a refund by Apple once. I went to request a refund again and this time I picked the reason “purchased by child without permission” or something like that and it was approved.,CalmFront7908,5,2025-06-12 18:50:07,personalfinance,Reddit
mx8z0t1,1l8x495,Kid made expensive mistake,"Bro, how broke are you that you can’t throw this girl 300 bucks? Her entire life savings is roughly 300 dollars? And you’re down to just let her eat that loss because no one taught her how to be responsible? 

How about, you give her 300 dollars and teach her to budget? I’d understand this question if the amount was even 500 or over 1000. But, you’re letting this girl go through total emotional hell for less than a standard battery powered lawn mower? 

Just give her the money, her life has been tough enough.  If you simply do not have it, then I don’t know how you are even paying your bills let alone in a position to help someone else.",radicalbulldog,22,2025-06-11 19:55:17,personalfinance,Reddit
mxbcgen,1l8x495,Kid made expensive mistake,"They're not going to refund her.  BUT she needs to make sure she has cancelled the auto-renewal in the app.  Otherwise it's going to happen again next year. 

It's very important she cancels it in the app, or googles how to cancel the autorenewal for this particular app.  Don't rely on AI answers either, they are often wrong.",GeoBrian,4,2025-06-12 03:38:30,personalfinance,Reddit
mx8jlik,1l8x495,Kid made expensive mistake,"I'm so sorry she has to deal with this, but I just wanted to say you are a really good person for trying to help her.",theantidrug,7,2025-06-11 18:42:19,personalfinance,Reddit
mx95ovx,1l8x495,Kid made expensive mistake,"$279 isn't bad for a life lesson.... I mean it sucks, but it could have been much, much worse.",jones5280,10,2025-06-11 20:27:54,personalfinance,Reddit
mxb4agg,1l8x495,Kid made expensive mistake,"Depending on the app there’s actually a decent chance if you contact them that they’ll process the refund.   Making the ask in a channel that’s likely to get more than a first line cx rep can help a lot, that’s usually twitter, occasionally LinkedIn, but if you can let us know the app i may be able to help figure out a contact method.",mgaruccio,3,2025-06-12 02:49:45,personalfinance,Reddit
mxcuifi,1l8x495,Kid made expensive mistake,"Check your local Community College for free ‘adulting classes’ ours has them, apparently.",Kiwiatx,3,2025-06-12 11:22:41,personalfinance,Reddit
mxeajvk,1l8x495,Kid made expensive mistake,Good news its only a couple hundred dollars. Help her get a job and she'll be just fine.,EducationalProject96,3,2025-06-12 16:30:58,personalfinance,Reddit
mxetr18,1l8x495,Kid made expensive mistake,"Reach out to the company and explain it was a mistake and ask for a refund. I accidentally accepted a ""free trial"" for some business features on my Dropbox account. Then I had a $1600 charge pulled from my debit card. It only took reaching out to support through live chat to get a refund.

If they don't refund, have her go to the bank and do a chargeback, explaining it wasn't authorized. 

She has 30 days from the time she receives her bank statement to put the bank on notice.",Vape_Like_A_Boss,3,2025-06-12 18:02:25,personalfinance,Reddit
mxfapvm,1l8x495,Kid made expensive mistake,"You can still dispute debit card charges but they are MUCH harder to win. So still try it. Otherwise I hope others can help. FYI I have disputed charges and debit cards and won, so that's how I know but it is harder.",Gismo22,3,2025-06-12 19:21:31,personalfinance,Reddit
mx8x357,1l8x495,Kid made expensive mistake,"&gt; Is this just going to be an expensive learning experience for her or are there other options she can pursue?

Unfortunately it is, but to put it into perspective, $279 is less than a weeks work at minimum wage.  For someone just starting out it's not nothing.  However, this is one of the most mild financial oopsies that someone can make.  Take it as an opportunity to learn and avoid real pitfalls like high interest credit cards, payday loans, etc. that can be crippling long term.",rebbsitor,4,2025-06-11 19:46:07,personalfinance,Reddit
mx9ktdd,1l8x495,Kid made expensive mistake,"See if there is anyone else to contact from the app to cancel and get a refund. If they refuse, go in the app store, give it 1 star and explain the predatory practice. SLAM them on the review and find any other site where you can complain about the app. With any luck they might credit you back in exchange for taking down the review.",ConferenceHead6000,6,2025-06-11 21:40:57,personalfinance,Reddit
mx9s3zr,1l8x495,Kid made expensive mistake,"This is one of many reasons you should never use a debit card.  Use a credit card with cash back rewards and never spend more than you can pay off fully each month.  Just treat it like physical cash like a debit card.  

I don't know your relationship to this girl or your financial situation but you are obviously involved in her life.  If is was me and I couldn't recover her money I'd probably just refund her personally.  No big deal for me, but big deal for her.",diito_ditto,5,2025-06-11 22:16:43,personalfinance,Reddit
mx8ejua,1l8x495,Kid made expensive mistake,Never put a card on a free trial without immediately making a plan to cancel. It sucks they had to learn that lesson at such a challenging point in their lives.,RootinTootinHootin,6,2025-06-11 18:19:09,personalfinance,Reddit
mx9mg0g,1l8x495,Kid made expensive mistake,"How old is she? Since minors can't contract and this is not a necessity, you can void the contract.",Darkest_dark,2,2025-06-11 21:48:52,personalfinance,Reddit
mxa1buv,1l8x495,Kid made expensive mistake,So if it’s a 12 month subscription they should refund the months not used cancel it and see if they reimburse some of it,acousticrocks,2,2025-06-11 23:04:13,personalfinance,Reddit
mxayoqr,1l8x495,Kid made expensive mistake,"It can be a learning moment.  But she needs to understand at which points the mistakeS were made and how to avoid them in the future.  

You could reach out to the company that sells the software and see if they’ll refund the money.",pogoli,2,2025-06-12 02:16:06,personalfinance,Reddit
mxc2rzb,1l8x495,Kid made expensive mistake,"Hey OP, I think you helping this girl out is a great thing. I wanted to point you towards a resource that might be beneficial to you and your friend. In my community we have an outreach program that's designed to help people who are struggling financially navigate all of the different programs that are available to them. The program also teaches basic life skills that they may not have. We cover things like insurance, nutritional assistance programs, schools, banking, credit, how loans and interest work, budgeting etc... The program also provides support in the form of a place to meet people dealing with the same issues as you are and also provides people with a mentor. The program near me is a 6 month program that meets once a week. It's free and a good meal and childcare are provided free of charge for the meetings as well. Most communities have programs like this but they're not very well known. Sounds like your friend could use a program like this and it also sounds like you might make a great volunteer. Just putting it out there.",uponthenose,2,2025-06-12 06:52:55,personalfinance,Reddit
mxdqhnr,1l8x495,Kid made expensive mistake,"You can still dispute a charge on a debit card.  Although, I feel if you told them that they just forgot to cancel the trial the dispute would be denied regardless if credit or debit purchase.  You will have to get “creative” to get this money back lol",vvsdreams,2,2025-06-12 14:53:06,personalfinance,Reddit
mxezu2q,1l8x495,Kid made expensive mistake,Dispute the charge with visa/mastercard or whatever company the card is through if the bank won’t allow for the dispute.,Aggressive_Grass2058,2,2025-06-12 18:30:27,personalfinance,Reddit
mxf6pcd,1l8x495,Kid made expensive mistake,Go to the bank. I’ve had things charged back from a debit card before. Granted I bought a pair of shoes and the guy didn’t give them to me but it worked.,flamingpillowcase,2,2025-06-12 19:02:45,personalfinance,Reddit
mxfqcto,1l8x495,Kid made expensive mistake,"What state are you in? There is a feral program called “Chafee” that is available in every state and it is available to any child that was in foster care on or after their 14th birthday (even if for just one day).  They help with IL skills, have access to housing vouchers, etc. Chafee can work with youth until they are 23 years old. I highly recommend she reach out to them. I’m happy to find a contact for you once I know what state you’re in.",Suitable_Nothing_642,2,2025-06-12 20:35:07,personalfinance,Reddit
mxg14pv,1l8x495,Kid made expensive mistake,"Does she live in CA? If so, may be eligible for a $1100 tax refund. Totally unrelated to the subject of the post, but worth knowing.

Edit: To clarify, this is available only to former foster children under (I believe) 25.
See: https://www.ftb.ca.gov/file/personal/credits/foster-youth-tax-credit.html",attosec,2,2025-06-12 21:27:21,personalfinance,Reddit
mxg7hku,1l8x495,Kid made expensive mistake,Just because it’s a debit card doesn’t mean you don’t get any protection. My debit card was stolen and someone bought booze. The bank refunded it within a few weeks no dramas.,CartographerLow3676,2,2025-06-12 21:59:28,personalfinance,Reddit
mxgi18z,1l8x495,Kid made expensive mistake,"For now if her bank has this feature, have her put a limit on her transactions. I have $80 set to combat theft if my card gets stolen before I am aware.",pixie0714,2,2025-06-12 22:54:12,personalfinance,Reddit
mxi22xt,1l8x495,Kid made expensive mistake,Can she request a partial refund of the unused months? Even on a debit card if it has a Visa or MC logo it has protections.  And without that logo the card would have been debit only and required an in person pin entry.    Was she under 18 at time of purchase?  Have an out there as well.,wolfn404,2,2025-06-13 04:17:40,personalfinance,Reddit
ncp8dbh,1n9skvv,I just realised I only need £500k to retire. Is this really true?,Participation in this post is limited to users who have sufficient karma in /r/ukpersonalfinance. See [this post](https://www.reddit.com/r/UKPersonalFinance/comments/12mys82/trialling_new_process_comments_restricted_to_ukpf/) for more information.,ukpf-helper,1,2025-09-06 09:14:07,UKPersonalFinance,Reddit
ncozi0s,1n9skvv,I just realised I only need £500k to retire. Is this really true?,"In 15 years, if you had £500k and withdrew 4% it would be £20k in 2040's money not today's money",soliloquyinthevoid,614,2025-09-06 07:47:40,UKPersonalFinance,Reddit
ncp2qbn,1n9skvv,I just realised I only need £500k to retire. Is this really true?,"Don't be put off by all the naysayers. £500k target with the lifestyle you describe is definitely realistic. In fact, it would be well above average and assuming you get state pension (I wouldn't bank on receiving current levels in the future!) when that kicks in you'll be even more comfortable.

Getting to the £500k is another matter, but unless you start and try to get there you definitely won't make it!

For where you are today simply work as hard as you can to increase earning potential, save as much as you can and invest in min 80% (ideally 100%) global equity fund or ETF. Then just get on with life and review every year or so and readjust as you go. Simples.

Oh, and pat yourself on the back as your pot grows as every year is one step closer to FIRE.",jenga-benga1245,43,2025-09-06 08:18:44,UKPersonalFinance,Reddit
ncoz73s,1n9skvv,I just realised I only need £500k to retire. Is this really true?,"I am going to try and hit £500k in 10 years time which will put me at 51, my mortgage gets paid off at that age and then yes, I will retire.

I do a physical job which I know I cant do in my 50s long term

Currently got £80k and saving £2k a month",Straight-Buy-7434,176,2025-09-06 07:44:46,UKPersonalFinance,Reddit
ncp714u,1n9skvv,I just realised I only need £500k to retire. Is this really true?,"I don’t think you’ve factored in the state pension. From age 67 you will have circa £12k per year from that so you will only have to fund £8k per year from that point on. 

£500k is a decent pot for a modest lifestyle. A lot of people will end up retiring on much, much less. 

The main determiner is making sufficient contributions. A lot of people assume that the 8% default contribution, with a default fund will be sufficient.  In fact, most people should be looking to contribute closer to 20% to maintain their standard of living but not many do, and most people would be best moving out of the default fund but not many do.",bibonacci2,27,2025-09-06 09:00:46,UKPersonalFinance,Reddit
ncoykf0,1n9skvv,I just realised I only need £500k to retire. Is this really true?,"inflation ruins all plans.

  
also, in the last couple of years, the S&amp;P has been up quite a lot. If you're perfectly timed so you have 400k, and your last year the S&amp;P goes up 25%...",Asleep_Swordfish_110,150,2025-09-06 07:38:46,UKPersonalFinance,Reddit
ncoza8q,1n9skvv,I just realised I only need £500k to retire. Is this really true?,"1. You need to assume growth excluding inflation (3-7% is what most people use)
2. Housing, you also need housing paid off by then, or in the 20k budget
3. Life: kids and partner make this harder in savings and required amount 
4. State pension you won't get the full amount the earlier you retire. 
5. 4% rule is based on 30 years, so people recommend 3% for more guaranteed not running out of money. (Flexibility on earning and expenses can reduce this ""sequence of returns risk"")

But broadly yes 20k required=500k pot",carlostapas,50,2025-09-06 07:45:36,UKPersonalFinance,Reddit
ncp1s8f,1n9skvv,I just realised I only need £500k to retire. Is this really true?,"You should visit r/FireUK. It's probably doable but you need to make sure you've got everything figured out right, e.g. adjust for inflation, size of ISA bridge vs pension, contingencies, right investments. FireCalc can help you test many scenarios.",decky-89,8,2025-09-06 08:09:39,UKPersonalFinance,Reddit
ncpwlb8,1n9skvv,I just realised I only need £500k to retire. Is this really true?,"I am already retired. My main pension fund (draw-down) is considerably less than £500K (slightly less than half), although I also have £400/month index linked income from elsewhere. (£400 doesn't sound much, but it pays the grocery bills.)

Together with that and my State Pension, I have about £2K/month to spend, after tax. To my surprise, despite world economics, my pension fund has grown by about the same as my drawings (so it is still at the original value).

I say this only to reassure that you can get by pretty comfortably on less. I spent quite a bit of time, pre-retirement, really worrying that my pension was too small. Then I met a pensions advisor who helped me put it in perspective, and I ended up even retiring early (my State Pension only arrived this year, 3 years in).

Now, actually living on available funds, I can see I needn't have worried. I'm not rich, but the house is paid for, and I pretty much want for nothing. I've always taken holidays in the UK, and a couple of weeks in a cottage is budgeted, as well.

At the same time, if you can aim at £500K (or even the £600K you mention later), do go for it. Just don't forget to enjoy living at the same time.",RetiredFromIT,9,2025-09-06 13:01:53,UKPersonalFinance,Reddit
ncozepe,1n9skvv,I just realised I only need £500k to retire. Is this really true?,r/leanfire or r/baristafire are the communities to ask,tinykoala86,14,2025-09-06 07:46:48,UKPersonalFinance,Reddit
ncp0eb1,1n9skvv,I just realised I only need £500k to retire. Is this really true?,"If your health is the most important thing to you, which it is to me also, I would be assuming that by the time I’m in old age I’d be wanting to spend a fairly large amount of my money on maximising it. 

Whether thats treatments through private clinics for things like hormone levels, personal care or a multitude of other potential health related products and services. By the time you’re in old age there will be more old people than ever before in our society, therefore these things will become increasingly expensive.

For that reason I’m saving well beyond what I think would be reasonable nowadays, and as others have said the currency is being debased so you will need a much bigger nominal sum in the future to ensure a similar level of lifestyle.",Cubehagain,6,2025-09-06 07:56:17,UKPersonalFinance,Reddit
ncpfbhc,1n9skvv,I just realised I only need £500k to retire. Is this really true?,"Yup, you might not even need that. I'm 54 and plan to retire in the next year or so. I only need £12k a year to cover the bills and food etc. Anything beyond that is fun spending money.

I have a paid off flat which makes this possible, though the complication for me is I really want to get a house, so a chunk of my pension will go towards that.

So, I'm aiming for £20k a year too, though I will probably front load the early years and withdraw more while I am still healthy. The state pension is the cavalry on the horizon as that will cover the basics, so I can halve my withdrawal rate then...",psprog12,5,2025-09-06 10:25:20,UKPersonalFinance,Reddit
ncpad5o,1n9skvv,I just realised I only need £500k to retire. Is this really true?,What about housing? Is that covered?,IAmLaureline,5,2025-09-06 09:34:17,UKPersonalFinance,Reddit
ncpifl8,1n9skvv,I just realised I only need £500k to retire. Is this really true?,"I think you have too renenber you don’t need that 500,000 forever. Like when your 80 you don’t need to ration yourself to 20,000 a year u can start taking nore out, cus it won’t matter if ur losing noney over time at that point ",PhilosopherSea217,5,2025-09-06 10:57:23,UKPersonalFinance,Reddit
ncpjfkj,1n9skvv,I just realised I only need £500k to retire. Is this really true?,If you haven't yet check out Lean FIRE. In terms of low cost living for retirement they'll have some good advice and experience.,UllrsWonders,4,2025-09-06 11:07:23,UKPersonalFinance,Reddit
ncp2o0l,1n9skvv,I just realised I only need £500k to retire. Is this really true?,"You’re right that on paper the math works out with the 4% rule, but the tricky part isn’t just the average return over decades…it’s the sequence of returns that matters when you actually start withdrawing…

If you pull the trigger on retirement and the first 2–3 years happen to be bad (say a recession or market crash), taking out £20k during that slump can eat into your pot disproportionately, making it much harder for the portfolio to recover even if the long-term average return is fine.

That’s why many people build in some kind of buffer…either by:

- aiming for more than the bare minimum (maybe 600k…or aim for a 3% withdrawal rate)

- having the flexibility to cut back spending in lean years

- or even keeping the option of a small part-time income. 


The extra margin gives you breathing room against those unlucky early years of bad returns, which can matter more than the averages.",Inductionologist,4,2025-09-06 08:18:07,UKPersonalFinance,Reddit
ncpap6v,1n9skvv,I just realised I only need £500k to retire. Is this really true?,"Remember the 4% rule is based on US data for a US person earning in US$, investing in US$, and importantly spending in US$.


This does not make the data as appropriate for people not in the US as we need to factor in exchange rates.  So for a UK person the withdrawal rate is probably around 3.5% (perhaps even a little less).


Also remember that the models used for this covered a 30 year period.  If you are intending to stop early and draw this money for longer, then you need to factor this in to the modelling.",cloud_dog_MSE,3,2025-09-06 09:37:44,UKPersonalFinance,Reddit
ncphjd6,1n9skvv,I just realised I only need £500k to retire. Is this really true?,"Check out James shack on YouTube. He frequently has videos on people retiring with less than they think they need. 

Ignoring the numbers, there are plenty of people who get by with barely anything and saving barely anything. Getting by is perfectly fine especially when you don’t have to work.",scottylebot,4,2025-09-06 10:48:07,UKPersonalFinance,Reddit
ncp36d1,1n9skvv,I just realised I only need £500k to retire. Is this really true?,"Broadly speaking yes.

The 4% rule is not guaranteed. The biggest risk is you get unlucky in the first several years with a terrible market (research Sequence of Returns Risk).

So you need a plan in case the risk goes against you. You could earn some money, even a small amount. You could be willing to cut back spending. You could be willing to return to work.

You also have to consider that you will change as you age. That is guaranteed. But how will that change impact your spending? 

How will the world around you change? What if fixed costs of water, electric standing charges and council tax outstrip inflation over many years?

So yes. Broadly the 4 % rule works. But you need to build in flexibility.",baddymcbadface,3,2025-09-06 08:22:59,UKPersonalFinance,Reddit
ncpav4z,1n9skvv,I just realised I only need £500k to retire. Is this really true?,"Another big thing this is, after those 15 years will you really want to retire 100% and do no work at all? You’ll likely find there’s something you want to occupy your time with. And often people end up making some money, whether it’s a hobby that brings in a little bit, or the occasional contract role, volunteering work etc.

So you may find the 15 years to kind of consider yourself mostly retired is much more achievable if income isn’t going entirely down to zero.",kagoolx,3,2025-09-06 09:39:25,UKPersonalFinance,Reddit
ncpbhp5,1n9skvv,I just realised I only need £500k to retire. Is this really true?,"How long do you need the money to last? The ""4% rule"" is based on a 30 year retirement and considers a balance of just £1 at the end as success.

So if you need a longer retirement then you need to take a lower percentage - read up on Perpetual Withdrawal Rates, which are lower but are intended to maintain the Withdrawal for longer.",SnaggleFish,3,2025-09-06 09:45:49,UKPersonalFinance,Reddit
ncq0ewu,1n9skvv,I just realised I only need £500k to retire. Is this really true?,"I stopped working aged 54 with a lot less than that in my SIPP, however...

I took voluntary redundancy and intended to return to work after a break but I subsequently discovered that it was a lot cheaper to live when I wasn't working and my SIPP has since grown around 20% annually with active management on my part.

That growth rate has now tapered-off but I'm now 67 and drawing-down at around 5%, plus I have my state pension.

So, the short answer is YES, definitely.",Maximum_RnB,3,2025-09-06 13:29:16,UKPersonalFinance,Reddit
ncvjart,1n9skvv,I just realised I only need £500k to retire. Is this really true?,The buying power of 500k today is going to be now where near the same in 15 years time. Looking more like 700-800k,skydiver19,3,2025-09-07 09:59:00,UKPersonalFinance,Reddit
ncozaxh,1n9skvv,I just realised I only need £500k to retire. Is this really true?,"To see the effect of inflation (and taxes, but those don't apply to ISA) see https://investingwontmakeyourich.com/

An annuity of 10k indexed costs around 300k and you can take private pension roughly 10 years before the public one (ofc things can change... for the worse, so they might increase private pension age as well in a couple of decades)",Hopfield77,2,2025-09-06 07:45:47,UKPersonalFinance,Reddit
ncp0u3n,1n9skvv,I just realised I only need £500k to retire. Is this really true?,"Nice! May well be - you should keep an eye on it being in ""2025 money"" - set yourself a reminder to add inflation to the £500k target when you get there.

Potentially even less because all being well a full state pension will give £12k+ in today's money from age 68-ish

A few challenges to mull over...

Have you got a house?

Have you factored in the big expenses, eg you'll want a new kitchen and car at least once in retirement?

Have you factored in the unexpected?

I presume you would be ok with a state provided care home option in later life?

Have you considered a pension or a LISA? A pension is particularly good value on the first £17k pa between minimum pension age and state pension age, as you get at least a 25% boost when you pay into it. And then its all tax-free when you withdraw.",Timbo1994,2,2025-09-06 08:00:31,UKPersonalFinance,Reddit
ncp1ul7,1n9skvv,I just realised I only need £500k to retire. Is this really true?,I use https://ficalc.app/ which is much less crude and lets you play around with variables / inputs a bit more.,xen0n1,2,2025-09-06 08:10:15,UKPersonalFinance,Reddit
ncp3wi9,1n9skvv,I just realised I only need £500k to retire. Is this really true?,The FIRE guys largely work on 3% withdrawal rate to offset a lot of the risk identified by many commentators here. Try using that calculation to work out your number. Good luck! I guess none of us will ever really know until we get there.,Ambitious-Carrot3069,2,2025-09-06 08:29:51,UKPersonalFinance,Reddit
ncp485q,1n9skvv,I just realised I only need £500k to retire. Is this really true?,"You need as much as you're going to spend.

Your state pension will form part of it though",Laughinboy83,2,2025-09-06 08:32:57,UKPersonalFinance,Reddit
ncp7ffq,1n9skvv,I just realised I only need £500k to retire. Is this really true?,"It’s easiest to do all the calculations in today’s money, for which you assume above inflation returns on your investment, and your contributions rising with inflation. 

If you contribute 1000 a month today and increase that each year with inflation, in 22 years you will have 500k, assuming 5% return over inflation, which is the historical average. The actual returns will be different so it could be sooner or later. 

That would then allow you to draw 20k a year in today’s money. Inflation and returns could make that grow or shrink over retirement, but state pension will kick in at some point and mean that you don’t need quite that much from your pot. 

You don’t mention housing, but that’s an important consideration. If you are planning to rent then rent costs could increase above inflation. 

You are thinking along the right lines and you can’t predict the future, so if your goal is retirement figure out how to save as much to that as you can, and the most effective ways to save and grow it, and then adjust over time. Many things will happen over 15 years, so your plan will have to adapt.",jdwestby,2,2025-09-06 09:04:42,UKPersonalFinance,Reddit
ncpea03,1n9skvv,I just realised I only need £500k to retire. Is this really true?,How old are you?,Intrepid-Student-162,2,2025-09-06 10:14:33,UKPersonalFinance,Reddit
ncpfwhb,1n9skvv,I just realised I only need £500k to retire. Is this really true?,"You assume the stock market will be performing as you want in 15 years. 

Be prepared to be astounded or disappointed.",Farewell-Farewell,2,2025-09-06 10:31:26,UKPersonalFinance,Reddit
ncpo0a1,1n9skvv,I just realised I only need £500k to retire. Is this really true?,"I believe you’d effectively need to do the following calc: pick an inflation rate (maybe take the last 15y avg) 1+inf rate ^ 15. I randomly took 2.75% so 1.0275^15=1.502. You’d need 500x1.502=751k 

If that’s wrong please do shout!",No-Storage-4899,2,2025-09-06 11:50:34,UKPersonalFinance,Reddit
ncpxmcp,1n9skvv,I just realised I only need £500k to retire. Is this really true?,"Simple maths.

3% inflation over 15 years means £100 now is roughly £155 in 15 years time.

So 20k now is roughly 31k in 15 years time.
30 years from now and that's approx 48k

It's easy for me as I will be retiring on 2 DB pensions, an AVC that will provide the lump-sum and a drawdown pot, plus any state pension when that age comes along.

But factor in inflation. - including on your bills. Because it's just as important to know what you will be shelling out. If council tax still exists, for example, our band C will be nearer £350 a month by 2040 if you assume a 4.99% a year increase like they nearly always grab.",Connect-County-2435,2,2025-09-06 13:09:25,UKPersonalFinance,Reddit
ncrwkle,1n9skvv,I just realised I only need £500k to retire. Is this really true?,"Assuming there are no major changes, I am able to live on around £700k.

A huge portion of that is tied up in my paid off home with the rest in a combination of ISA Stocks, Bonds and Commodities like Gold. Every so often I find the income isn't enough so have to sell down something but it's probably not all going to run out before I die.",Opethfan1984,2,2025-09-06 19:38:48,UKPersonalFinance,Reddit
ncsl8w4,1n9skvv,I just realised I only need £500k to retire. Is this really true?,"You'll need to own your house outright as well - and that is expensive. You won't get by on 20k without that. Some years you might, but not on average.


I retired two and a half years ago at 48 with a house and 300k in savings 🤷 I live off about £1k a month - £12k a year. But I am very handy, so can do all my own repairs. I've always lived on that amount (inflation adjusted), so know that I can. In hard times I eat cheaper food and have less heating and do without a car if necessary.


I am somewhat dependent on the state pension still being around in 17 years - which is very nearly fully invested. I am concerned that doesn't pan out


... At least that was my intention. Several opportunities to do a bit of handyman work have turned up without my looking for it and it was fun to do knowing I didn't need to. The profit form that plus the gains from interest and my ETFs and I'm now worth £340k plus house. It has made me realise that aiming for full retirement wasn't really ideal. Aiming for semi retirement would have been more productive. Turns out I quite like working a bit if I don't have to and it is on my own terms",another-rand-83637,2,2025-09-06 21:46:13,UKPersonalFinance,Reddit
ncy6l8l,1n9skvv,I just realised I only need £500k to retire. Is this really true?,"It'll be far more tax efficient if you can invest via salary sacrifice if you can. Accepted you pay a proportion on withdrawal, but not much on £20Kpa, and more money to invest early on means more compound growth.
You could also use some your 20% tax free lump sum to put in a stocks and shares isa over a couple of years or other investments. However many default funds aren't performing like stocks but supposedly less volatile.

Also factor in your state pension.

The 2020financial website has some useful prediction tools",Fit_Caterpillar_9857,2,2025-09-07 19:35:59,UKPersonalFinance,Reddit
ncz7iq0,1n9skvv,I just realised I only need £500k to retire. Is this really true?,"The 4% rule assumes that your savings are invested roughly half each in stocks &amp; shares and colts or bonds and that you will need to fund 30 years of retirement.  So if you'd have 500k in 15 years but you're only 30 now, it's unlikely to be enough.  And if you stick that money in a bank savings account, it's unlikely to be enough. Against that, you would also probably have some state pension and maybe occupational pension to live off.",KimonoCathy,2,2025-09-07 22:29:42,UKPersonalFinance,Reddit
nda122r,1n9skvv,I just realised I only need £500k to retire. Is this really true?,"£500k is a respectable pension pot; much more than most people will retire on.

What you haven't said is your age. The earlier you retire, the more you'll need, to last you until whatever age you aim to run out of funds. There's also the option of taking the retirement income, but supplementing your income with part-time work.

The other thing to consider is your appetite for risk and your resilience against the unexpected. You might get £20/yr drawdown for the rest of your life if the market behaves itself. But what if there's a crash? What if you have health expenses early on? And so on.

On inflation: the pension advice industry mostly talks about ""*real terms*"" money. It's really hard to communicate properly, but it's the better news of the two options. When your annual pension statement says ""we project that you could have £500,000 by your planned retirement date"", that's £500k *in today's money* \-- the larger number it'll actually be because of inflation is *nominal terms*.

If you're doing your own projections, you just need to make sure that the growth rate you're using is the real terms growth rate, which is lower than the nominal terms growth rate, because it accounts for inflation.

The essential thing is to make sure you never mix up real and nominal when you're projecting.

It's not really difficult to project your retirement income, assuming it's drawdown - just stick it in a spreadsheet, subtract the income, grow what's left by what you think is realistic, repeat until it's all gone. But you might decide an annuity is safer (fewer and fewer people do), or opt for a blend of both.

\--

If you're planning to retire in 15 years, it's a very good time to get proper advice from a financial adviser. £500 worth of advice will very likely get you much more than £500 worth of retirement income, just from their in-depth knowledge of tax, fund charges etc. - and it'll give you peace of mind that you haven't screwed up your projections.",ukslim,2,2025-09-09 16:18:06,UKPersonalFinance,Reddit
ndc6pe0,1n9skvv,I just realised I only need £500k to retire. Is this really true?,People also underestimate the costs of old age. You'll spend a lot more on taxis and healthcare than you think.,Vagus-Stranger,2,2025-09-09 22:27:52,UKPersonalFinance,Reddit
ncp12ia,1n9skvv,I just realised I only need £500k to retire. Is this really true?,"The 4% rule that you have discovered is a decent rule of thumb but it is usually considered to be flawed.

The safe withdrawal rate (i.e. what fraction of your initial pot, inflation adjusted, can you draw down in retirement) depends on (1) how long your retirement is, (2) how you are invested over that retirement (3) what risk of running out of money are you willing to take.

So it varies from person to person. But 4% is often considered to be too high.

However, if it motivates you to save you can stick with it and refine your plan as you approach retirement.",nitpickachu,3,2025-09-06 08:02:47,UKPersonalFinance,Reddit
ncp0481,1n9skvv,I just realised I only need £500k to retire. Is this really true?,All your planning may come undone when you have a major health issue and realise the NHS won't be there for you. My mum literally died of cancer because she didn't go private immediately to remove a tumour. She had an aggressive growth and the eight weeks she had to wait made it go to Stage 4.,sloefen,9,2025-09-06 07:53:34,UKPersonalFinance,Reddit
ncp9hbk,1n9skvv,I just realised I only need £500k to retire. Is this really true?,"But OP, it also depends on how long you're hoping to live off this, and whether you will have any other income from other sources (state pension). If you're wanting to retire at 35, and live on £20k a year, that's very different to being 55 with a state pension about to kick in to supplement. You're happy now loving a very minimal life and going to the library, but that might change. You might fall in love with someone with kids, might get sick and have a physical disability where adaptations increase your living costs.  They're is a lot of variables and you're not seemingly giving yourself that much wriggle room.",not_so_lovely_1,2,2025-09-06 09:25:23,UKPersonalFinance,Reddit
ncp0667,1n9skvv,I just realised I only need £500k to retire. Is this really true?,"I am similar to you but have slightly more in immediate savings. This is also more of a FIRE question really. I would break it down further than one 500k pot. For example I plan on semi retiring at 52, I should hit my FIRE number then but I will work part time doing something lighter, or contracting, a lot can change in 15 years so I'm open. Regardless I plan on using my ISA to bridge the gap so I can use my SIPP which is currently 57 years old, this is the bulk of my retirement fund and I then have a LISA I can make use of at 60, I wouldn't rely on the state pension (personal thought) it's hopefully there though.
I also find breaking it down like this makes it more manageable in my mind, so the overall number is easier to digest, also do consider part time work just enough to get you NI contributions and earn a bit of money. I'm looking at roughly a 800-900k pot but like you I don't really spend much on stuff, I'm a home bod, one hobby is cheap (running) the other can be cheap (homelab) and I just enjoy walking with the dogs etc. my house is paid off at 52 so I'm sticking to that plan.",random_banana_bloke,1,2025-09-06 07:54:05,UKPersonalFinance,Reddit
ncp2o6g,1n9skvv,I just realised I only need £500k to retire. Is this really true?,"Have a read of the FIRE Reddit sections, there is a flow chart on there on how you could invest.
Also maybe in your instance look at LeanFIRE, plan the next few years ahead and enjoy your early retirement.",DistributionPlane627,1,2025-09-06 08:18:10,UKPersonalFinance,Reddit
ncp2siw,1n9skvv,I just realised I only need £500k to retire. Is this really true?,"Look at what £20 got you in Tesco ten years ago compared with now. If inflation goes up anything like it has in the last five years we'll all need a lot more.

Obviously clearing a mortgage makes a huge difference as well as raiding kids to a certain age where they can take care of themselves.",yeeeeoooooo,1,2025-09-06 08:19:20,UKPersonalFinance,Reddit
ncp3mm7,1n9skvv,I just realised I only need £500k to retire. Is this really true?,"I think it's a decent target but idk if you can simply say its enough to retire with - life is full of unforseen costs and life tends to get more expensive via simple cost of living. 

Also consider what would happen to your yearly payouts in a several year long economic crash which seem to happen every few years, which then also raises the point of making sure you are diversifying your investments and income rather than sticking it all in the S&amp;P500 and hoping for that to consistently keep laying gold eggs.",theepicstoner,1,2025-09-06 08:27:12,UKPersonalFinance,Reddit
ncp4dvr,1n9skvv,I just realised I only need £500k to retire. Is this really true?,"Its true, its just that most people aim for more. If you have fully paid house 20k is sufficient.",homealoneinuk,1,2025-09-06 08:34:30,UKPersonalFinance,Reddit
n89u0u7,1mo6473,Getting 500k Euros to my Revolut,"Just have it in your main account wtf

Then you can send money whenever you feel like or need

Sepa transfers are inmediate and free",Realistic-View-412,52,2025-08-12 12:45:30,Revolut,Reddit
n8a5n3n,1mo6473,Getting 500k Euros to my Revolut,"They're under deposit guarantee scheme. That covers 100k.

I would put 100k tops there abd rest in a local well established bank.",ExpressionComplex121,15,2025-08-12 13:59:40,Revolut,Reddit
n89zvsz,1mo6473,Getting 500k Euros to my Revolut,"Don't do it. It may trigger a money laundering detection bullshit alert and then you will have to prove to a bunch of robots and idiots that you are not an elephant in order to unlock your account. It has happened to me for far less, I proved easily that the money were legit but I can assure you that the feeling is not good!",delibaltas,42,2025-08-12 13:24:45,Revolut,Reddit
n89uxp5,1mo6473,Getting 500k Euros to my Revolut,"Don't....mach das lieber nicht..

  
Just transfer what you want to spent that day/week and leave the rest in your German account.",vinuzx,21,2025-08-12 12:51:49,Revolut,Reddit
n8a5e10,1mo6473,Getting 500k Euros to my Revolut,DO. NOT.,therookanon,9,2025-08-12 13:58:12,Revolut,Reddit
n8a0kht,1mo6473,Getting 500k Euros to my Revolut,I wouldn’t put that much money into Revolut. First for how fast they can block your account and how long it takes to unblock it. With that kinda money you will probably set some flags. So if do be prepared to lose access to it for a while. The other thing you have to consider is investing it. Why would you keep so much money in Revolut for a long time? You’re not getting interest off of it. You be better off putting in a savings account or something. I would say put that much money there only if you will use in a short while. Like you plan on buying something large or moving it somewhere. Not for the long run. The last thing you have to consider is the money guarantee. Revolut usually guarantees only up to 100K euros. Not sure about the fine print where you are at. But it’s something to consider.,Otherwise_Access_660,14,2025-08-12 13:29:04,Revolut,Reddit
n8a8dzd,1mo6473,Getting 500k Euros to my Revolut,Please don't. Revolut is notorious for poor customer support and for freezing clients' money. You absolutely should not keep this much money in Revolut ever. You should keep it in a bank where you can actually reach a real person to talk to.,Lakilucky,5,2025-08-12 14:15:31,Revolut,Reddit
n89yfea,1mo6473,Getting 500k Euros to my Revolut,"technically not a problem - IF you have proper proof i.e. tax papers etc. - probably country specific but if the cash is legit and you declare it then its no issue at all. The other topic would be why Revolut - IF you want to use the money market fund (MMF), why not ... in many countries it is not convenient to access liquid MMF's as a retail customer and Revolut allows for this. For 500k I would consider a risk-spread strategy - MMF's (usually, like stock portfolios etc.) cannot become collateral in case of a bank default ... cash is covered up to 100k only - i.e. if you want to keep cash, splitting isnt stupid. Long story short - one would need to know why you want the 500k accessible /liquid - my gut feeling, a MMF etc. would be more appropriate and that can be done via Revolut but isnt a Revolut question .... but keep in mind - Revolut has very poor customer service.",Andi_Reddit,5,2025-08-12 13:15:20,Revolut,Reddit
n89z9us,1mo6473,Getting 500k Euros to my Revolut,I wouldn't. Just keep it on the main secure account and transfer money when you need it.,TomCormack,5,2025-08-12 13:20:53,Revolut,Reddit
n8a8f8o,1mo6473,Getting 500k Euros to my Revolut,Dont do it. 🥀,Neat-Matter-3330,4,2025-08-12 14:15:43,Revolut,Reddit
n89sypj,1mo6473,Getting 500k Euros to my Revolut,"Short answer? Don't
Long? Don't

Just receive it to your normal bank",csakkommentelnijarok,17,2025-08-12 12:37:54,Revolut,Reddit
n8a68my,1mo6473,Getting 500k Euros to my Revolut,If you put that much money into your Revolut your account will be probably blocked. It will start a very long procedure and communication with people from a call centre somewhere around the world with questionable expertise. You will be forced to prove that these money are legit and this may be a dead end for your 500k so… don’t.,Consistent-Share6708,5,2025-08-12 14:03:06,Revolut,Reddit
n8a4vqh,1mo6473,Getting 500k Euros to my Revolut,"You shouldn't put anything over 100k into a normal bank, as it is not covered if the bank goes bankrupt.

If you do this with Revolut, they will likely freeze it if you haven't received big payments before and you'll have to prove it's legit.  That could take a while, because they don't really have customer service.  You'll probably need to get lawyers involved.

You should keep such money with a broker and invest it.  Just put day to day money into Revolut.",Hutcho12,3,2025-08-12 13:55:16,Revolut,Reddit
n8b07zm,1mo6473,Getting 500k Euros to my Revolut,Damn your rich 🙏,EggAdventurous2089,3,2025-08-12 16:40:49,Revolut,Reddit
n8nk1wu,1mo6473,Getting 500k Euros to my Revolut,You can't trust any bank,Small-Librarian4963,3,2025-08-14 15:07:20,Revolut,Reddit
n8a0vnz,1mo6473,Getting 500k Euros to my Revolut,"I used to receive 100 K Euros and dollars into my Revolut account without problems. But! Before that my account got frozen over some 5000 euro absolutely legal incoming payment. My lawyers filed a huge lawsuit, citing frivolous harassment, etc. claiming huge damages and such.  Revolut gave in and unfroze me. Then I did not have problems with Revolut anymore.
Bad thing is that you cannot sue them preventively so that they think twice before restricting you.",makogon66,5,2025-08-12 13:31:02,Revolut,Reddit
n8a2ivl,1mo6473,Getting 500k Euros to my Revolut,"Don't.

Transfer it to your regular bank account. You can always move small sums to Revolut later on to do your day to day spending with.",monkeylovesnanas,2,2025-08-12 13:41:16,Revolut,Reddit
n8a6x1o,1mo6473,Getting 500k Euros to my Revolut,Sort through the sub or do a search and you should have your answer.,Future-Tomorrow,2,2025-08-12 14:07:03,Revolut,Reddit
n8a73iv,1mo6473,Getting 500k Euros to my Revolut,I'm reading about people getting locked out of their accounts. I wouldn't risk it with that much money.,erieth,2,2025-08-12 14:08:06,Revolut,Reddit
n8a7cdw,1mo6473,Getting 500k Euros to my Revolut,"So, You have a lot of money, any bank will only insure it for 100k, open 5 bank accounts. ITs not a terrible problem to have.",bedel99,2,2025-08-12 14:09:30,Revolut,Reddit
n8a9bqw,1mo6473,Getting 500k Euros to my Revolut,"Maximum 100k, no more",Aggravating-Sale3448,2,2025-08-12 14:20:53,Revolut,Reddit
n8aafmm,1mo6473,Getting 500k Euros to my Revolut,500k is *a lot* of hotels and flights. I don't believe this story at all. Probably only the amount is true.,gfnord,2,2025-08-12 14:27:06,Revolut,Reddit
n8acu60,1mo6473,Getting 500k Euros to my Revolut,"It definitely will trigger red flags and you will have to prove the source of income, basically all documents related to inheritance. Probably would be easier to deal with in a physical bank and branch office face to face with a banker. There are lots of posts that they didn't have the best experience with Revolut AI support agents.

Sidenote, only 100k are insured by ECB or Bank of Lithuania, but this goes for all banks in the Eurozone.",Markd0ne,2,2025-08-12 14:40:30,Revolut,Reddit
n8ae9mg,1mo6473,Getting 500k Euros to my Revolut,"Don’t having this amount you should consider a well established bank in your country, I wouldn’t keep anything over 5k in revolut",OkayMang,2,2025-08-12 14:48:20,Revolut,Reddit
n8aeooc,1mo6473,Getting 500k Euros to my Revolut,"Extremely risky as they may block the account thinking you are laundering money or similar.
Open an account with a big official bank, that has branches and ATMs at least in your country.

On Revolut Keep only an amount you are not bothered of losing access to.",Superbomberprof27,2,2025-08-12 14:50:36,Revolut,Reddit
n8aggt0,1mo6473,Getting 500k Euros to my Revolut,Lieber nicht,Imaginary_Bed9795,2,2025-08-12 15:00:10,Revolut,Reddit
n8akj7a,1mo6473,Getting 500k Euros to my Revolut,"Honestly, you should go to physical banks and explain your situation, some banks are willing to do you some deal just so you give them 100k. Not big things but they may give you more info that is not that public on the internet. They are going to offer some special cards, some rates that arent on the internet, things like that. Im not saying they are going to treat you like if you were someone on sillicon valley, but you should see what each bank offers and pick the best for you. 

Also, wouldnt risk that much money on a bank i cant even go to a physical place to complain if something happens, i lose 1k euros? well i can bother to call and talk with emails. Something happens to 500k euros? you cant even imagine how many bombs im putting into their physical banks until im getting my money back.",Environmental-Cow868,2,2025-08-12 15:22:04,Revolut,Reddit
n8aonpi,1mo6473,Getting 500k Euros to my Revolut,"Bruh, put it in a gigantic bank that's not going to bankrupt in maybe 10 or 15 years instead of a fintech. Don't you like Deutsche Bank?",Difficult-Bluejay-52,2,2025-08-12 15:43:10,Revolut,Reddit
n8aowe0,1mo6473,Getting 500k Euros to my Revolut,"Revolut has a history of blocking accounts. So yeah, don't.  Transfer just what you use to spend for day to day",Stefan__Cel__Mare,2,2025-08-12 15:44:23,Revolut,Reddit
n8asw2m,1mo6473,Getting 500k Euros to my Revolut,Do not - if you don't want your money frozen. Be responsible with money. Maybe put 2-5k on it.,darko777,2,2025-08-12 16:04:26,Revolut,Reddit
n8atdw2,1mo6473,Getting 500k Euros to my Revolut,"Here is good advice, open account with Kinesis dot money. Check their WEB site. If you decide to go with it I can get you signup link.
When funds are there invest 25% into gold, 25% into silver, the rest into crypto, 2-4 leading ones. Then sit and enjoy getting monthly yields for precious metals sitting in account.",ZackCanada,2,2025-08-12 16:06:56,Revolut,Reddit
n8auuuw,1mo6473,Getting 500k Euros to my Revolut,"Don't. Do. This. 

Revolut are bad. They frequently block accounts for no reason. This subreddit may well pretend that's not the case and I'm not sure why, but it's wrong. I've defo come across some Revolut bots who's entire comment history is defending Revolut's awful practices whenever someone says their account was blocked, and I also think some people just can't see past the end of their own nose; ""it's fine for me, it must be the other person's fault.""

It happened to me. I was using Revolut for travelling, literally just to pay walking tour guides and pay for dinner. I never had more than €500 in the account. It was randomly blocked whilst I was abroad and it put me in a sticky situation. I'm a salaried employee with no crypto or anything of that type. There was literally no reason to do this, clearly, from the online posts, it happens a lot. I can't imagine putting 500k!!!! In there. 

As an aside, with this sort of money, your priority should be financial education. Read some books - Rich Dad Poor Dad, Millionaire Teacher etc. If desperately needed, get a financial advisor, but not until you've read these books (it shouldn't take more than a few days). A financially savvy person wouldn't leave 500k in Revolut.",amifireyet,2,2025-08-12 16:14:16,Revolut,Reddit
n8avbnr,1mo6473,Getting 500k Euros to my Revolut,"Not safe. No matter what anybody says.
Those are still online services.
You need a proper 'stone' institution ",Sheetmusicman94,2,2025-08-12 16:16:37,Revolut,Reddit
n8aw7o5,1mo6473,Getting 500k Euros to my Revolut,"Short answer: No!
Long answer: Hell nooo!",Dilv1sh,2,2025-08-12 16:20:59,Revolut,Reddit
n8aycdo,1mo6473,Getting 500k Euros to my Revolut,"No, there is a daily max of withdrawal of 5000 USD and 20000usd a week. If you have ANY big expenses this makes it near impossible. I was told to make transfers of €4.500 a day to pay as there is NO work around or ability for Revolut to increase this! This includes transfers out! I am slowly moving my funds out...

Don't make the same mistake I did!",RedFishBlueFishOne,2,2025-08-12 16:31:33,Revolut,Reddit
n8azcos,1mo6473,Getting 500k Euros to my Revolut,"I would 100% not put 500k into revolut randomly. 

Show up at a bank that's actually ""real"" (meaning they have an office an stuff) a big one.",cly1337,2,2025-08-12 16:36:33,Revolut,Reddit
n8b14gz,1mo6473,Getting 500k Euros to my Revolut,"revolut is a fantastic app. i use it every day but i won't trust them with more than a couple thousand in it. they are technically  not a proper bank and they don't pay interest if you use it as a spending account. they also only cover up to 75k in losses.

just stick like 2m in an interest bearing BANK and use the rest to deposit into revolout once a month or something.",Tof12345,2,2025-08-12 16:45:14,Revolut,Reddit
n8b1pw4,1mo6473,Getting 500k Euros to my Revolut,"Do you plan to stay in Germany for the rest of your life? If not you may do better with a bank account in a reliable third country like Switzerland, UK, US or Singapore.",belgranita,2,2025-08-12 16:48:07,Revolut,Reddit
n8b1uqc,1mo6473,Getting 500k Euros to my Revolut,Put it in a real bank and do a monthly transfer of however much u want to spend,Some_Sympathy_3528,2,2025-08-12 16:48:48,Revolut,Reddit
n8b3lpg,1mo6473,Getting 500k Euros to my Revolut,No. Do not use revolut for amounts this big.  Just put 15-20 at most and play with those :),Cosminacho,2,2025-08-12 16:57:24,Revolut,Reddit
n8bmwlt,1mo6473,Getting 500k Euros to my Revolut,"Have all the necessary paperwork ready as they will flag the transaction and freeze the funds, assuming they do not reject it in the first place.  

Personally id speak (well email / live chat) with them before the transaction, supply them with supporting paperwork and let them know what is happening. 

However expect some paperwork and proof of funds verification. They have anti money laundering laws to follow and a transaction of that size will require verification",Ok-Ship812,2,2025-08-12 18:32:11,Revolut,Reddit
n8bt0i3,1mo6473,Getting 500k Euros to my Revolut,"I would receive it to your normal German bank account and transfer what you need on a weekly/monthly basis. For making big purchases like holidays on the regular, might be worth setting up a regular transfer of 1000€ per month or so.

Revolut's AML processes seem to look at consistency and regularity in spending/transactions. If you've spent many months/years just using it for everyday spending and leisure purchases, a huge one off transfer in of &gt;€100000 in is likely to trigger the algorithms in some way. 

Even if you had the relevant documentation to show it was inheritance/a trust/an asset payout etc, it's still a lot of headaches and wrangling with Rev's automated cust service just to get to your cash.",NextConsideration859,2,2025-08-12 19:01:48,Revolut,Reddit
n8c1u5h,1mo6473,Getting 500k Euros to my Revolut,I have sent several time 100k euro and never had a problem or question,sven6371,2,2025-08-12 19:43:29,Revolut,Reddit
n8cg1nm,1mo6473,Getting 500k Euros to my Revolut,"I've got 200k plus there, sign up for ultra membership and never had any issues at all. In fact its been better than expected.",TypicalFrosting2596,2,2025-08-12 20:50:30,Revolut,Reddit
nnkt7d0,1oqo6lz,Do not trust Revolut with your money,"Been a customer since 2017 and recently had my account restricted. They won't say why.
I barely use crypto, just have a small amount on there. Mainly use it for daily purchases, travel or transfers. 

If I get my account back I'll probably only use it for travel now.",Enzied,37,2025-11-07 11:11:20,Revolut,Reddit
nnk8tnb,1oqo6lz,Do not trust Revolut with your money,Can I know how/why they restricted your account? Did you buy or sell stocks or crypto? Or?,Helpful__Variation,60,2025-11-07 07:46:22,Revolut,Reddit
nnkyvgt,1oqo6lz,Do not trust Revolut with your money,"I had an Ultra account for 2 years. Born, raised, and living in the EU, all my funds come from my job salary and bonuses. (Already verified whit Revolut whit a full year paycheck and bonus documentation) I only ever send money (classic bank wire transfers) to my father, who’s also an EU citizen living here, same country.  Used the account to pay for my rent, bills and the card for almost everything else, only legit businesses, almost never took more than 400€ monthly in  cash from atm’s . No crypto, no stocks,no shady stuff, no p2p payments, not even on their own p2p system, no PayPal, nothing.

They restricted my account back in September out of nowhere a month after I sent them the required proof of residence as asked in August and never heard back from them, and surprise I’m still waiting and had multiple phone call with a clueless support. ( I have been living in the same apartment with full residency for the last 9 years, and as mentioned I payed the rent with Revolut too 😂)  The funny part? They restricted the account  right when there was no money on it. Now they’ve downgraded me to a basic plan , taking away from me even the possibility to call them, and now they  keep asking me by e-mail  to deposit money to cover the  overdue Ultra membership fee. I can’t even do that because of their own restrictions 😂 What a clown company 🤡not a bank, that’s for sure ahah.",Environmental_Alps97,41,2025-11-07 11:58:30,Revolut,Reddit
nnl6901,1oqo6lz,Do not trust Revolut with your money,"That’s really the only reason holding me back from making revolut my main account, as I read this type of posts too many times.",desproyer,17,2025-11-07 12:51:11,Revolut,Reddit
nnl5f1z,1oqo6lz,Do not trust Revolut with your money,"I have a pretty new account.  I transferred $400 or so funded via my debit card. Worked great. But since then I couldn't get any more $ off of that or any debit card. Revolut first blamed my bank and then told me my card was not compatible with their system. Very odd, since clearly it worked once. Their support can't tell me anything else. Their answers are not at all useful. Nothing crypto related at all here, BTW.",therebbie,3,2025-11-07 12:45:43,Revolut,Reddit
nnkbskv,1oqo6lz,Do not trust Revolut with your money,"I trust Revolut with my money. 

There’s probably some parts of your story you’re not letting out. 

How do you fund the account? 

Do you engage in external P2P or crypto transactions? 

You’re based in Switzerland however you’ve not said if you’re born and bred there or from another country? 

Audits don’t crop up from nowhere and if an account has been held for months there is most definitely more to it than a “let’s take a general look”.

Edit: unsure why someone commented a bot response 😂",Maximoo89,34,2025-11-07 08:15:47,Revolut,Reddit
nnl0zdq,1oqo6lz,Do not trust Revolut with your money,Totally agree i am also now im my first month never trust them,memosan66,3,2025-11-07 12:14:14,Revolut,Reddit
nnmq7zv,1oqo6lz,Do not trust Revolut with your money,"I have over 200k across cash, crypto, stocks. Never once have had any issues. Also am an ultra customer now, but even before that never had one issue, traveled across many places and used without any issue at all.",TypicalFrosting2596,3,2025-11-07 17:43:24,Revolut,Reddit
nnkwhqu,1oqo6lz,Do not trust Revolut with your money,"I don't know why banking apps still don't have deadline laws to resolve tickets. 1 week is more than enough, also banking apps that doesn't have phone support are also trash.",No_Amphibian2271,3,2025-11-07 11:39:47,Revolut,Reddit
nnke8pm,1oqo6lz,Do not trust Revolut with your money,"Yes never use Revolut as main bank, they are known to block accounts and do not provide them support for weeks. You can be easily left without money to pay bills.",OkTry9715,6,2025-11-07 08:41:25,Revolut,Reddit
nnoo5rw,1oqo6lz,Do not trust Revolut with your money,Revolut is a digital wallet wannabe bank/broker. As long as you treat it as digital wallet you’re fine.,crnalastavica,2,2025-11-07 23:53:36,Revolut,Reddit
nnpofuc,1oqo6lz,Do not trust Revolut with your money,I've recently had a similar issue. Premium support is a joke. It's just a chat bot. When you reach a real person after hours of waiting they are as useless and unhelpful as the chat bot as well.,speedybanana,2,2025-11-08 03:49:34,Revolut,Reddit
nnqprec,1oqo6lz,Do not trust Revolut with your money,"Well, i have a two Account approach. Using my Main Bank account for money going in and Revolut for all expenses. I top up with my credit cards which are connected to the ""input"" account. I buy 5€ worth of Crypto each week. Always had a good experience with them but when reading this I start wondering if this approach is good for long term. I am kind of afraid to sell my crypto cause they may freeze the account..... good thing is I only have the funds I need on there. So not that much but still...m all my invoices are going from there.",DerDRK,2,2025-11-08 09:30:37,Revolut,Reddit
no2p23v,1oqo6lz,Do not trust Revolut with your money,"I closed my account, and then had a refund sent two months later to the same amount for an event that was cancelled it was $1000 USD, long story short, they held that money, made me jump through hoops, reopen the account, still held it without explanation, they were basically playing with me, it became pretty clear. In the end after months of following their processes, complaining and escalating I got nowhere. I then sent their COO a legal claim letter via email and post, money was returned within 48 hours without explanation or response to my legal claim letter. They f*ck with you cause they can.",Right_Cantaloupe_863,2,2025-11-10 08:06:45,Revolut,Reddit
no68hfl,1oqo6lz,Do not trust Revolut with your money,Just happened to me 30 minutes ago. Came to see if anyone else had this issue.,InfamousGold756,2,2025-11-10 21:10:30,Revolut,Reddit
npe59uq,1oqo6lz,Do not trust Revolut with your money,I just closed the account after 5 years of having an account since it had been blocked since September and no one knows for what obscure reason. I will try it again and if it happens again I will never do it again. Not very reliable,barko_bill,2,2025-11-17 22:14:20,Revolut,Reddit
nnkpygm,1oqo6lz,Do not trust Revolut with your money,"Anyone who uses Revolut as a bank is insane. They're not a bank, they don't yet have a banking licence in the UK. They shouldn't be used for anything other than occasional transactions abroad",IceVisible7871,6,2025-11-07 10:41:19,Revolut,Reddit
nnkaqul,1oqo6lz,Do not trust Revolut with your money,"Revolut are much better nowadays, there could be some external revision ongoing...",Lower-Fig8005,3,2025-11-07 08:05:13,Revolut,Reddit
nnkrdij,1oqo6lz,Do not trust Revolut with your money,"As a seaman working offshore, earning between €7,500 and €8,200 a month, I can confidently say that I trust Revolut. I don’t invest in cryptocurrency, but I primarily use this bank as my main one. No other bank has been so accommodating to me because I’m from Ukraine. Even the local banks in Ukraine impose limits on how much Ukrainian citizens can spend overseas. Revolut doesn’t do that for me. In future, I will be investing my money, also in cryptocurrency, but firstly I will read all rules and restrictions before that to not get blocked.
I’ve seen somewhere in app or FAQ, that it’s not allowed to use Revolut card in crypto operations.",HortikovD,4,2025-11-07 10:54:34,Revolut,Reddit
nnkcx72,1oqo6lz,Do not trust Revolut with your money,"Not sure what country this is but in UK….. The police can force bank to freeze your account while they investigate for up to 30 days.  The bank are under criminal sanction not to let you know the investigation is happening.
So you end up with the Kafkaesque situation you find yourself in when there is no ‘apparent reason’ the bank know the reason but are not not legally able to tell you.",rodrinn,2,2025-11-07 08:27:25,Revolut,Reddit
nnkd4zx,1oqo6lz,Do not trust Revolut with your money,"I use Revolut for crypto mostly, deposit and then spend for over a year and not a single review or restriction for anything",streamer85,2,2025-11-07 08:29:41,Revolut,Reddit
nnkla3b,1oqo6lz,Do not trust Revolut with your money,I only use revolut for online purchases and premium benefits like nord and perplexity so far no issues,Timely-Explorer-3992,1,2025-11-07 09:55:03,Revolut,Reddit
nnlvca3,1oqo6lz,Do not trust Revolut with your money,Agreed 👍 If you’re in need of stress and unnecessary problems then I recommend Revolut 100%. Absolute garbage.. take the free money and run!,Serious_Pie6022,1,2025-11-07 15:11:41,Revolut,Reddit
nnlvmj3,1oqo6lz,Do not trust Revolut with your money,It's nothing more than a bank for your travelling money...and even that nowadays i challenge it since in many cases i have observed wise seems to be cheaper.,balarinios,1,2025-11-07 15:13:08,Revolut,Reddit
nnm87kk,1oqo6lz,Do not trust Revolut with your money,I’ve been using Revolut for a while and I’ve never had any problem with them! 😳😳,Traditional_Donut468,1,2025-11-07 16:14:46,Revolut,Reddit
nnme78r,1oqo6lz,Do not trust Revolut with your money,"I’ve been using Revolut Metal for a few years now and never had any issues.
Both physical and online payments work perfectly fine, and even the disposable cards have always worked without a problem.

Once, during a trip to Italy, I tried to withdraw €1000 from an ATM. The stupid Italian bank processed the transaction and printed a receipt — but didn’t give me the cash or my card back.
I contacted Revolut, and they handled everything with the Italian bank. The investigation took a while, but in the end, I got a full refund.

From my experience, the kind of problem you’re describing usually comes down to user-specific issues rather than Revolut itself.",MatineSwen,1,2025-11-07 16:43:47,Revolut,Reddit
nnmf2q8,1oqo6lz,Do not trust Revolut with your money,"Yeah NEVER out all your assets into one account/card/bank. 


You should have 2 accounts on different banks (not owned by the same chain) exactly for this reason.",VirtuteECanoscenza,1,2025-11-07 16:47:59,Revolut,Reddit
nnmz2ba,1oqo6lz,Do not trust Revolut with your money,There is always some information missing from these post in all of the digital back subreddits when you here “ my account has been locked”.,Brutos08,1,2025-11-07 18:26:50,Revolut,Reddit
nnnl1f0,1oqo6lz,Do not trust Revolut with your money,"Hi, honestly avoid this bank. They blocked my registration for no reason.
I tried to re-create an account several times but nothing changes, they don't want to know anything. And customer service doesn't give me any information.
I'm excluded from a bank that I never had XD

Impossible to create an account, it’s absurd…",opzizou,1,2025-11-07 20:17:58,Revolut,Reddit
nnnsot1,1oqo6lz,Do not trust Revolut with your money,"Boycott Revolut, they’re fucking shit. I had so many issues with them, use alternatives",FunkyGrass,1,2025-11-07 20:58:20,Revolut,Reddit
nnntsnx,1oqo6lz,Do not trust Revolut with your money,"It can happen with brick and mortar banks as well, but - usually - you can resolve it faster.

Use Revolut for what it is best, the free basic account. Open as well a N26 account, and eventually a 3rd one (free) as well. Then have 1 or 2 accounts in “traditional” banks. That way you’ll never be blocked.",Amiga07800,1,2025-11-07 21:04:00,Revolut,Reddit
nnobj95,1oqo6lz,Do not trust Revolut with your money,"You have to admire the narcissism of one, when they have some problem with something and think everyone else will have the same problem down the line. It must be some psychological bias.

Revolut must have forty million customers who bank with them that get on fine.",sensitiveclint,1,2025-11-07 22:38:47,Revolut,Reddit
nnpfbn4,1oqo6lz,Do not trust Revolut with your money,Still a risky app. I never leave more than 1000usd there.,Critical_Promise_234,1,2025-11-08 02:46:47,Revolut,Reddit
nnprg53,1oqo6lz,Do not trust Revolut with your money,Never will,sub_RedditTor,1,2025-11-08 04:11:57,Revolut,Reddit
nnq5xle,1oqo6lz,Do not trust Revolut with your money,"I second this, They did the exact thing to us with our business bank account, for over 6 days whilst we were abroad in Saudi Arabia rendering us stuck and unable to book flights back to the UK.
Furthermore their retarded customer service is awful and shocking. 
We incurred over £800 inconvenience due to this..
STAY AWAY, STAY SAFE",Evening-Ad5122,1,2025-11-08 06:11:51,Revolut,Reddit
nnqbk3o,1oqo6lz,Do not trust Revolut with your money,This can happen with any bank. Its getting kind of boring reading the same points over and over.,gojenics,1,2025-11-08 07:05:28,Revolut,Reddit
nnqf096,1oqo6lz,Do not trust Revolut with your money,I don't trust them,MKol92,1,2025-11-08 07:40:12,Revolut,Reddit
nnqj83k,1oqo6lz,Do not trust Revolut with your money,Why was it restricted?,Typical_me_1111,1,2025-11-08 08:22:57,Revolut,Reddit
nnqnspr,1oqo6lz,Do not trust Revolut with your money,"Depends on why it was restricted. Been a customer for yeeeeears, now on Metal plan but was on free for the first few years and then premium for the majority of the time. I got account restricted once while I was on Premium because of high crypto activity coming from external wallets. Took a few days and me sending them some receipts and it got sorted; never had an issue since. It has been my main account for the past year or so",Much_Lengthiness1608,1,2025-11-08 09:10:06,Revolut,Reddit
nnreu74,1oqo6lz,Do not trust Revolut with your money,"Same happened to me, everyone should get out whilst they can ",BookMotor4234,1,2025-11-08 13:17:28,Revolut,Reddit
nnthn7y,1oqo6lz,Do not trust Revolut with your money,Does Revolut even make sense for traveling? I think their exchange rates are worse than VISAs',Sgruntlar,1,2025-11-08 20:06:16,Revolut,Reddit
nnuemoe,1oqo6lz,Do not trust Revolut with your money,"Made a revolut account, Purchased crypto in app £5k and supported them/trading platform by paying them the fees etc, (cheaper elsewhere but support revolut) Tried to purchase from moonpay also and account blocked, No reason given, No proper review with outcome except ""we are closing your account on xx date""

Revolut is MOB, we all get revolut to run from high street banks, But the truth is high street banks are still better, I will take this up with the regulatory bodies",New-Beginning3290,1,2025-11-08 23:14:59,Revolut,Reddit
nny125v,1oqo6lz,Do not trust Revolut with your money,"Not your keys, not you money.",_ixnay_,1,2025-11-09 15:42:51,Revolut,Reddit
nnyfjyv,1oqo6lz,Do not trust Revolut with your money,"Revolut restricts if it sees suspicious movements of cryptocurrencies, if you have received any without Kyc, or if you have sent an unknown wallet then they will block your account!",Lisvee,1,2025-11-09 16:54:52,Revolut,Reddit
nnyh85r,1oqo6lz,Do not trust Revolut with your money,Wise locked my account with no recourse or support. I was doing account recovery after I forgot my password and it locked me out. Lucky I only lost a few hundred.,CanadianMarineEng,1,2025-11-09 17:03:03,Revolut,Reddit
no2nqu2,1oqo6lz,Do not trust Revolut with your money,I agree they are trouble makers,Intelligent-Bend-885,1,2025-11-10 07:53:34,Revolut,Reddit
no32598,1oqo6lz,Do not trust Revolut with your money,What was your yearly turnover?,underwater2020,1,2025-11-10 10:22:23,Revolut,Reddit
no5xfxi,1oqo6lz,Do not trust Revolut with your money,"I use revolut for stocks, PAC and crypto...never had any problems...and I hope I don't have any😂😂",EntrepreneurJust5953,1,2025-11-10 20:14:11,Revolut,Reddit
no9729y,1oqo6lz,Do not trust Revolut with your money,"I use Revolut more than 8 years ago. NEVER EVER had any problems with them. I use it for traveling, changing money, to buy stock. When i hade accident they immediately payed my insurance!",Pittyesz,1,2025-11-11 09:20:30,Revolut,Reddit
n4yydzv,1m8arr3,"Revolut Randomly locked my account and stole £11,500","

Log a formal complaint. No resolution? File an official complaint with the financial controls ombudsman in your country and begin legal proceedings  to sue

Formal Complaint: If the in-app support doesn't resolve the issue, you can make a formal complaint. Revolut's complaints policy outlines the process. You'll need to provide:Your name and surname,Phone number and email associated with your account,A clear description of the issue,When the problem arose,How you'd like them to resolve it,You can often do this via an online form or by emailing formalcomplaints@revolut.com.

Revolut is obliged to acknowledge your complaint within five business days and provide a final response within 15 business days (or 35 business days in exceptional circumstances, with an explanation",conkerz22,82,2025-07-24 21:55:25,Revolut,Reddit
n4xy3js,1m8arr3,"Revolut Randomly locked my account and stole £11,500","You write to speak to a human agent, I think the level of support you get can depend alot on how much you are paying for the account. 

But they will want to verify your buisness is above board and you are collecting the correct taxes and submitting them for your buisness. I had this happen to my buisness account just as taxes were due and I had to remind them that I was going to get in trouble if they wouldnt let them pay them. It took about 24 hours to resolve.",bedel99,10,2025-07-24 19:04:52,Revolut,Reddit
n4ynumb,1m8arr3,"Revolut Randomly locked my account and stole £11,500",These revolut stories amuse me when you consider HSBC are still laundering money for cartels,Pablo_Eskobar,20,2025-07-24 21:06:24,Revolut,Reddit
n4xtiou,1m8arr3,"Revolut Randomly locked my account and stole £11,500",Why did they lock your account and what are they telling you? Also where does the money come from? For example if it’s a private account and you are paying employees it’s obviously against the rules (against the rules of any bank for that matter),SofaSurfer9,23,2025-07-24 18:44:00,Revolut,Reddit
n4yiqp0,1m8arr3,"Revolut Randomly locked my account and stole £11,500","When I had a problem I tried to contact Revolut in facebook chat. It seems like their CS team gives more attention to social media contacts, because they fear of the bad news. My problem was resolved quickly after contacting in facebook chat (no serious reactions in-app chat).",Mysterious_End_2462,10,2025-07-24 20:42:45,Revolut,Reddit
n51wx93,1m8arr3,"Revolut Randomly locked my account and stole £11,500","Revolut support are literally the worst in history, worse than peak Virgin Media and that is saying something. They do not understand Mastercard chargeback rules - I had to literally go to Mastercard after months and give them 50 pages of evidence including recorded emails and chats with Revolut to get anything moving. A company had taken 3 duplicated payments from me - Revolut dismissed the chargeback as they ""didnt have chargeback rights to recover"" - despite this being a lie. Finally got money back 6 months later after going to Mastercard and FOS - the comments were that Revolut had ""failed to properly understand and acknowledge the situation despite overwhelming evidence"". Never trust this company, ever! Have heard numerous stories of accounts being indefinitely frozen as well.",ASnipersPromise,3,2025-07-25 09:40:03,Revolut,Reddit
n4ynoxk,1m8arr3,"Revolut Randomly locked my account and stole £11,500","I don’t buy it.

It’s literally not in their (Revolut) best interest to randomly and for no reason lock accounts.

I’m not saying they are right, but there is some missing context here…

Their customer support is normally great for resolving my issues, but then again I’m not super dramatic (please look up the definition of “stole”).

Get it together dude. ",bergandberg,12,2025-07-24 21:05:40,Revolut,Reddit
n58zq5i,1m8arr3,"Revolut Randomly locked my account and stole £11,500","I just closed my account, i feel like its too risky",aurorax0,3,2025-07-26 12:38:50,Revolut,Reddit
n4xtty1,1m8arr3,"Revolut Randomly locked my account and stole £11,500",If the future of your business is dependent on 11.5k in a Revolut account the employees are probably better off leaving anyway.,Jakdublin,15,2025-07-24 18:45:24,Revolut,Reddit
n4yx0jh,1m8arr3,"Revolut Randomly locked my account and stole £11,500","I had £15k in savings a few months ago in paid revolut metal account, and after reading horror stories swiftly withdrew it back to my main bank account. Took 30mins to be approved, I would only use this platform if your going away on Holiday with limited funds. If your putting in thousands of pounds I guess you better have the paperwork/invoices to back up your activity etc. best of luck.",adamparr994,2,2025-07-24 21:49:01,Revolut,Reddit
n4z2hl0,1m8arr3,"Revolut Randomly locked my account and stole £11,500","Open an account with another UK bank.

Send revolut a real letter letting them know you wish to withdraw all the money in the account to a new account.

Start a money claim online against revolut, which they won't defend",londons_explorer,2,2025-07-24 22:15:09,Revolut,Reddit
n4zecq7,1m8arr3,"Revolut Randomly locked my account and stole £11,500","No problem. Hope you get it sorted.
Apologies about the zero punctuation in my message. Fixed that now lol.  Was out walking when I typed it up.
Depending on the country you are in there may be other avenues you can go down such as the European Online Dispute Resolution Platform (ODR)

Follow the official process but I strongly advise you document everything as well.

What to Document:

All Communication: Every message in the app, every email, the date and time of calls (even if you can't record them, note who you spoke to).

Financial Impact: Keep records of any financial losses or hardship incurred due to the freeze (e.g., missed bill payments, inability to access funds for essentials).

Proof of Funds/Source of Wealth: If you can provide clear and legitimate documentation for the source of your funds and your recent transactions, have it ready. While Revolut might not ask for it directly if they are under a ""no-tip"" obligation, it can be useful if the freeze relates to KYC/AML checks, and you need to provide it to the FSPO or a solicitor",conkerz22,2,2025-07-24 23:15:01,Revolut,Reddit
n50sowm,1m8arr3,"Revolut Randomly locked my account and stole £11,500",I’m always shocked when people are using an online service as a primary bank,DC10555,2,2025-07-25 04:08:53,Revolut,Reddit
n51aslf,1m8arr3,"Revolut Randomly locked my account and stole £11,500",I am in the exact same situation! It has been 3 weeks! Restricted my company and personal account!,Just-Wave5843,2,2025-07-25 06:20:14,Revolut,Reddit
n51lgar,1m8arr3,"Revolut Randomly locked my account and stole £11,500","I have the same problem.They locked my business account in November without any reason and tried to force me to send them addresses and names of my customers. Account is still locked and I couldn’t pay my mortgage and employees as well.
Their support is bullshit no answers nor reasons are given.
My lawyer is working on it to get my money back. 
Worst bank and support ever.",VisibleExample8105,2,2025-07-25 07:51:57,Revolut,Reddit
n5378dc,1m8arr3,"Revolut Randomly locked my account and stole £11,500","Log a complaint. But ultimately you're being investigated. If not you someone you pay or someone who pays you and you are now part of the investigation. 
By law they do not have to tell you or your accountant why. If it's found that the funds have an issue they will be confiscated and passed to the authorities.",PreviousResponse7195,2,2025-07-25 15:05:01,Revolut,Reddit
n55mgx4,1m8arr3,"Revolut Randomly locked my account and stole £11,500","north narrow steer public weather gaze point scale bright plant

 *This post was mass deleted and anonymized with [Redact](https://redact.dev/home)*",Upset-Rule3937,2,2025-07-25 21:59:39,Revolut,Reddit
n5bj7t1,1m8arr3,"Revolut Randomly locked my account and stole £11,500",Not helpful with your Revolut account but I use Mettle by NatWest and they’re really good. Might be worth having a look at and swapping over,DeepAd4174,2,2025-07-26 21:10:17,Revolut,Reddit
n5h3bzl,1m8arr3,"Revolut Randomly locked my account and stole £11,500",Perhaps it’s time to stop using these internet banks and go back to NatWest etc for business.,brightworkdotuk,2,2025-07-27 19:22:43,Revolut,Reddit
n5kmrfy,1m8arr3,"Revolut Randomly locked my account and stole £11,500",Wtf is happening with revolut bruh,JuanOnLinux7,2,2025-07-28 08:59:07,Revolut,Reddit
n4yiqhe,1m8arr3,"Revolut Randomly locked my account and stole £11,500",These fuckers need suing,shadilaykek,4,2025-07-24 20:42:43,Revolut,Reddit
n4z3tvt,1m8arr3,"Revolut Randomly locked my account and stole £11,500",Thank fuck I didn’t open the business account I originally applied for.,Chuck_Norris_World,2,2025-07-24 22:21:46,Revolut,Reddit
n4z9joi,1m8arr3,"Revolut Randomly locked my account and stole £11,500","To make a long story short:

https://www.paymentscardsandmobile.com/could-revolut-be-the-next-wirecard/",lime-god,1,2025-07-24 22:50:00,Revolut,Reddit
n517twj,1m8arr3,"Revolut Randomly locked my account and stole £11,500","2 or 3 years ago they froze my 3k€ for
2 months. During this whole time, I had absolutely no info of what’s going on with my money. No reasoning, no real answers. 

Their customer service wasn’t bots then, but I assume they were all from India (guessing by their names). 
I have been only given answers like :”we’re checking the details”, “I’m moving this to another departament”, etc. I was even told NOT TO start any new conversations about it! Literally. 

It was my first invoice and first payment, right after setting up my self employment officially. 

They gave me money back but they never said what was the reason. They also closed my business account indefinitely. (I wouldn’t use it after what happened anyway) 

So I stopped using Revolut at all. I got a similar app like this though, but I use it only when I’m abroad for better exchange rates.

As Revolut was getting more and more popular in my social circle, I’m glad I saved a few ppl from falling for it.. 

I’m afraid there is nothing you can do about it. Warn everyone you know about the situation and pray so that your employees will get paid in time. I wish it happens soon!",Ruska_Meta,1,2025-07-25 05:56:36,Revolut,Reddit
n51koej,1m8arr3,"Revolut Randomly locked my account and stole £11,500",Go speak to CAB or a solicitor.. reddit can't help you here,Rob_56399,1,2025-07-25 07:45:03,Revolut,Reddit
n51lm4c,1m8arr3,"Revolut Randomly locked my account and stole £11,500","They may have submitted a DAML SAR against you, it’s within the proceeds of crime act and they basically act permission from the authorities to return the money to you if they suspect criminality",PuzzleheadedWeb6902,1,2025-07-25 07:53:22,Revolut,Reddit
n51mnze,1m8arr3,"Revolut Randomly locked my account and stole £11,500","&gt; Turns out their customer support is literally nothing but brain dead bots that were dropped on their heads as algorithms  

I'm going to save that r/BrandNewSentence (or fitting r/RareInsults maybe)",laplongejr,1,2025-07-25 08:02:45,Revolut,Reddit
n525jzf,1m8arr3,"Revolut Randomly locked my account and stole £11,500","Post on twitter with what happened. Mine got solved in 2hours.
tag official account @RevolutApp",unrealaz,1,2025-07-25 11:01:26,Revolut,Reddit
n526sw4,1m8arr3,"Revolut Randomly locked my account and stole £11,500",Ask for a Live Agent on the support chat...it will connect you to a Live Agent,ImrnShykh,1,2025-07-25 11:12:31,Revolut,Reddit
n52co1h,1m8arr3,"Revolut Randomly locked my account and stole £11,500","Es sind neue Gesetze in Europa! Muss immer nachgewiesen werden von wo das Geld herkommt! Bei ING Bank sind bei 2000 Euro..ES WIRD IMMER MEHR KONTROLLE GEMACHT VON WO NACH WO DAS GELD TRANSFERIERT WIRD! 
Es hat gute Gründe, weil zu oft Geld gewaschen wurde!! 
Aber das die dir nicht Antworten ist sehr sehr komisch....
Das stimmt was mit dir nicht!!!!",PuzzleheadedJoke9752,1,2025-07-25 12:00:41,Revolut,Reddit
n52o90k,1m8arr3,"Revolut Randomly locked my account and stole £11,500","Hi there! We apologise for the inconvenience of your account restricted, but sometimes we need to take extra steps to make sure our customers’ accounts are kept safe.

We're so sorry to hear that you've experienced an issue with your account. We might be able to help, though, so we'll reach out to you via DMs to take a closer look at your account. If you wish, you can get back to us with the requested details via DMs and we'll check what can be done to help you out.

We have sent you a short DM to look into this further. Please check your inbox.",RevolutSupport,1,2025-07-25 13:20:12,Revolut,Reddit
n52sabx,1m8arr3,"Revolut Randomly locked my account and stole £11,500",Dropped on their heads as algos did me 🤣🤣,Fruit_Fountain,1,2025-07-25 13:44:30,Revolut,Reddit
n52sj0p,1m8arr3,"Revolut Randomly locked my account and stole £11,500","You have to go straight to legal procedures, thats the only letter they will PROPerly react to. The one from them. They dont have sympathy, they act via leverage. You have been put to the back of a vEry long queue of which they have a single employee working on since it is not their priority to return all the funds they have locked up, which are helping them. The only way to jump the queue is to be an urgent threat to their own pockets.  

All your messages will be met with ""we understand its frustrating but we cannot give further info, please be more patient""... For MONTHS. In some cases ive read on here its been as long as almost a year. Followed by resolve and an apology, illustrating that it was an error in the first place, a wrongful freeze, and yet took them that long to give a shit and find that out for him.",Fruit_Fountain,1,2025-07-25 13:45:55,Revolut,Reddit
n53b3dh,1m8arr3,"Revolut Randomly locked my account and stole £11,500","They stole your money or not ?

Shall you get your money back ?",Worried_Cartoonist13,1,2025-07-25 15:24:05,Revolut,Reddit
n546h9s,1m8arr3,"Revolut Randomly locked my account and stole £11,500",You should never leave substantial amounts of money on online banking platforms.,Inevitable-Thing5939,1,2025-07-25 17:50:54,Revolut,Reddit
n586sib,1m8arr3,"Revolut Randomly locked my account and stole £11,500",Were you using a Revolut Business account?,iDiotOn2wheels,1,2025-07-26 08:06:54,Revolut,Reddit
n5dydw4,1m8arr3,"Revolut Randomly locked my account and stole £11,500","Revolut is way too risky for big amounts I’ve moved out and only use it for intentional travel, that’s really the main thing it’s good for",LiquidFire07,2,2025-07-27 06:34:53,Revolut,Reddit
n5e73bu,1m8arr3,"Revolut Randomly locked my account and stole £11,500",Had wise do something similar recently can't trust any of these Fintech companies.,Unfair-Savings6023,2,2025-07-27 07:54:33,Revolut,Reddit
n5eurh6,1m8arr3,"Revolut Randomly locked my account and stole £11,500","Phew, my 3.20$ is still on my account 😌",___thefounder___,1,2025-07-27 11:45:57,Revolut,Reddit
n5ewu6m,1m8arr3,"Revolut Randomly locked my account and stole £11,500",Report to FCA,Any_Sell_3834,1,2025-07-27 12:04:15,Revolut,Reddit
n5fe9d7,1m8arr3,"Revolut Randomly locked my account and stole £11,500","Usually people are using revolut to laundry money, even if they are a business.
I have seen countless posts like , stripe blocked my account , revolut blocked my account ...

All of them had something risky going on, they weren't randomly suspended .

I suggest you read all the ToS docs, and see what you do that could trigger this, as for taking your money back I believe there are ways but it will take time .

I also don't believe you have employees, seems more like you have sun contractors .

Also why your business has no local bank account company those employes - contractors ?

Many questions, and the amount is quite low for a business that is established for 5 years + , like you really want me to believe that a 5 year old business has 11.000 in cash only ???? No reserves ?? ......",gmakhs,1,2025-07-27 14:10:35,Revolut,Reddit
n5nat3r,1m8arr3,"Revolut Randomly locked my account and stole £11,500","Did you check their terms and services whether your type of business is permitted on their platform. Thats usually the reason financial institutions freezes assets and locks accounts. You’ll get the money back, eventually. Will take a couple of months for the official release of funds though.",derpinhoo,1,2025-07-28 18:47:05,Revolut,Reddit
n5zfycr,1m8arr3,"Revolut Randomly locked my account and stole £11,500",Ive been ongoing with this same exact issue for 3 months and preparing to file a suit also please reach out to me,Dull_Examination_132,1,2025-07-30 15:25:55,Revolut,Reddit
nkbuepn,1m8arr3,"Revolut Randomly locked my account and stole £11,500","Wait, in your more recent posts you said it was released at day 15, not 90 days in? 😂😂😂",Maximoo89,1,2025-10-19 17:21:18,Revolut,Reddit
mjzrsun,1jl0jm5,Revolut not supported on rooted device?,Try the Play Integrity API Checker: https://play.google.com/store/apps/details?id=gr.nikolasspyr.integritycheck,atanasius,7,2025-03-27 11:23:00,Revolut,Reddit
mk71418,1jl0jm5,Revolut not supported on rooted device?,"People with Xiaomi please check for [Dvaidian](https://www.reddit.com/user/Dvaidian/)'s solution.   
Worked fr me. Turns out my phone was mega outdated   
  
1. Check the Settings -&gt; About Phone -&gt; Tap on MUI version -&gt; it will scan for updates  
  
If it has updates then download the updates and reboot the phone.   
  
Then after rebooting check again if it shows another available patch update to download. 

2. After rebooting the phone check apps update (search when open settings) and system security update. Make your you CHECK all possible updates and perform all the necessary updates including, and especially, Google Play Store update. 

3. Open play store and download Revolut (if you have revolut already installed, uninstall it first). It's also good to clear the cache and date from Google play store. To do this go to settings -&gt; app -&gt; app manager -&gt; google play -&gt; clear data -&gt; select to clear cache or clear all data

4. After re-downloading Revolut it should work. 

P.S. If you don't see the MIUI version patch updates, try to change your Region. Go on settings, and search for Region. Open it and change it. If you're in EU Poland is good option. 

Good luck. 

Once again, special thanks to u/Dvaidian for he was worth more than Revolut's support which basically did nothing and ghosted me in the chat.",maguire_goat_99,5,2025-03-28 15:03:20,Revolut,Reddit
mk0mnos,1jl0jm5,Revolut not supported on rooted device?,"I see a lot of comments about that I am not rooted, *but I use an open boot loader / custom rom / etc.* **You guys need to understand that there is a constant effort by google to detect all kinds of modifications on your phone, and rooting is only one of them**.

These days an original OS, non rooted but open bootloader phone can go red with some banks apps. Time to reconsider the purchase options (go for an Android phone that you are delighted with the factory software, or go for iOS).",Mysterious_End_2462,4,2025-03-27 14:31:40,Revolut,Reddit
mk0w6q9,1jl0jm5,Revolut not supported on rooted device?,"I'm getting this too, device isn't rooted because I don't even know what that is 😭 going away tomorrow and need to be able to access the app

https://preview.redd.it/n45cyx1m19re1.jpeg?width=1080&amp;format=pjpg&amp;auto=webp&amp;s=5b85096a472f03c0895184c61b3f31d2c6e468ee",Dismal_Mind_1930,4,2025-03-27 15:18:12,Revolut,Reddit
mjznggc,1jl0jm5,Revolut not supported on rooted device?,Have you unlocked your bootloader?,duelago,3,2025-03-27 10:47:08,Revolut,Reddit
mk08t1s,1jl0jm5,Revolut not supported on rooted device?,But supported in devices with the last security patch nov 2019. Clowns.,jdjoder,3,2025-03-27 13:16:46,Revolut,Reddit
mkz7rnl,1jl0jm5,Revolut not supported on rooted device?,Issue seems to have been resolved with the latest revolut update (10.72.1),manichardtiger,3,2025-04-02 06:01:11,Revolut,Reddit
mk0c1p5,1jl0jm5,Revolut not supported on rooted device?,"Same here .... And everything worked fine till today 😅

https://preview.redd.it/tvsvkd19j8re1.png?width=1440&amp;format=png&amp;auto=webp&amp;s=f02e9e112bc15bbb3660d46b95419e7b093350f2",Ok-Text4225,2,2025-03-27 13:35:18,Revolut,Reddit
mk0iyv2,1jl0jm5,Revolut not supported on rooted device?,What phone are you using? Xiaomi phones are notorious for randomly having their integrity broken,PixelHir,2,2025-03-27 14:12:36,Revolut,Reddit
mk7mul6,1jl0jm5,Revolut not supported on rooted device?,"I had the same issue on my Xiami Redmi Note 8 pro that was not rooted and i managed to fix it.

first i cleared all revolut data &amp; cache and uninstalled it.

i updated MIUI by changing regions in the settings and checking for updates ( using the MIUI update checker in settings ), i manged to update from 12.0.4 -&gt; 12.0.5 by changing to Germany 

changed region to greece checked for updates and did update, then i changed to serbia and checked and then updated.

so i managed to upgrade from Android 10 to 11 and from MIUI 12.0.4 to 12.5.15.

finally i installed Revolut again and it worked",rezk2ll,2,2025-03-28 16:49:32,Revolut,Reddit
mkeo07w,1jl0jm5,Revolut not supported on rooted device?,"Happened to me as well starting today. Worked fine. Nothing is rooted, I have android.
Revolut clearly introduced a bug, and now I can't access my finances.",No_Background4599,2,2025-03-29 19:59:48,Revolut,Reddit
mkgpyg3,1jl0jm5,Revolut not supported on rooted device?,"I've just had the same problem. Phone bootloader is unlocked, but NOT rooted. Downgrading to 10.70 fixed the problem, but for how long. Hopefully this can be fixed in a future version.",pigif62,2,2025-03-30 04:20:24,Revolut,Reddit
n61ds6f,1jl0jm5,Revolut not supported on rooted device?,What was the last version of Revolut that worked on your rooted phone? Does it work when you reinstall that apk?,Myfirstreddit124,2,2025-07-30 20:52:59,Revolut,Reddit
n7qlkxi,1jl0jm5,Revolut not supported on rooted device?,"*""I'm not going to change my phone, much easier to change my bank.""*",CuriousZsolt,2,2025-08-09 07:47:34,Revolut,Reddit
mjzjvwh,1jl0jm5,Revolut not supported on rooted device?,They want to pretend they gave good security. Bell curve meme.,ShiestySorcerer,4,2025-03-27 10:14:57,Revolut,Reddit
mjzz4dd,1jl0jm5,Revolut not supported on rooted device?,"Same issue here. My device passes Google Integrity Check, no root (only bootloader unlocked), other banking apps work fine. Only Revolut went full bonkers and it's the second time it happens (was a problem a year ago as well).",Banished_Privateer,2,2025-03-27 12:16:16,Revolut,Reddit
mjzuo6p,1jl0jm5,Revolut not supported on rooted device?,What phone are you running? I’ve seen other banking apps display similar behaviour when users don’t update android or are unable to update android due to outdated device,FakeTimTom,1,2025-03-27 11:44:57,Revolut,Reddit
mk00qnr,1jl0jm5,Revolut not supported on rooted device?,"Do you have the developper optiion on ? 

If yes, try to turn off and see if it solve the situation",yannmrt,1,2025-03-27 12:27:09,Revolut,Reddit
mk0718g,1jl0jm5,Revolut not supported on rooted device?,One of the main checks from Revolut is an unlocked bootloader. They check for that. They rolled it out on Revolut Business app before (this is how I know through trial and error).,RunningPink,1,2025-03-27 13:06:19,Revolut,Reddit
mk0iqcp,1jl0jm5,Revolut not supported on rooted device?,Try uninstalling recent apps you installed. It happened to my bank app recently and it was some podcast app I installed interfering.,gemarimon,1,2025-03-27 14:11:24,Revolut,Reddit
mk0n7fw,1jl0jm5,Revolut not supported on rooted device?,"Doesn't have to be rooted, installing Magisk or KernelSU will cause that (or any other app Revolt thinks it's used for rooting)",akkadaya,1,2025-03-27 14:34:27,Revolut,Reddit
mk0r78y,1jl0jm5,Revolut not supported on rooted device?,"Apparently Revolut uses a development toolkit that is actively trying to ban opensource versions of Android geared for security (and more importantly data privacy), like GrapheneOS.",yannbouteiller,1,2025-03-27 14:53:44,Revolut,Reddit
mk10m5e,1jl0jm5,Revolut not supported on rooted device?,"Today it happened on one of my family member's phone that is not rooted nor the bootloader is unlocked, I have verified it. The Play Integrity API Checker is all green and under the menu to verify the status of the Bootloader it states that the Bootloader is Locked, the device is secure.

Do you have any idea on what could cause the trouble then? It was never altered in any way, applications were only installed from Google Play. As of now I have no idea why could the Revolut app detect it as rooted.",Dvaidian,1,2025-03-27 15:39:54,Revolut,Reddit
mk16kco,1jl0jm5,Revolut not supported on rooted device?,"The easiest way would probably be to install magisk alpha, apatch or KernelSU, that solved the problem at least for me when I used the stable version of magisk, otherwise lock the bootloader again",TimFinitor,1,2025-03-27 16:08:27,Revolut,Reddit
mk19noh,1jl0jm5,Revolut not supported on rooted device?,I use a Google pixel now with graphene os running as you can lock the bootloader and rebolut works great,Several_Amphibian_19,1,2025-03-27 16:23:15,Revolut,Reddit
mk1q1mf,1jl0jm5,Revolut not supported on rooted device?,"Banking apps wont work on rooted devices however since yours is not rooted it is very strange. Try an app that checks if your device is rooted . Restart, other than that idk",TerroFLys,1,2025-03-27 17:40:13,Revolut,Reddit
mk4io59,1jl0jm5,Revolut not supported on rooted device?,The only solution to this is to relock your bootloader if possible or root your phone and hide root to revolut using magiskhide,Eidwood,1,2025-03-28 03:10:15,Revolut,Reddit
mk5ceur,1jl0jm5,Revolut not supported on rooted device?,To be fair most banking apps aren't going to trust rooted devices. It's pretty standard. You might get around it with magisck.,MrVestek,1,2025-03-28 07:24:22,Revolut,Reddit
mk5j8z3,1jl0jm5,Revolut not supported on rooted device?,"If they were supporting of security they’d let u use their app on your device, ive seem enough to never want to join revolut-ing 
Too many people having too many problems to use your money on someone elses platform . Your money ur rules. If u dont have money with them never put money with them",Away_Somewhere_4230,1,2025-03-28 08:39:57,Revolut,Reddit
mkbrw62,1jl0jm5,Revolut not supported on rooted device?,My daughters phone has this issue please help,dalefern123,1,2025-03-29 08:20:48,Revolut,Reddit
mko8azb,1jl0jm5,Revolut not supported on rooted device?,"Indeed. Facing the same issue. Very annoying, just abroad traveling",ManuelPit,1,2025-03-31 13:11:35,Revolut,Reddit
mkpn36m,1jl0jm5,Revolut not supported on rooted device?,"Same problem here, impossible to speak and resolve the problem with Revolut",Agreeable-Return9170,1,2025-03-31 17:49:10,Revolut,Reddit
mksipjr,1jl0jm5,Revolut not supported on rooted device?,"Spent ages talking to their customer service and nothing. No access to my cash. There's a web app but they won't let you do anything there unless you sign in on the app. So stupid!!! The reason you go to the web app is cos you can't access the phone app! Anyway no access to your money is not cool. ""Is there anything else we can help you with?"" No FFS!!! It's not reliable...",TraderZebra,1,2025-04-01 03:08:00,Revolut,Reddit
mktmfro,1jl0jm5,Revolut not supported on rooted device?,"Hola, a mi tambien me pasa lo mismo hasta hace 2 dias todo funcionaba bien ahora tengo ese mensaje. He desinstalado, instalado, borrado cache,... y nada todo sigue igual. Mi dispositivo no esta rooteado y ya digo hasta hace 2 dias todo estaba funcionando bien.

Necesito ayuda",Positive_Leg_7316,1,2025-04-01 08:45:23,Revolut,Reddit
mkzjggz,1jl0jm5,Revolut not supported on rooted device?,"After today's update Revolut is working again. Had to login, but otherwise everything is fine. I've done nothing, Revolut updated their apps to be less sensitive to open bootloader or Xiaomi I guess. Thanks Rwvolut",trubicoid2,1,2025-04-02 07:55:22,Revolut,Reddit
mxx06z3,1jl0jm5,Revolut not supported on rooted device?,"Same root issue with the latest update from a few days ago r/revolut #revolutsupport please do something, I need to use the app!",alienphoenix444,1,2025-06-15 15:48:23,Revolut,Reddit
mxx77y0,1jl0jm5,Revolut not supported on rooted device?,"Hmm, started getting the same message today at my OnePlus 12.
Probably the latest app version is causing the problem and passes the magisk modules.",RASTAVIPER,1,2025-06-15 16:25:38,Revolut,Reddit
my8gq20,1jl0jm5,Revolut not supported on rooted device?,A mi tambien me ha pasado,jash-1964,1,2025-06-17 10:32:25,Revolut,Reddit
my8xinf,1jl0jm5,Revolut not supported on rooted device?,"The problem is back! I've been on the beta version and I got this time: Sorry, Revolut is not supported on devices with custom firmware.

I opted out of the beta, uninstalled the app and installed again and it works now.

But I'm afraid it will stop with the new version again (now in beta).

https://preview.redd.it/6z2tyfng7h7f1.png?width=1080&amp;format=png&amp;auto=webp&amp;s=70164b0deb8d549c3534d0af29e2cc622ddc7378",trubicoid2,1,2025-06-17 12:51:24,Revolut,Reddit
n0jvoxh,1jl0jm5,Revolut not supported on rooted device?,"Working in open banking gives a unique perspective. You would much rather overzealous (probably isn't, more likely something up with the device) security than not.",Prudent_Psychology57,1,2025-06-30 11:00:20,Revolut,Reddit
n0xpx3o,1jl0jm5,Revolut not supported on rooted device?,"https://preview.redd.it/ap5ztgi1mgaf1.png?width=1440&amp;format=png&amp;auto=webp&amp;s=0d9fafbf2f966e43eb5986e8095ece2351b0abc1

I also got the same problem last week. I did not change anything to my phone to make it rooted. I checked my phones settings and everything looks fine, but I'm still getting this message. How can I solve this problem?",YoutuBearrr,1,2025-07-02 14:05:40,Revolut,Reddit
n134u4l,1jl0jm5,Revolut not supported on rooted device?,"Yo he comprado un telefono de segunda mano por qué el mío se cayó al suelo y se rompió...

Y desde que tengo este teléfono siempre me sale este mensaje....la cuestión es que si tiene el bootloader abierto pero no tengo conocimientos para cerrarlo.

Intento entrar desde la web en el pc y me pide una clave que no recuerdo ya que entraba con la huella.

Me pueden ayudar a solucionarlo...aunque sea entrar a través del pc.

Gracias",LeadReal,1,2025-07-03 08:09:04,Revolut,Reddit
n1nay68,1jl0jm5,Revolut not supported on rooted device?,J,Elegant_Homework_620,1,2025-07-06 16:19:33,Revolut,Reddit
n2exniz,1jl0jm5,Revolut not supported on rooted device?,"https://preview.redd.it/vxwk2fpng3cf1.png?width=361&amp;format=png&amp;auto=webp&amp;s=7edde76e58c8e18b10ab24646e501c6e27b9568d

Hi, it seems after the Revolut app update I can't login anymore.  
Can you suggest how to solve this?",FilipRysavyPro,1,2025-07-10 19:59:36,Revolut,Reddit
n549jvh,1jl0jm5,Revolut not supported on rooted device?,"For my part, i had the OEM unlocking option in Developer Settings that was activated which caused the same error page you got. I desactivated it, restarted my phone and Revolut was working again! Good luck!

Samsung Galaxy S8  
Android 9.0",These-Aerie-1612,1,2025-07-25 18:04:58,Revolut,Reddit
ndoapm0,1jl0jm5,Revolut not supported on rooted device?,Same issue here after today update on rog phone 8 pro,deadpicasso,1,2025-09-11 18:59:00,Revolut,Reddit
ndot5d0,1jl0jm5,Revolut not supported on rooted device?,"Hi, I'm having same issue with my Phone Rog 8 since today. Please help.",Dismal-Ad-3920,1,2025-09-11 20:27:09,Revolut,Reddit
mmro1ea,1jxmxne,Revolut froze my account right before my trip — now I’m stranded with no money,Reason I don’t use Revolut as my primary account. I use traditional banks for that. A backup account is always handy as IT systems can go down.,falconxp,85,2025-04-12 18:54:23,Revolut,Reddit
mmrrryf,1jxmxne,Revolut froze my account right before my trip — now I’m stranded with no money,"Even regular banks should be used with redundancies, even more so these types of online banks. They're all free so it's not hard to get (at least) two different ones, including a real credit card just in case",hrdcore_bkr,15,2025-04-12 19:13:52,Revolut,Reddit
mmvhs2j,1jxmxne,Revolut froze my account right before my trip — now I’m stranded with no money,"https://preview.redd.it/nie3eg5cwkue1.jpeg?width=1169&amp;format=pjpg&amp;auto=webp&amp;s=2905cb57660f3c0f20e1f0cb3c8b240b26842d6b

They are just lying?",mo_coder_,10,2025-04-13 11:22:41,Revolut,Reddit
mms5lk5,1jxmxne,Revolut froze my account right before my trip — now I’m stranded with no money,"For me it was Comdirect Bank! They also ruined my vacation, but now they've received my notice of termination!   

Prevent this with 

1. several bank accounts
2. bitcoin",PeteVanMosel,3,2025-04-12 20:30:15,Revolut,Reddit
mmrx799,1jxmxne,Revolut froze my account right before my trip — now I’m stranded with no money,No sane person travels with one credit only.,Still_Function,30,2025-04-12 19:43:20,Revolut,Reddit
mms1sly,1jxmxne,Revolut froze my account right before my trip — now I’m stranded with no money,I use both Revolut and a traditional bank. I also have a credit card. For emergencies I can request €1000 cash as an emergency (credit card). Does Revolut have something similar?,-moonguardian,3,2025-04-12 20:08:56,Revolut,Reddit
mmv3rg1,1jxmxne,Revolut froze my account right before my trip — now I’m stranded with no money,"I recommend having various bank accounts 

I have four: Revolut for daily spending, BOS for bills and rent, Monzo is where my income comes in and i save for taxes and Santander as backup for all those.

Hope youve found a solution for your holiday !!",cowbutch3,3,2025-04-13 08:51:28,Revolut,Reddit
mms15bm,1jxmxne,Revolut froze my account right before my trip — now I’m stranded with no money,"I fully agree and I'm experiencing a similar situation too, account blocked for 25 days.

Those who haven't had this negative experience will think you've definitely done something abnormal to make this happen. But the reality of the facts is that Revolut has a too sensitive automatic system, and if there is a need for the intervention of a competent department he begins to pray that they solve it as soon as possible because they don't care if you have to eat, or whatever other commitment you have.

They justify everything with the fact that they are required to comply with the regulation.....

We are just numbers, not people ..... but instead of thinking about getting to the top, think about the quality of your services and retaining the customers you have! Who can continue to trust you with their money after these experiences? And we are a dozen people in situations like this",ZealousidealCow841,5,2025-04-12 20:05:12,Revolut,Reddit
mmu7wq4,1jxmxne,Revolut froze my account right before my trip — now I’m stranded with no money,Revolut is an absolute shitshow,PleasantAd9018,10,2025-04-13 04:11:44,Revolut,Reddit
mmshmp4,1jxmxne,Revolut froze my account right before my trip — now I’m stranded with no money,Always carry a credit card with a ridiculously high limit (and apr%) so I could buy a car or plane ticket out of dodge if needed.,Mimicking-hiccuping,2,2025-04-12 21:37:00,Revolut,Reddit
mmsmf7i,1jxmxne,Revolut froze my account right before my trip — now I’m stranded with no money,"Never travel with one card, especially one for teens.",Tulex,2,2025-04-12 22:03:40,Revolut,Reddit
mmusso2,1jxmxne,Revolut froze my account right before my trip — now I’m stranded with no money,"The same thing happened to me on Trade Republic, which prompted me to open an account on Revolut (and I have two other traditional banks)",Nemesis35fr,2,2025-04-13 07:01:30,Revolut,Reddit
mmv2mn8,1jxmxne,Revolut froze my account right before my trip — now I’m stranded with no money,Today they charged me for some bill for mobile operator services. And i asked if my account is released. They told me they can access my fund as company but i can access it as owner. Actually it is good but it is making me more frustrated.,mo_coder_,2,2025-04-13 08:39:46,Revolut,Reddit
mmv6fs1,1jxmxne,Revolut froze my account right before my trip — now I’m stranded with no money,"To me Revolut is just a backup solution, not my primary card",Minimum-Remove8704,2,2025-04-13 09:19:31,Revolut,Reddit
mmvm7qq,1jxmxne,Revolut froze my account right before my trip — now I’m stranded with no money,This happened to me in Japan and my trip was ruined too. It was different in that the store I was at did an online and offline charge and they both went through. Revolut never assisted me and I wasted two days sorting this. when I applied for a loan as a short term solution they rejected my application.,Darkavishay,2,2025-04-13 12:07:01,Revolut,Reddit
mmwlyho,1jxmxne,Revolut froze my account right before my trip — now I’m stranded with no money,"Revolut need to be investigated for the amount of accounts they block. 

It’s insane how many people on here have these issues 

I’ve never in my life known someone to have a bank account frozen at any bank but Revolut out here blocking accounts like there’s no tomorrow 

There’s definitely something sketchy going on - like they’re holding the money to make interest on it elsewhere, or they have very little reserves so need to freeze people’s accounts to prevent to much cash moving around. 

It’s too weird for there not to be some nefarious reason behind it all.",Shark-Feet,2,2025-04-13 16:04:32,Revolut,Reddit
mmxxt2k,1jxmxne,Revolut froze my account right before my trip — now I’m stranded with no money,Revolt is a scam its hold me 25 days still they giving excuse. They are scammer,BrothersGroup188,2,2025-04-13 20:13:19,Revolut,Reddit
mn11ct1,1jxmxne,Revolut froze my account right before my trip — now I’m stranded with no money,always have 2 accounts,AwarenessWorth5827,2,2025-04-14 09:03:00,Revolut,Reddit
mn13jwc,1jxmxne,Revolut froze my account right before my trip — now I’m stranded with no money,"Perhaps I am paranoid. I never trust a single card. 
Once I filled my fuel tank in Brussels on my way to Paris. After 3 hours or so I was in Paris. I paid twice there and on 3rd attempt bank freezes my card. I had to call and give explanation why there were some distant payments in such a short time. If I had not another card I would have to survive without food for a while. 

Revolut or traditional bank. I always have 2-3 cards with me from at least 2 different banks. 
Also always take cash with you at least 200-300€ for emergency.",Albos05,2,2025-04-14 09:26:41,Revolut,Reddit
mn1798x,1jxmxne,Revolut froze my account right before my trip — now I’m stranded with no money,"Banks genuinely don’t care if people die. They’ll freeze their account completely for no reason sometimes, letting them starve and freeze to death on the street. It’s truly dystopian and immoral.",NormQuestioner,2,2025-04-14 10:07:01,Revolut,Reddit
mn21pyq,1jxmxne,Revolut froze my account right before my trip — now I’m stranded with no money,"Another day , another account with money on it frozen by revolut.

Many such cases..

Only top-up and never use it as a main.",offence,2,2025-04-14 14:15:52,Revolut,Reddit
mn2g6cy,1jxmxne,Revolut froze my account right before my trip — now I’m stranded with no money,Same,lukegoodridgeg,2,2025-04-14 15:36:37,Revolut,Reddit
mn2gqw3,1jxmxne,Revolut froze my account right before my trip — now I’m stranded with no money,"same here, account frozen since 2 weeks",Same-Impression-9679,2,2025-04-14 15:39:36,Revolut,Reddit
mmrog69,1jxmxne,Revolut froze my account right before my trip — now I’m stranded with no money,Maybe just start using cash. Not sure though they would accept it at an airport for said purpose. Welcome to the wonderful digital world where you control nothing.,mro21,4,2025-04-12 18:56:27,Revolut,Reddit
mmsmo7e,1jxmxne,Revolut froze my account right before my trip — now I’m stranded with no money,"The biggest mistake you made was choosing Revolut as your main bank..

I wouldn't even consider it as my back up. Not anymore",sub_RedditTor,2,2025-04-12 22:05:05,Revolut,Reddit
mmsmest,1jxmxne,Revolut froze my account right before my trip — now I’m stranded with no money,"I'm really sorry this happened to you. Can I ask tho, what did you end up doing?",carolinapenguin,1,2025-04-12 22:03:36,Revolut,Reddit
mmv0o5w,1jxmxne,Revolut froze my account right before my trip — now I’m stranded with no money,"When communicating with support, you can say you want to speak to an actual person and not an AI. That worked for me when they were updating my KYC but kept rejecting my ID. Unless you've already done this.",AKAR1990,1,2025-04-13 08:19:33,Revolut,Reddit
mmvh9mz,1jxmxne,Revolut froze my account right before my trip — now I’m stranded with no money,"So sad but another real face of Revolut. Can be used for occasional activities (load and spend), but definetely not as a primary account.",New_Dragonfruit2736,1,2025-04-13 11:17:15,Revolut,Reddit
mmvt23i,1jxmxne,Revolut froze my account right before my trip — now I’m stranded with no money,),mew_bot,1,2025-04-13 13:05:36,Revolut,Reddit
mmw6rz2,1jxmxne,Revolut froze my account right before my trip — now I’m stranded with no money,"How did you fund the account?
Did you receive a random payment suddenly?",Man1fest,1,2025-04-13 14:40:39,Revolut,Reddit
mmwa95v,1jxmxne,Revolut froze my account right before my trip — now I’m stranded with no money,"I have fairly small amounts of money on Revolut - just for monthly Twitter/Spotify etc subscriptions and about 100-200 euros for unforeseen expenses. I somehow prefer to keep serious amounts of money in banks where you can come to, not where some chat agent is responsible for communicating with you",MrHmuriy,1,2025-04-13 15:00:34,Revolut,Reddit
mmwd9g4,1jxmxne,Revolut froze my account right before my trip — now I’m stranded with no money,Yea I never keep my money in revolut . I just top it up with what I need it for and that's it so the most you can lose is the amount you intend to spend at any one time . I had my acct frozen but showed them copies of my bank statement and told them I was in contact with the financial ombudsman and I got my acct back in two days,Master-Voice-6097,1,2025-04-13 15:17:48,Revolut,Reddit
mmwp4ba,1jxmxne,Revolut froze my account right before my trip — now I’m stranded with no money,Never travel without multiple cards and some cash,SkillForsaken3082,1,2025-04-13 16:21:09,Revolut,Reddit
mmws65q,1jxmxne,Revolut froze my account right before my trip — now I’m stranded with no money,"Sorry my man but haven't you read the thousands of posts where this happens in revolut , wise or any online only bank?
Never keep all your money on one account!",alvaro761991,1,2025-04-13 16:37:18,Revolut,Reddit
mmwy8rh,1jxmxne,Revolut froze my account right before my trip — now I’m stranded with no money,You should always have backup credit cards. Not just one. At least two.,zinky30,1,2025-04-13 17:08:46,Revolut,Reddit
mmx1ny3,1jxmxne,Revolut froze my account right before my trip — now I’m stranded with no money,"Can you share what triggered the investigation?
Like: are you getting or sending random unaccounted amount of money to randos? Are you having an unregistered business and receiving a lot of transfers? 
Its AML, there should be something crazy about how you utilize your account (I hope)",Panaroja,1,2025-04-13 17:26:40,Revolut,Reddit
mmx6ilb,1jxmxne,Revolut froze my account right before my trip — now I’m stranded with no money,That's what happens when all eggs are put in one broken basket.,GwaiJai666,1,2025-04-13 17:52:11,Revolut,Reddit
mmxby8h,1jxmxne,Revolut froze my account right before my trip — now I’m stranded with no money,Revolut suck ass.,berjaaan,1,2025-04-13 18:19:36,Revolut,Reddit
mmyybap,1jxmxne,Revolut froze my account right before my trip — now I’m stranded with no money,"N26 Baby. They have never made me any problems, ever. Best online banking. Never ask when someone sends me money, why they did nor they ask the person who sends me anything. Send and receive, easy and simple. Accepted everywhere I have been. Spain, Italy, Germany, Scotland, Romania, Poland etc.",Equilinatox,1,2025-04-13 23:33:48,Revolut,Reddit
mn07xop,1jxmxne,Revolut froze my account right before my trip — now I’m stranded with no money,"Oh gosh! You relied on Revolut!

It's not a functional bank! It's a suicide to rely on Revolut. Use a working reliable bank, and maybe have Revolut as a toy bank on the side.",yohussin,1,2025-04-14 04:29:34,Revolut,Reddit
mn0qcvf,1jxmxne,Revolut froze my account right before my trip — now I’m stranded with no money,"You went on vacation with only one means of payment? That's on you. Not saying Revolut is correct, but assuming failures is good practice",Callero_S,1,2025-04-14 07:08:28,Revolut,Reddit
mn0t2j9,1jxmxne,Revolut froze my account right before my trip — now I’m stranded with no money,never a good idea to rely solely on FinTech like Revolut or Wise… its a good technology and good as a second account / service / whatever… but never ever rely on it and never ever have big sums in those accounts.,Super_Mario7,1,2025-04-14 07:35:36,Revolut,Reddit
mn13ltt,1jxmxne,Revolut froze my account right before my trip — now I’m stranded with no money,"Today is day 5, still no giving any reason",mo_coder_,1,2025-04-14 09:27:15,Revolut,Reddit
mn1g62d,1jxmxne,Revolut froze my account right before my trip — now I’m stranded with no money,life hack- have more then one card.,No-Positive-3984,1,2025-04-14 11:38:13,Revolut,Reddit
mw7hktj,1l44wil,Never rely on Revolut: how I fell for their modern interface and convenience – and ended up locked out of all my money,"This sound to me as if the girl you meet reported the transaction to revolut. 
in a attempt to get the money back and scam you. And now your account is blocked due to it and she stick to her story that she bought shoes from ig and or is in a different country. Best of luck to you.",Ulrikthegreat,84,2025-06-05 22:20:15,Revolut,Reddit
mw6epzx,1l44wil,Never rely on Revolut: how I fell for their modern interface and convenience – and ended up locked out of all my money,"Sorry but your story does not add up. You met this girl in real life but you dont know her yet you fronted her money. Then she paid you but then claim backcharge. Clearly she’s trying to scam you with an extra step no? Why do you think there’s a fraudster? From my PoV it is very clear that this girl is doing it. 

Also how can you prove to revolut that you know this person like actually know them and not just met them in an event last night? In many eu countries, receiving a reimbursement is treated the same as receiving gift and you have a yearly limit before tax is triggered. My friends in poland are very careful about reimbursement through bank account for this reason.",DefiantAlbatros,31,2025-06-05 19:16:04,Revolut,Reddit
mw9k43n,1l44wil,Never rely on Revolut: how I fell for their modern interface and convenience – and ended up locked out of all my money,"I have had similar experiences with BUNQ, i was frozen out of all my money for 60 days.

The reason is that i purchased a new kitchen from a company for a sum of €10.000. This kitchen company was flagged in the system as a company that does business with Russia.

That was enough to 

1) Freeze the transaction for 1 month, delaying my kitchen a lot. Despite me within 1 hour of the transaction being frozen uploading the kitchen contract, kitchen designs, and other documents proving i bought a kitchen and where it will be installed.

2) Freeze all of my BUNQ accounts, all personal accounts, and all accounts for two companies i own. Freeze all creditcards. I had absolutely no backup.

3) They told me within a week that the documents are fine. And now internal departments need to verify with my countries tax office. This can take up to several weeks because they are busy. After that the tax office will sent a physical letter to them which says funds can be given back to me, that will end up on a pile which will take some time. It ended up being 60 days!!


—

Worst part is that they froze my account on December 24th, while i was in Germany to do christmas shopping in a large store. I couldn’t pay for anything in my cart, i didn’t have enough gas to get back home, i couldn’t receive money, no credit options.

I had to plead with the gas station that i had no money and sign a document with my passport that i would return the next day with money for be filed with the police for theft.

So next day i returned with cash borrowed from family.

— during this period my salary from my day job was also denied and my employer received a notice i am under investigation for money laundering, despite before that hearing from bunq that the investigation is done and everything is fine.

—-

I know people who also had this with local banks.

Banks in europe went crazy a long time ago.

For me the lesson is simple. Have several banks. Make sure each bank has enough money to last you a few months. Have credit cards separately from banks, and ar least from two different providers just in case.",ws_wombat_93,7,2025-06-06 05:54:11,Revolut,Reddit
mw637bg,1l44wil,Never rely on Revolut: how I fell for their modern interface and convenience – and ended up locked out of all my money,"Never use one bank account… independent off Revolut. 

Also, an unexpected and unexplained 278eur should pop out … ie trigger pro-active response to support …",Andi_Reddit,17,2025-06-05 18:22:25,Revolut,Reddit
mw64j4h,1l44wil,Never rely on Revolut: how I fell for their modern interface and convenience – and ended up locked out of all my money,"You received 278€. 

Did you expect to receive 278€? 

Why don’t you send it back?",darthVkylo,9,2025-06-05 18:28:34,Revolut,Reddit
mw6g10q,1l44wil,Never rely on Revolut: how I fell for their modern interface and convenience – and ended up locked out of all my money,"I read all your comments, and I believe you didn't plan to do anything wrong and you were partying with a scammer. 

However, it's a lesson learnt for everyone, do not accept such payments without any written proof from strangers. It should've been a red flag that why they want you to pay the actual bill in the first place - with such a high bill I would never think to settle it with complete strangers in weird ways like this.

Again, I believe you had good intentions, but apparently even incoming payments should raise a flag.",nyuszy,10,2025-06-05 19:22:18,Revolut,Reddit
mw73630,1l44wil,Never rely on Revolut: how I fell for their modern interface and convenience – and ended up locked out of all my money,Damn I'm sorry this happened to you. I real that there's still a chance that Revolut will unlock your account soon. I'd be horribly upset too if I were in similar situation.,Alanwake28,5,2025-06-05 21:11:34,Revolut,Reddit
mw7xx46,1l44wil,Never rely on Revolut: how I fell for their modern interface and convenience – and ended up locked out of all my money,"Interesting. Does this mean I can shut down my competitor's Revolut account down just by sending them a payment, and bitch to Revolut? And they will be locked out of their funds and unable to do business?

How do they defend against incoming payments that will incriminate them?",ThoriumPrime,4,2025-06-05 23:47:54,Revolut,Reddit
mw69u9i,1l44wil,Never rely on Revolut: how I fell for their modern interface and convenience – and ended up locked out of all my money,This reads like I got into a car crash I was the passenger but the driver was drunk - therefore it's Audi's fault ,LFC90cat,13,2025-06-05 18:52:50,Revolut,Reddit
mw646qp,1l44wil,Never rely on Revolut: how I fell for their modern interface and convenience – and ended up locked out of all my money," a \~€278 transfer via Revtag. It looked like a totally normal reimbursement 

  
It looked like? what was it really?",bedel99,6,2025-06-05 18:26:59,Revolut,Reddit
mw7rmz8,1l44wil,Never rely on Revolut: how I fell for their modern interface and convenience – and ended up locked out of all my money,"The problem from Revolut side is, with you giving such a vague explanation that cannot be verified, you look like an accomplice not a victim. Why didn’t you use the bill splitting feature?",Difficult-Creme-8780,3,2025-06-05 23:12:38,Revolut,Reddit
mwapzrc,1l44wil,Never rely on Revolut: how I fell for their modern interface and convenience – and ended up locked out of all my money,I’m not a fan of revolut but what’s with all these low karma accounts coming on this sub and ragging on the app with tales of how the money isn’t safe and amplifying stories of the company’s excessive AML algorithms?,PixelNotPolygon,3,2025-06-06 12:19:19,Revolut,Reddit
mwaq0zc,1l44wil,Never rely on Revolut: how I fell for their modern interface and convenience – and ended up locked out of all my money,"This is also the reason why I dare not keep money there - they can simply freeze the account at the most unsuitable time. And they freeze a whole bank account, not just the amount or payment that is under the question.",mocam6o,3,2025-06-06 12:19:35,Revolut,Reddit
mwaqfeo,1l44wil,Never rely on Revolut: how I fell for their modern interface and convenience – and ended up locked out of all my money,"OP, look into the background of the founders!  

**DUE DILIGENCE!**

  
Revolut is ONLY for paying a pizza and sending money to someone you know and trust!  

I keep a little bit +$1000 in my account, because I have a crew of &lt;&lt;&lt;juice&gt;&gt;&gt; lawyers in NYC chomping at the bit for Revolut to f\*ck with my account so we can drag them through federal court and into a trial by jury!",Humble_Golf_6056,3,2025-06-06 12:22:32,Revolut,Reddit
mwrko0n,1l44wil,Never rely on Revolut: how I fell for their modern interface and convenience – and ended up locked out of all my money,"These comments defending Revolut are wild.

If OP is telling the truth then the lack of speedy support and communication is the issue here. Not the user error.",Gold_Mine_8821,3,2025-06-09 03:39:52,Revolut,Reddit
mw756d1,1l44wil,Never rely on Revolut: how I fell for their modern interface and convenience – and ended up locked out of all my money,"&gt; leaving behind my outdated local banks.

As a gov worker, we work with VERY outdated software.

Why? *Because it has decades of history, small bugfixes nobody knows why they are. But those fixes were written in the figurative blood of some unexpected situation that had to be fixed.*



&gt; Yes, I pay for Ultra. Yes, they promise ""priority support"" and ""exclusive service"".


""Priority support"" always seemed weird to me. It literally means two things : A) either some support who could help people... is not used and the company is cripling itself on purpose or B) priority is not actually helping solving issues.  
And ... yeah, you are the highest priority for support. But because support is low-cost you are simply *told faster* they can't help you!  


[EDIT] Your situation is literally the joke aesop ""a good action will never stay unpunished""
As a cautionary tale for everybody : if you give cash to strangers, NEVER ACCEPT ANYTHING BACK.
Revolut seems to be the transaction kind of bank, where any spending has to be *justified*. OP gave back money to a person *for no benefits*, and as such this company thinks OP is obviously a liar who hides the real reason.

I had FINALLY relented and recommended my dad to join this bank 2 days ago. I had bad feelings about Revolut by scamming people into sparechange&gt;revpoints.
Now I learn *kindness is a crime* for Revolut.",laplongejr,5,2025-06-05 21:20:54,Revolut,Reddit
mw6ut0z,1l44wil,Never rely on Revolut: how I fell for their modern interface and convenience – and ended up locked out of all my money,"Kinda weird situation. Not so long ago (29th or 30th of May) my girlfriend send me from her wise account 500€ then 1500€ to my Revolut just after that I transferred those founds to her Thai account. Zero problems, zero questions from Revolut. 

In your situation her reporting the transaction is the problem, maybe she was too drunk didn’t remember reimbursing you and she looked at account some days later and didn’t recognize transaction that’s why she reported it as scam. 

Transactions via revtag is a no no in my opinion, is she would send normal transfer it would be better I think. 

Another thing, if she reported that transaction as a scam you have maybe one option. As Revolut to check if she used the selfie while doing the transaction. Anything over 200€ should require to scan her face (at least my account on Revolut works like that)",imma_shiroo,2,2025-06-05 20:32:49,Revolut,Reddit
mw7yhdy,1l44wil,Never rely on Revolut: how I fell for their modern interface and convenience – and ended up locked out of all my money,This is just poor bank hygiene OP. Very disappointed.,Japparbyn,2,2025-06-05 23:50:59,Revolut,Reddit
mw8u7jj,1l44wil,Never rely on Revolut: how I fell for their modern interface and convenience – and ended up locked out of all my money,Both yourself and that “scammed victim” are victims of third party scam . You got the short end of it and got embroiled due to the gross negligence of that “victim of scam” .,AdImpressive5490,2,2025-06-06 03:01:04,Revolut,Reddit
mwa6uxa,1l44wil,Never rely on Revolut: how I fell for their modern interface and convenience – and ended up locked out of all my money,"Hello, the same thing happened to me a few days ago, a person who owed me money sent it to my Revolut account (without telling me) and within hours my account was blocked because the person who reported it as scam (the person who sent the money was not the one who owed me, it was a friend), In my case it took a little over 2 days, I only had to send screenshots and basic information about the person who sent the payment (phone number and reason for payment). It's a common scam on Revolut, only send what you need.


The dispute will only end when the person who posted it withdraws it. You must contact the person directly, offer them a refund, and have them accept. Then, send them that evidence.",SystemRPG,2,2025-06-06 09:23:27,Revolut,Reddit
mwaebv0,1l44wil,Never rely on Revolut: how I fell for their modern interface and convenience – and ended up locked out of all my money,Use these counts normally and everything will be fine....,Neither-Top88,2,2025-06-06 10:39:32,Revolut,Reddit
mwajpuz,1l44wil,Never rely on Revolut: how I fell for their modern interface and convenience – and ended up locked out of all my money,"To speak to a support agent when you are ultra you can just say ""talk to an agent"", they can even call you back directly.

Bank of Lithuania will not go in your favor as they are the ones pushing for stricter AML, they actually fined Revolut for not being strict enought",K3dare,2,2025-06-06 11:29:18,Revolut,Reddit
mwan7a0,1l44wil,Never rely on Revolut: how I fell for their modern interface and convenience – and ended up locked out of all my money,First time that I see a scam in which the person scammed is actually receiving money... 😂,fabiofigo2025,2,2025-06-06 11:57:53,Revolut,Reddit
mwgwwys,1l44wil,Never rely on Revolut: how I fell for their modern interface and convenience – and ended up locked out of all my money,"... ""and moved all my money there, leaving behind my outdated local banks.""...

And this is where I say your problem starts. It is not about Revolut, it is lack of understanding of diversification concept. You should never keep all your assets in one narrow spot. You should always have different currencies, cash and digital version, and different banks.",minobi,2,2025-06-07 11:42:22,Revolut,Reddit
mwioo6e,1l44wil,Never rely on Revolut: how I fell for their modern interface and convenience – and ended up locked out of all my money,Very interesting. Had minor issues with them like delay in payback.,Aliaksei_Chareshneu,2,2025-06-07 18:14:19,Revolut,Reddit
mwo1aj3,1l44wil,Never rely on Revolut: how I fell for their modern interface and convenience – and ended up locked out of all my money,"Dudes: NEVER put all your money in a single bank, doesn't matter which one it is.


Precisely because there are a number of reasons accounts can be frozen (including in error). Always have multiple accounts with some liquidity so that you can sustain yourself if one is frozen for a month or 2 at least. 


Also: never share an account with other people... It might be frozen due to something they do, including falling victim to a scam, or even if they die bank might freeze it until probate is completed.",VirtuteECanoscenza,2,2025-06-08 16:09:07,Revolut,Reddit
mwq1vvo,1l44wil,Never rely on Revolut: how I fell for their modern interface and convenience – and ended up locked out of all my money,"Hope you get this sorted out. Also had major issues with revolut and now I never leave more than 100€ in my account with them. In my experience everyone from that company I interacted with was incompetent or simply a bot. 

Best of luck to you!",Lopsided-Chocolate22,2,2025-06-08 22:18:34,Revolut,Reddit
mwt0586,1l44wil,Never rely on Revolut: how I fell for their modern interface and convenience – and ended up locked out of all my money,So good to read this I was just to move all my money to Revolut and with stories like this I would never ever dare. Thanks for sharing and keeping my money in an old bank account.,dampus2000,2,2025-06-09 11:04:11,Revolut,Reddit
mwtoggm,1l44wil,Never rely on Revolut: how I fell for their modern interface and convenience – and ended up locked out of all my money,"Revolut is full on enshitifying at the moment because they have to justify their unreasonable +45 bln valuation. 

You should really only use it for mostly nothing, I wouldn’t sleep well at night if I had my salary on it.",diamluke,2,2025-06-09 14:01:21,Revolut,Reddit
mwubvh3,1l44wil,Never rely on Revolut: how I fell for their modern interface and convenience – and ended up locked out of all my money,Revolut shit they blocked 48000 aud and never told me whsts wrong or how I Can get my money. They asked me for 100's of documents including tax records of my parents as my parents sent money to my bank and I put it in revolut to spend eveyday as it shows the categories and everything. When I stopped giving to their replies of ridiculous documents 3 months after they stopped replying   I complained to the local complaints authority and they ended yo giving my money back after 6 months and then closed my account filed a case against them and won 6000 aud as compensation,elementxd,2,2025-06-09 16:05:07,Revolut,Reddit
mx5v62x,1l44wil,Never rely on Revolut: how I fell for their modern interface and convenience – and ended up locked out of all my money,"the real solution to any story - never keep your money in one place, it apply even to local bank, well reputable bank and so on. All of them could eventually for any reason block the account, and in the most wrong moment in your live. But there are really a small chance that they would do that at the same time. 

PS . The only thing which would not block your account are 3L jar, everything else are prone to regulations as such as to random lockouts",hapylestat,2,2025-06-11 08:37:52,Revolut,Reddit
mw7cvs7,1l44wil,Never rely on Revolut: how I fell for their modern interface and convenience – and ended up locked out of all my money,"Regardless of what the story is, Revolut feels entitled to freeze a customer's account indefinitely without recourse. For all we know, it could take months, if not years to get his money back. Because there are no branches or people to speak to, they're feel no pressure to release the funds in a timely manner, which is what I think the point the op is making.",NoSmarter,3,2025-06-05 21:57:17,Revolut,Reddit
mw8esxl,1l44wil,Never rely on Revolut: how I fell for their modern interface and convenience – and ended up locked out of all my money,OP is a bot creating fake stories for engagement. Case closed,Particular-Sport-627,3,2025-06-06 01:27:43,Revolut,Reddit
mw7jk33,1l44wil,Never rely on Revolut: how I fell for their modern interface and convenience – and ended up locked out of all my money,This story has Way to many plot holes.,panda_kc,2,2025-06-05 22:30:14,Revolut,Reddit
mw8sy58,1l44wil,Never rely on Revolut: how I fell for their modern interface and convenience – and ended up locked out of all my money,"“Victims of scam” should be the one unbanked. These victims act negligently and will point fingers to anyone and everyone in hope of recovering their scammed funds. 

These victims waste a lot of public resources and is a malice to the society. Those who have anything  to do with them will suffer under the current system.

There ought to be a publicly known list of scammed victims , so innocent people can check and avoid dealing or anything remotely to do with them. To avoid being embroiled in their folly.",AdImpressive5490,2,2025-06-06 02:53:21,Revolut,Reddit
mwa2xb3,1l44wil,Never rely on Revolut: how I fell for their modern interface and convenience – and ended up locked out of all my money,How much was the total bill?got a receipt?,nu-am,1,2025-06-06 08:43:51,Revolut,Reddit
mwa4haf,1l44wil,Never rely on Revolut: how I fell for their modern interface and convenience – and ended up locked out of all my money,"I don’t understand the story 😭 Been reading this thread for 20 minutes trying to understand 🥴 

OP meets someone at dinner, pays for the dinner and the person he meets lets call her Sarah pays OP back using her Revtag. Let’s say her revtag is Sarah123. He receives the exact amount (€280) via Sarah123 on Revolut. 

OP’s account get blocked. My first question: Why did OP reach out to Sarah123 on Revolut? Why specifically her, like did Revolut mention that this transaction was suspicious? 

Here’s the part I really don’t understand:

He reaches out to Sarah123 on Revolut and she claims she doesn’t know who he is and she was buying shoes. But you can’t have two people with the same revtag, and if he actually met Sarah in real life and got the money immediately, then there’s no way there are 2 people? Because you can’t have 2 identical revtags. So either Sarah is lying for some reason or…idk what else but it’s really weird. Also, in real life when Sarah sent the money during the dinner did she say to OP ‘hey I just sent it’ or give some verbal confirmation? Like idk about you guys but if I was in person sending money to someone I would just say something when I send it like ‘it’s done’ or something.",PutuniaWillSun,1,2025-06-06 08:59:14,Revolut,Reddit
mwa95f0,1l44wil,Never rely on Revolut: how I fell for their modern interface and convenience – and ended up locked out of all my money,"The real lesson of the story: don't lend money to strangers.

You got scammed by someone you've just met and given her money. She could have reported the transaction (and technically scam you) with any other bank, and achieved the same outcome. Hardly a Revolut specific thing.",medmihaly,1,2025-06-06 09:47:02,Revolut,Reddit
mwa9iuf,1l44wil,Never rely on Revolut: how I fell for their modern interface and convenience – and ended up locked out of all my money,"Mate this is on you. Ive been using Revolut for about 3-4 years now, transactions exceeding 200k. Highest received was 20k without any issues. Sent over 20k to other accounts as well including some of my own, never any issues. You or the girl have done something stupid over 270 bucks, seems like she is the fraudster.",theycallmekimpembe,1,2025-06-06 09:50:44,Revolut,Reddit
mwa9ptq,1l44wil,Never rely on Revolut: how I fell for their modern interface and convenience – and ended up locked out of all my money,"Joke's on them, I owe them money",imthemfe,1,2025-06-06 09:52:42,Revolut,Reddit
mwaa5c8,1l44wil,Never rely on Revolut: how I fell for their modern interface and convenience – and ended up locked out of all my money,A student with limited resources and only this bank account and paying for Ultra?,Krieg,1,2025-06-06 09:57:04,Revolut,Reddit
mwap3uz,1l44wil,Never rely on Revolut: how I fell for their modern interface and convenience – and ended up locked out of all my money,"Bror hos is not Revolut, you got scammed by the girl.",navendeus,1,2025-06-06 12:12:38,Revolut,Reddit
mwbubnl,1l44wil,Never rely on Revolut: how I fell for their modern interface and convenience – and ended up locked out of all my money,"A few questions: 

So you dont know this girl or anything about her? Is she also a student?

Why did you pay the bill for everyone? Are you all at the same university?

Were you trying to impress them or did they see you coming?

The mistake you made was paying the bill for a stranger(s) and then expecting them to pay you back directly into your only bank account. 

You are only meant to do that with friends and family - if you completely trust them. Never give your bank details to someone you have just met.",X75029,1,2025-06-06 16:09:02,Revolut,Reddit
mwd1p2v,1l44wil,Never rely on Revolut: how I fell for their modern interface and convenience – and ended up locked out of all my money,How are u a student and can afford ultra,LowOk7052,1,2025-06-06 19:37:35,Revolut,Reddit
mwmewxi,1l44wil,Never rely on Revolut: how I fell for their modern interface and convenience – and ended up locked out of all my money,""" I even upgraded to an Ultra subscription and moved all my money there, leaving behind my outdated local banks.""

Linking your Revolut account to your 'outdated' local bank gives you much more credibility and trust. 
Subscription, even the most expensive one is just a subscription for the service nothing to do with your account.
Know Your Customer"" (KYC) is a process where financial institutions verify the identity and other details of their clients to prevent financial crimes and ensure compliance with regulations. By all means you have no other bank to back up your image and accountability, whatever Lithuanians  decide to do with you they will do as they please.",PasaPea,1,2025-06-08 08:45:34,Revolut,Reddit
mwmzbzj,1l44wil,Never rely on Revolut: how I fell for their modern interface and convenience – and ended up locked out of all my money,"Revolut is doing the same moves as PayPal and fraudsters know it . I got a case where someone got scammed(she thought someone will help her to do crypto investments ) and they asked her to open a revolut account.

The fraudsters then asked her to charge the revolut account to send them the money.

When the scam was discovered, we asked revolut to freeze the funds and chargeback but they closed her account.

Fraudsters are now safe of any chargeback , and she cannot even recover a cent of it.",Economy-Interview-64,1,2025-06-08 12:06:12,Revolut,Reddit
mwnadq6,1l44wil,Never rely on Revolut: how I fell for their modern interface and convenience – and ended up locked out of all my money,Thank you for sharing your story. This assures my choice to just use the account for virtual credit cards and keep it at that.,Ptdksl,1,2025-06-08 13:32:43,Revolut,Reddit
mwoab33,1l44wil,Never rely on Revolut: how I fell for their modern interface and convenience – and ended up locked out of all my money,"Story from other side - I have just purchased car for xxxxx euros and this was few days after i was transfering xxxx euros. Not a single problem. Five figure transaction to car dealer was done in literally second.


Traditional bank would probably call me why I am transfering so much money - it happened before when I was moving 3000 GBP from lloyds - got a phone call about the transaction like I was guilty of moving my money around LOL.",LegendaryJohnny,1,2025-06-08 16:55:19,Revolut,Reddit
o0gd0js,1qgop36,Revolut Blocked 30.000€,"Ok bank person here,  not Revolut but one of the other major banks.

30k EUR.  Have you sent this kind of amount before ?

The typical scenario here is,  account holder has average cash in and out is 5k EUR (let’s say),   Customer makes a one off large payment which is outside of their normal spending habits.   
The bank at this point is obligated to review that within its risk framework.   You may not know it but your account could have inadvertently set off anti money laundering controls.
I.e,  you received 30k,  or even 15k.  Then quickly requested transfer to another account.

2nd scenario,   The transfer isn’t within your normal habits,  the value warranted a further “look” into the situation.

3rd scenario,  the moneys origin cannot be verified.   Banks only have to comply with sanctions evasion,  ppl moving money between accounts to people/companies that are in sanctioned countries.

You will never truly know because the bank won’t tell you.   A big misconception here is the “it’s my money”,  true but you deposited it into the financial system which is regulated.  Fraud, money laundering,  sanctions evasions are rife.  I’m guessing you have fell into one of these pots.

If the transfer is genuine and you arnt part of a dodgy scheme. It will go ahead with time",Professional-Net5350,64,2026-01-19 10:25:14,Revolut,Reddit
o0e3jhz,1qgop36,Revolut Blocked 30.000€,"The same but because of 1k. They act like it's their money now. Idk what to do, pray I guess",oyavlenie,42,2026-01-19 00:45:47,Revolut,Reddit
o0g4er9,1qgop36,Revolut Blocked 30.000€,"They just be flagging everything as a fraud at this point, it’s a fintech which is used for smaller transactions. In my case they blocked 4300 PLN (~1017 eur) and held it for 3 weeks for security reasons. They let it go at some point after fight with customer support but it’s slow and annoying.",ez______,5,2026-01-19 09:03:48,Revolut,Reddit
o0n8av1,1qgop36,Revolut Blocked 30.000€,"The problem is not with the KYC / anti-money laundering laws.  The problem is with the “neobanks” that have outsourced all of their customer support / KYC / security checks to AI bots.

This works just fine 80% of the time — but if you are transferring an unusually large sum due to exceptional circumstances (employment / insurance settlement, inheritance, or even just selling off legitimate investments or consolidating accounts) — then you are, by definition, in the 20% that bots will probably never be able to handle.  

Because the one thing bots will never have is common sense.  They only know what they’re told (and then they make up what they don’t know).

This is the kind of thing that common sense would solve in less than 10 minutes: ID verification, followed by a discussion of the situation and therefore the documents needed to verify the legitimate source of funds, email address or upload link to send scans of the documents, and then a few minutes to review them (again by a real human).

Never trust your money to the bots. If you can’t get a real human being to help you in person, on the phone or via a video call, then it’s not the place to put your nest egg.",Helena_Clare,3,2026-01-20 10:36:56,Revolut,Reddit
o0gcwyh,1qgop36,Revolut Blocked 30.000€,"And people here defend them mentioning their trash ""terms of service"". Digital banks don't respect laws, that's all.",Intrepid-Routine-875,2,2026-01-19 10:24:18,Revolut,Reddit
o0f2art,1qgop36,Revolut Blocked 30.000€,"Well without knowing the history and details of your friend who knows. But I have in past had every bank I have ever used block transactions when it is different than in the past. 

I have a few accounts that only ever recieve and send money to my other account. They routinely get blacked when I transfer money back to myself. 

I only have them as a emergency account, or when I am over the insurance limit. 

When you find the perfect bank let me know!",bedel99,3,2026-01-19 03:59:09,Revolut,Reddit
o0fixqv,1qgop36,Revolut Blocked 30.000€,"I had a 29k tax return sent back to tax office! Now I have been trying 2 months to get the tax office to pay it again…

Revolut gave me two weeks to get some paper work from the tax office for this. Good luck with that. Chatted with a Revolut robot first, which is a total waste of time, and finally got a person, who at first said there is no such money on my account. Finally admitted that yes, but what is the problem, it has been returned to the sender. Yeah, no kidding…

I tried to argue that yes, they need to make sure it is all legit, but if the sender clearly is HMRC they could hold on to the money and  give me some time to sort put some paper work. 

I now have paper work, but no money…",mikkopai,4,2026-01-19 05:56:15,Revolut,Reddit
o0erlbe,1qgop36,Revolut Blocked 30.000€,"You learn a valuable lesson today. Do not ever give financial advice, even when asked.",Thisismyotheracc420,11,2026-01-19 02:56:55,Revolut,Reddit
o0ewgq4,1qgop36,Revolut Blocked 30.000€,Why on earth would you suggest it's a good platform to invest on?,Todd_H_1982,5,2026-01-19 03:23:29,Revolut,Reddit
o0fnc7o,1qgop36,Revolut Blocked 30.000€,"Yep, same reason I stopped using Revolut. I had to make a payment of 10k and they did the same. Clearly they don’t have enough employees, so they locked my money for more than a week because nobody could verify my selfie.

Luckily I had other money in another account and I managed to pay with that.

Since then, I didn’t renew my metal subscription and withdraw all my money ",Klutzy_Audience_8194,2,2026-01-19 06:31:34,Revolut,Reddit
o0g13es,1qgop36,Revolut Blocked 30.000€,"I use Revolut and Wise like pay as you go, to not expose my main bank cards. Few hundred € at a time, use all, rinse and repeat. Would never trust them as main banking and as others have mentioned, they don't do pretty much anything a normal bank can't do. Sending 10-30k plus is monkey brain move",Hefty-Key5349,1,2026-01-19 08:32:34,Revolut,Reddit
o0g22q1,1qgop36,Revolut Blocked 30.000€,I had no issues with similar amounts in Revolut in 8 years. But my wife’s main bank once blocked her funds for a week for no visible reason at some point,Icy-Yard6083,1,2026-01-19 08:41:46,Revolut,Reddit
o0g3ruv,1qgop36,Revolut Blocked 30.000€,"I had my account closed receiving a 50k end of year bonus from my employer. 

Took months to sort out (was 5 years ago, but I there were still humans in support at the time).

OTOH funds were returned within 48h.",alextakacs,1,2026-01-19 08:57:48,Revolut,Reddit
o0gcl9e,1qgop36,Revolut Blocked 30.000€,I use revolut the last 3 years. Never had a problem. But if I ever do I will contact either my national bank or the bank of Lithuania about it. Then everything will take it's course. Don't just cross your hands and post on Reddit.,Sorolop_The_Great,1,2026-01-19 10:21:18,Revolut,Reddit
o0gfsoy,1qgop36,Revolut Blocked 30.000€,Revolut is horrible. Stopped using them last year after they blocked me from sending money to a crypto exchange telling me it's a scam. Who the hell do you think you are telling me where I can spend my money ?? ,VarietyBusy3864,1,2026-01-19 10:50:38,Revolut,Reddit
o0gjo2t,1qgop36,Revolut Blocked 30.000€,"I am currently using revolut to hold my funds I got from selling old clothes etc. online. I have invested the money in stocks and I use Revolut since they have this once a month free transaction and I am not aware of any similar platform that offers free purchases. I have currently amassed 3k to my account, do you suggest that I stop what I'm doing and switch to some other service?",Opsaer,1,2026-01-19 11:24:59,Revolut,Reddit
o0glq3e,1qgop36,Revolut Blocked 30.000€,Bitcoin is the solution.,Impossible_Try_1985,1,2026-01-19 11:42:26,Revolut,Reddit
o0gueoy,1qgop36,Revolut Blocked 30.000€,When you asking for problems you get problems,Few-Driver-9,1,2026-01-19 12:48:50,Revolut,Reddit
o0h2vqx,1qgop36,Revolut Blocked 30.000€,"""xD"" this in ur post means u think this is a joke",MugiwarraD,1,2026-01-19 13:42:12,Revolut,Reddit
o0hda3l,1qgop36,Revolut Blocked 30.000€,All I can say Avici card is the way dm me if anyone is interested in a R E F F E R A L,mrsatoshii,1,2026-01-19 14:38:55,Revolut,Reddit
o0hdb70,1qgop36,Revolut Blocked 30.000€,All I can say Avici card is the way dm me if anyone is interested in a R E F F E R A L,mrsatoshii,1,2026-01-19 14:39:04,Revolut,Reddit
o0hdc49,1qgop36,Revolut Blocked 30.000€,"They with held my salary once,but I provided the info and in five minutes the transfer was made ",BornWinner4574,1,2026-01-19 14:39:12,Revolut,Reddit
o0hi9tm,1qgop36,Revolut Blocked 30.000€,"Don’t put high amounts on Revolut. 

I recommend you use it for spending only.",jdcjdc,1,2026-01-19 15:04:08,Revolut,Reddit
o0hmrf0,1qgop36,Revolut Blocked 30.000€,Clear cache and delete app and reinstall,CautiousPen5606,1,2026-01-19 15:25:54,Revolut,Reddit
o0hv5ry,1qgop36,Revolut Blocked 30.000€,"I've been using Revolut with no problem since 2018, but reading all these stories makes me want to close the account. I used to keep 50k+ there, now because of all the stories I only keep 4k there. For people who travel frequently for work, like me, Revolut is convenient. But it seems the moment you have a problem with them, you go from convenient straight to hell.",FourEyeRaven,1,2026-01-19 16:04:05,Revolut,Reddit
o0i60ky,1qgop36,Revolut Blocked 30.000€,Revolut is trash,Weary-Quarter-3436,1,2026-01-19 16:52:39,Revolut,Reddit
o0idc7s,1qgop36,Revolut Blocked 30.000€,"You have got to let time take its course for the transfer, this is also a safe guard for your funds against fraud. Next time transfer 5k at a time.",WhySoMuchSaga,1,2026-01-19 17:25:51,Revolut,Reddit
o0j0sq7,1qgop36,Revolut Blocked 30.000€,"Fuck banks.
Bitcoin all the way.",YouQQWhenIQ,1,2026-01-19 19:10:01,Revolut,Reddit
o0j7yw7,1qgop36,Revolut Blocked 30.000€,"I can understand why they blocked it. Such transactions are usually for business transactions which isn't allowed with a revolut personal account. Therefore, if this was linked in any way to a product or services based transaction they can hold the money even if you have proof. 

It might also be worth checking whether the money came from a business account as that can play a role.",TodayLoose7794,1,2026-01-19 19:42:58,Revolut,Reddit
o0jlc7g,1qgop36,Revolut Blocked 30.000€,Does he have portuguese iban? Will there be imposto de selo related to the transfer?,Successful_Title_236,1,2026-01-19 20:45:21,Revolut,Reddit
o0kum4s,1qgop36,Revolut Blocked 30.000€,"My bank does the same. Not revolut one, but it takes like 1-3 working days and only id its first time receiver. Its normal for the amount to be blocked fir a bit but yeah i get it 7 days is pushing it

Dont panic and perhaps contact an expert on day 8",PetrisCy,1,2026-01-20 00:35:54,Revolut,Reddit
o0kyyjz,1qgop36,Revolut Blocked 30.000€,30k is a lot. My trad bank won't let me transfer more than 10k without a phone call so this isn't surprising.,FIGHTorRIDEANYMAN,1,2026-01-20 00:59:12,Revolut,Reddit
o0l2szh,1qgop36,Revolut Blocked 30.000€,"I have said this many times before, anyone who recommend Revolut and then got blocked and holding money deserved it! It is almost a crime to recommend this scam company to anyone. Revolut is NOT a bank. And they will do anything just to get the banking license, including screwing any so-called ""customers"". Then do the IPO, and sell it. That's their end game. You want to be a part of it, fine, but don't drag anyone into this mess.",Funny-Fools,1,2026-01-20 01:20:36,Revolut,Reddit
o0l78kk,1qgop36,Revolut Blocked 30.000€,It's for your own good. You have no idea the extent of fraud and social engineering these days to steal money. Your money will be transferred or unlocked at some point.,Remarkable-One100,1,2026-01-20 01:45:08,Revolut,Reddit
o0llsuj,1qgop36,Revolut Blocked 30.000€,3 Revolut hours = 3 months or donation to Revolut.,Tulex,1,2026-01-20 03:04:41,Revolut,Reddit
o0lnsha,1qgop36,Revolut Blocked 30.000€,"You will have your money back or the transfer in those 7 days, but until then a trade broker will use your 30k to make some cash that is all",Square_Somewhere_420,1,2026-01-20 03:15:44,Revolut,Reddit
o0mrix0,1qgop36,Revolut Blocked 30.000€,Hahahaha you dont know where revolut comes from right? 🤣🤣,BehxhetGanja,1,2026-01-20 07:59:58,Revolut,Reddit
o0n333q,1qgop36,Revolut Blocked 30.000€,"This is unfortunately very common with Revolut and other neobanks when a transfer is large or outside the account’s usual pattern. It’s an automated AML/compliance trigger — support agents genuinely can’t override it, which is why they sound useless.

A few things that actually help:

• Upload clear source-of-funds documents (bank statements, savings history, investment/salary proof).

• Respond only inside the app — emails or social media usually slow reviews.

• Don’t retry, split, or cancel the transfer; that often resets or extends the review.

• If the review goes beyond 7 business days, submit a formal complaint in-app to escalate to compliance.

In most cases the funds are released or returned once review finishes, but it can take days. Lesson learned: keep large balances and big transfers with a traditional bank, and use Revolut mainly for day-to-day spending.",Every_Stomach8804,1,2026-01-20 09:48:53,Revolut,Reddit
o0ovkqb,1qgop36,Revolut Blocked 30.000€,Yes i have had a big problem they are cancelling my Account on the 12 February telling i am not handling my Bank account well i am report tthem to the Ombudsman and my Solicitors,Equivalent_Noise6754,1,2026-01-20 16:28:57,Revolut,Reddit
o0ovuj1,1qgop36,Revolut Blocked 30.000€,Idk about Revolut-&gt; helps if you inform the bank perhaps via app that a bigger amount will go in or out and why / what for.,Newbie_here_,1,2026-01-20 16:30:11,Revolut,Reddit
o0oyr0x,1qgop36,Revolut Blocked 30.000€,"Looks like fraud system for illegal money, you will be asked prob declaration of funds the origin of funds and proof those funds for example bank statement from where those money were deposited and sent",RemoteExpression6972,1,2026-01-20 16:43:40,Revolut,Reddit
o0p3bfo,1qgop36,Revolut Blocked 30.000€,"It's very normal, if this is a newish bank account and you deposit €30k in it, it's an immediate red flag that will need to be investigated by revolut. This happened to me once, I've been using revolut for around 8 years now, best decision I ever did, when I deposited 15k in it to purchase a vehicle I needed to verify, yes it took around 1 week but once everything was completed never had the same issue ever again when uploading such amounts",Odd_Ad6354,1,2026-01-20 17:04:47,Revolut,Reddit
o0phdkm,1qgop36,Revolut Blocked 30.000€,Hi. Can you send me 20 € ? I have no money,Plus_Picture3012,1,2026-01-20 18:09:30,Revolut,Reddit
o0powqb,1qgop36,Revolut Blocked 30.000€,"EU killed cash and now are killing wire transfers and are making the banks the police. - safety tip, dont transfer more than 2500 every 24 hours. Also they are clamping down on crypto exchanges",mdbgh,1,2026-01-20 18:43:19,Revolut,Reddit
o0psdro,1qgop36,Revolut Blocked 30.000€,"They did the same thing to me today, it’s already the 6th day with €53,000 blocked. This is a business account, invoices between companies, and they’ve never done this to me before. Yet, I often transfer amounts like this.
Since yesterday, I found the private number of the Head of Belgium &amp; France, who supposedly escalated the issue. I received an email, and tomorrow I’m going to England to meet the Head of Compliance. I got his number too
I’m not going to let this situation slide, it’s unacceptable. With this chatbot, tomorrow will mark 7 days.",greenshad0ow,1,2026-01-20 18:58:43,Revolut,Reddit
o0puh4a,1qgop36,Revolut Blocked 30.000€,If you can't prove that you make the money then you're fucked.,Effective_Alarm_5526,1,2026-01-20 19:08:00,Revolut,Reddit
o0q3btj,1qgop36,Revolut Blocked 30.000€,"Don’t worry, happened many times to me, Revolut is a cunt they block the transfers and the acc whenever they’re pleased too and there is no one to talk to. 
You have to supply whatever they ask like statements etc and answer all ridiculous questions, they’ll get you the money back or release the transfer as long as long legit. Might be next day or more though.",Independent_Tank955,1,2026-01-20 19:48:59,Revolut,Reddit
o0qcvx6,1qgop36,Revolut Blocked 30.000€,"Trust me it's a stupid way of doing it but it works 

Ask someone to call and talk like Revolut guys and record that conversation let's try this call they tried to scam you 

Upload your experience with this phone call and Revolut management will fix it immediately",sravanforu143,1,2026-01-20 20:33:32,Revolut,Reddit
o0qfjnw,1qgop36,Revolut Blocked 30.000€,update me in 5 days,djokastoteskoka,1,2026-01-20 20:45:49,Revolut,Reddit
o0r5v2l,1qgop36,Revolut Blocked 30.000€,Took me 6 weeks to get my account unblocked. I had flagged the transaction in advance and also sent proof of the transaction. Absolute joke of a company ,Illustrious_Lake_775,1,2026-01-20 22:50:49,Revolut,Reddit
mxwurbl,1lbzqgx,How Revolut repeatedly restricted access to my salary and deposit for no reason and how their employers humiliated me with endless AI generated answers!,Revolut is great until it is not,mrHakuro,57,2025-06-15 15:18:18,Revolut,Reddit
mxx06za,1lbzqgx,How Revolut repeatedly restricted access to my salary and deposit for no reason and how their employers humiliated me with endless AI generated answers!,"The lack of communication of Revolut on such cases and low quaility of their support is the reason I start slowly reducing my holdings in Revolut.

I never was blocked and I plan not to be, but those posts raises red flags, and I slowly reducing my money pile.",amarao_san,28,2025-06-15 15:48:23,Revolut,Reddit
mxxzq0c,1lbzqgx,How Revolut repeatedly restricted access to my salary and deposit for no reason and how their employers humiliated me with endless AI generated answers!,This is scary. I was about to entrust them with being my primary source for depositing my income. Won't be doing that after reading all these posts.,freddysinger,8,2025-06-15 18:51:47,Revolut,Reddit
my0owj9,1lbzqgx,How Revolut repeatedly restricted access to my salary and deposit for no reason and how their employers humiliated me with endless AI generated answers!,"A lot of people stating that this is normal practice because of EU regulations etc. Well, they're kind of correct but the difference between Revolut and other banks is how it's dealt with.

I used to trade crypto, buying in one currency and selling in another. This meant I had a high rotation of funds going through my bank accounts. It's not illegal but it certainly puts your head above the parapet and exposes you to scrutiny. I don't trade anymore because banks just hate dealing with it.

Anyways. My UK bank would block my account and send me an email with a phone number to call. I'd have a chat with their fraud department, confirm a bunch of details and occasionally send them proof of transactions. All done over the phone or through a few emails and account back on line within a couple of hours.

Revolut might as well message you a middle finger emoji. Their customer service is just horrendous. I'd be messaging them telling them I have all the documents and proof of transactions but they'd say 'we have all the information we need' without ever asking me for details. It'll take days or weeks etc etc.

They blocked and closed my account once after they screwed me over with a payment refund. I had to go to the Ombudsman and they ruled in my favour. One of the main points of the investigation was that Revolut should have just spoken to me and given me the chance to send them proof. They had to refund me my money plus compensation.

I just wouldn't trust them with any money that I couldn't afford to lose for a few weeks.",Rusty-Knife,8,2025-06-16 04:05:35,Revolut,Reddit
mxx09gr,1lbzqgx,How Revolut repeatedly restricted access to my salary and deposit for no reason and how their employers humiliated me with endless AI generated answers!,"I am in a similar position although fortunately the bulk of my money is not with Revolut. No timeline, no explanation, no information - just a seemingly indefinitely restricted bank account. I can't even close it which is all I want to do now.",Due-Caterpillar-3911,7,2025-06-15 15:48:45,Revolut,Reddit
mxwrutx,1lbzqgx,How Revolut repeatedly restricted access to my salary and deposit for no reason and how their employers humiliated me with endless AI generated answers!,"Sorry, just saw now that some text parts were cut. This is part 2: On May 7, 2025, agent Tamkin told me I needed to resubmit the documents and sent me a link — but that link opened a message saying “We’re already reviewing your documents,” confirming that the documents had already been submitted and were under review.
• Also on May 7, agent Jake said: “We haven’t received the required documents yet,” contradicting both the app status and the previous message.
• On the same day, agent Suzanna stated: “You have provided all necessary documents. They are under review. It usually takes 3 business days,” even though by then more than 5 weeks had passed since I submitted them.
• On May 9, agent Muhammad once again said “we haven’t received your documents” — despite Suzanna’s confirmation just two days earlier that everything had been received and was being processed.
• On May 13, agent Anastasia told me I had full access and that “documents have been received”, yet at that time I still couldn’t access my account or make any transactions.
• During the support session on May 17, agents Grace and Jimmy informed me that “the verification is still ongoing” and “we have no estimated timeline,” even though the documents had been submitted over 45 days prior.

All of these responses were inconsistent, repetitive, and showed no real analysis of my case. The interactions were dominated by automated messages, sent mechanically, with no agent reviewing the full chat history or checking the actual account status.",TheTriPolarBear,3,2025-06-15 15:01:31,Revolut,Reddit
mxwkpoc,1lbzqgx,How Revolut repeatedly restricted access to my salary and deposit for no reason and how their employers humiliated me with endless AI generated answers!,my golden rule is to never use banks with no physical branches as my primary bank. amex is probably the only financial institution without branches that i have a full trust in.,cikuliss,30,2025-06-15 14:17:32,Revolut,Reddit
mxwry2c,1lbzqgx,How Revolut repeatedly restricted access to my salary and deposit for no reason and how their employers humiliated me with endless AI generated answers!,"And 3: My interactions with the Revolut support team were overwhelmingly automated, incoherent, and lacked real engagement. No agent truly analyzed the situation of my account, and all I received were generic, script-based replies. Every time I requested clear explanations or asked for escalation, I was met with the same copy-paste replies — sometimes even contradictory — and no one took responsibility for reviewing my case.

At present, I have no access to my money, cannot receive my salary, and cannot use my account for the essential needs of daily life. This situation has deeply affected me: I have lost countless nights trying to resolve this issue via Revolut’s chat, and my psychological stress level is extremely high. I live each day with a sense of helplessness and financial insecurity, which affects my sleep, focus, and overall well-being.",TheTriPolarBear,7,2025-06-15 15:02:02,Revolut,Reddit
my1mizb,1lbzqgx,How Revolut repeatedly restricted access to my salary and deposit for no reason and how their employers humiliated me with endless AI generated answers!,Bot customer service should be illegal for financial businesses,BillyBobby_Brown,3,2025-06-16 08:48:51,Revolut,Reddit
mxwwj4d,1lbzqgx,How Revolut repeatedly restricted access to my salary and deposit for no reason and how their employers humiliated me with endless AI generated answers!,Why you didn't change bank ?,sub_RedditTor,3,2025-06-15 15:28:18,Revolut,Reddit
mxx57nd,1lbzqgx,How Revolut repeatedly restricted access to my salary and deposit for no reason and how their employers humiliated me with endless AI generated answers!,"Hi, 

I think this is a common issue with revolut, id say the best option is for the moment try to get an overdraft from any other bank account or use your credit card for the sake of your sanity. 

And for the future, never use revolut to store money or get earnings straight to revolut. I learnt this through all the complaints made on this subreddit. Only use revolut to spend money. I just add the exact or similar amounts when i need to spend it (for the Revpoints and using disposable cards online)",Animagus69,3,2025-06-15 16:15:08,Revolut,Reddit
mxym2n3,1lbzqgx,How Revolut repeatedly restricted access to my salary and deposit for no reason and how their employers humiliated me with endless AI generated answers!,I'm so glad I was warned beforehand to never use it for salary.,Star_king12,3,2025-06-15 20:46:47,Revolut,Reddit
mxz7nhb,1lbzqgx,How Revolut repeatedly restricted access to my salary and deposit for no reason and how their employers humiliated me with endless AI generated answers!,"I would never use Revolut for anything over a few hundred euros. I'm simply never going to trust a ""bank"" that doesn't have branches that I can just walk into. The only character that matters, whether a person or a party, is their character during a crisis. And the last thing I want in a crisis is an AI loop and no human contact.",PhatsterEnhancedXray,3,2025-06-15 22:40:12,Revolut,Reddit
my4yk6v,1lbzqgx,How Revolut repeatedly restricted access to my salary and deposit for no reason and how their employers humiliated me with endless AI generated answers!,Happened to me as well. Idk what's up with their bank these days. Waiting for some other digital bank to show up,EpicusGamer,2,2025-06-16 20:47:09,Revolut,Reddit
mynsyya,1lbzqgx,How Revolut repeatedly restricted access to my salary and deposit for no reason and how their employers humiliated me with endless AI generated answers!,"Revolut(and actually most of these exchange/transfer services difficult to deal with. They are pseudo banks, financial services entities that couldn’t make it to real bank status",StarCurrent1064,2,2025-06-19 17:56:47,Revolut,Reddit
mynw1ny,1lbzqgx,How Revolut repeatedly restricted access to my salary and deposit for no reason and how their employers humiliated me with endless AI generated answers!,"Just to be fair and give them due credit a lot of this has to do with money, laundering, etc. due diligence to prevent abuse. The problem is it’s easy for their systems to flag normal transactional activities and that’s when the problems begin. I’ve been there unfortunately.",StarCurrent1064,2,2025-06-19 18:11:54,Revolut,Reddit
mxxop16,1lbzqgx,How Revolut repeatedly restricted access to my salary and deposit for no reason and how their employers humiliated me with endless AI generated answers!,"You should use revolt as an auxiliary account for travel, holiday, shopping  live and online , not for stocking up funds or some long term savings accounts ,normally 2-3k is the highest I can go on Revolut, because I know if I would have issues with them there’s no office I can personally meet them and complain about my funds",Ok-Instruction7281,3,2025-06-15 17:56:27,Revolut,Reddit
mxx4pms,1lbzqgx,How Revolut repeatedly restricted access to my salary and deposit for no reason and how their employers humiliated me with endless AI generated answers!,"We're not seeing the full picture here. Something triggered the review again. Repeated very large transactions, unexplained incoming or outgoing money to suspicious accounts. OP can claim a lot here, but provides no details about his transactions. While this is certainly all very annoying, we're only seeing one side of the story.

I worked for a bank (not Revolut) for several years, and it's perfectly normal for them not to disclose details about such processes. These are internal procedures that are none of the customer's business and have a legal basis. I am aware that this is always extremely stressful for customers, but no bank would reveal details here",Cheap_Treacle9937,2,2025-06-15 16:12:29,Revolut,Reddit
mxx3r48,1lbzqgx,How Revolut repeatedly restricted access to my salary and deposit for no reason and how their employers humiliated me with endless AI generated answers!,"https://preview.redd.it/3dkuwu1cw37f1.jpeg?width=1290&amp;format=pjpg&amp;auto=webp&amp;s=ea433199252ff2ca3d72d40d3bbf7058880de796

This is a part of last night conversation that proves that they received my documents since April 2 at least, they don’t need any others and after 3 months they didn’t even opened those fckin pdf’s….",TheTriPolarBear,1,2025-06-15 16:07:28,Revolut,Reddit
mxzgkck,1lbzqgx,How Revolut repeatedly restricted access to my salary and deposit for no reason and how their employers humiliated me with endless AI generated answers!,"Sorry they’ve been giving you the runaround since April 2nd, and you’re still using them? Why didn’t you immediately open up an account with another bank? That seems mad to me?",ihideindarkplaces,1,2025-06-15 23:31:27,Revolut,Reddit
mxzh61h,1lbzqgx,How Revolut repeatedly restricted access to my salary and deposit for no reason and how their employers humiliated me with endless AI generated answers!,I prefer this bank 100 times than bullshit Nordea.,WonderHaunting6523,1,2025-06-15 23:35:02,Revolut,Reddit
my40x8k,1lbzqgx,How Revolut repeatedly restricted access to my salary and deposit for no reason and how their employers humiliated me with endless AI generated answers!,Those experiences show me - never be a customer of Revolut or TradeRepublic,Mr-Douglas,1,2025-06-16 18:09:07,Revolut,Reddit
my8e1ge,1lbzqgx,How Revolut repeatedly restricted access to my salary and deposit for no reason and how their employers humiliated me with endless AI generated answers!,"Serves you right!

You are just a slave in a colony, you must only work and when you feel tired you must work harder, else Putin will get you.",drgala,1,2025-06-17 10:05:20,Revolut,Reddit
myb3wkc,1lbzqgx,How Revolut repeatedly restricted access to my salary and deposit for no reason and how their employers humiliated me with endless AI generated answers!,"Why would you even make Revolut your salary account, is beyond me",a_roy,1,2025-06-17 19:25:15,Revolut,Reddit
myoovd4,1lbzqgx,How Revolut repeatedly restricted access to my salary and deposit for no reason and how their employers humiliated me with endless AI generated answers!,Are you Romanian? I am Romanian too. I think Revolut is profiling based on country.,Few_Scale_8742,1,2025-06-19 20:40:57,Revolut,Reddit
n3nq6wz,1lbzqgx,How Revolut repeatedly restricted access to my salary and deposit for no reason and how their employers humiliated me with endless AI generated answers!,u/TheTriPolarBear did you fixed your issue or did they banned your account?,XdekHckr,1,2025-07-17 17:39:03,Revolut,Reddit
mxxr5s1,1lbzqgx,How Revolut repeatedly restricted access to my salary and deposit for no reason and how their employers humiliated me with endless AI generated answers!,Se putea si mai rau! Au blocat recent contul firmei de la care tre sa primesc in jur de 15k si ceva.,VlaDxC,1,2025-06-15 18:08:51,Revolut,Reddit
my01d7t,1lbzqgx,How Revolut repeatedly restricted access to my salary and deposit for no reason and how their employers humiliated me with endless AI generated answers!,Why do people continue with this sad excuse of a bank? Sign up with a real bank,Moist-Ninja-6338,1,2025-06-16 01:35:56,Revolut,Reddit
mxwkw07,1lbzqgx,How Revolut repeatedly restricted access to my salary and deposit for no reason and how their employers humiliated me with endless AI generated answers!,what is your source of income tbh,Ok_Button_4991,0,2025-06-15 14:18:39,Revolut,Reddit
mxwi7on,1lbzqgx,How Revolut repeatedly restricted access to my salary and deposit for no reason and how their employers humiliated me with endless AI generated answers!,They can’t provide an explanation.,bedel99,-2,2025-06-15 14:01:14,Revolut,Reddit
mxwqqdh,1lbzqgx,How Revolut repeatedly restricted access to my salary and deposit for no reason and how their employers humiliated me with endless AI generated answers!,"Not to be the devils advocate, but that’s not their fault. It’s the AML directive they have to follow. This happens with any bank, physical or not. Why on earth would they decline business, think about it for a second",Thisismyotheracc420,-2,2025-06-15 14:54:50,Revolut,Reddit
mxxj3tt,1lbzqgx,How Revolut repeatedly restricted access to my salary and deposit for no reason and how their employers humiliated me with endless AI generated answers!,"I am not using revolut anymore since I sent someone money by mistake, they had the account blocked, we both asked revolut to send me my money back and they said it was impossible . We reacted in a matter of seconds after I made the transfer . Thank you very much, I’m staying with a real bank",Southern_Pangolin549,0,2025-06-15 17:27:54,Revolut,Reddit
mxygvsq,1lbzqgx,How Revolut repeatedly restricted access to my salary and deposit for no reason and how their employers humiliated me with endless AI generated answers!,"When it comes to banks then it's never ""just for no reason"". There is always a reason, whether you like it or not",Efficient_Bench_1559,0,2025-06-15 20:20:10,Revolut,Reddit
mxymihe,1lbzqgx,How Revolut repeatedly restricted access to my salary and deposit for no reason and how their employers humiliated me with endless AI generated answers!,"Another one, this subreddit is full of this. Just use normal bank, Revolut is scam and not trustworthly at all..",OkTry9715,0,2025-06-15 20:49:05,Revolut,Reddit
mx2dott,1l869dl,Revolut &lt;18 app isnt working on ios 26 developer beta?,Roll back to ios 18,nortonec,2,2025-06-10 19:52:01,Revolut,Reddit
mx2omph,1l869dl,Revolut &lt;18 app isnt working on ios 26 developer beta?,"I mean if you updated your OS to DEVELOPER beta right after announce, you should be aware of risks etc. so either you should wait for an update, or roll back to iOS18.",connoccon,2,2025-06-10 20:44:14,Revolut,Reddit
mze1v5t,1l869dl,Revolut &lt;18 app isnt working on ios 26 developer beta?,beta 2 is now out. Does this fix the issue or does the revolut app need an update?,anth_85,2,2025-06-23 21:08:08,Revolut,Reddit
mx3amk4,1l869dl,Revolut &lt;18 app isnt working on ios 26 developer beta?,Yeah I have the same problem so I went back to iOS 18.5,OziXShadoW,1,2025-06-10 22:28:25,Revolut,Reddit
mx3asw7,1l869dl,Revolut &lt;18 app isnt working on ios 26 developer beta?,Can you say it to me when the problem is fix please ,OziXShadoW,1,2025-06-10 22:29:17,Revolut,Reddit
mx3rzda,1l869dl,Revolut &lt;18 app isnt working on ios 26 developer beta?,Shocker,AbJeCt2nd,1,2025-06-11 00:00:37,Revolut,Reddit
mx6s9wv,1l869dl,Revolut &lt;18 app isnt working on ios 26 developer beta?,yh it completely crashes upon login attempt,BOGSCAM,1,2025-06-11 13:23:32,Revolut,Reddit
mx8pq5b,1l869dl,Revolut &lt;18 app isnt working on ios 26 developer beta?,Yep same for me,Safe-Steak1565,1,2025-06-11 19:10:41,Revolut,Reddit
mxcak9c,1l869dl,Revolut &lt;18 app isnt working on ios 26 developer beta?,Yeh same,Money-Income8532,1,2025-06-12 08:05:03,Revolut,Reddit
mxd7sgh,1l869dl,Revolut &lt;18 app isnt working on ios 26 developer beta?,Same,After_Database_7697,1,2025-06-12 13:03:26,Revolut,Reddit
mxdn0tu,1l869dl,Revolut &lt;18 app isnt working on ios 26 developer beta?,Yeah same,Willing_Impact1102,1,2025-06-12 14:34:29,Revolut,Reddit
mxe1uf1,1l869dl,Revolut &lt;18 app isnt working on ios 26 developer beta?,Same,ImmediateCustard8112,1,2025-06-12 15:49:26,Revolut,Reddit
mxemljk,1l869dl,Revolut &lt;18 app isnt working on ios 26 developer beta?,Same with my 14 old boy . My one works perfectly fine,MimiKo0,1,2025-06-12 17:28:04,Revolut,Reddit
mxesqlp,1l869dl,Revolut &lt;18 app isnt working on ios 26 developer beta?,sameee,Skidll,1,2025-06-12 17:57:42,Revolut,Reddit
mxfmu8w,1l869dl,Revolut &lt;18 app isnt working on ios 26 developer beta?,Same here,Expert-Club-3757,1,2025-06-12 20:18:16,Revolut,Reddit
mxhcb5d,1l869dl,Revolut &lt;18 app isnt working on ios 26 developer beta?,Same,Actual_Act6571,1,2025-06-13 01:43:48,Revolut,Reddit
mxiogdp,1l869dl,Revolut &lt;18 app isnt working on ios 26 developer beta?,Same,Pepepopi123,1,2025-06-13 07:11:13,Revolut,Reddit
mxix9lu,1l869dl,Revolut &lt;18 app isnt working on ios 26 developer beta?,also Revolut Business is crashing on login screen,tle0601,1,2025-06-13 08:34:42,Revolut,Reddit
mxizfc6,1l869dl,Revolut &lt;18 app isnt working on ios 26 developer beta?,Also have the same problem,Plastic_Obligation_2,1,2025-06-13 08:56:26,Revolut,Reddit
mxl5r5n,1l869dl,Revolut &lt;18 app isnt working on ios 26 developer beta?,I also have the same problem,jagsb17,1,2025-06-13 17:23:17,Revolut,Reddit
mxlygn5,1l869dl,Revolut &lt;18 app isnt working on ios 26 developer beta?,This is happening to me as well,Loose-Management7988,1,2025-06-13 19:38:59,Revolut,Reddit
mxnkkxl,1l869dl,Revolut &lt;18 app isnt working on ios 26 developer beta?,same,Electronic_Read411,1,2025-06-14 00:42:46,Revolut,Reddit
mxp9lx4,1l869dl,Revolut &lt;18 app isnt working on ios 26 developer beta?,Same here I cannot login it crashes,Unhappy_Baseball8898,1,2025-06-14 07:42:11,Revolut,Reddit
mxpujxi,1l869dl,Revolut &lt;18 app isnt working on ios 26 developer beta?,My app will not open at all and I already tried deleting it and reinstalling,No-Ask-454,1,2025-06-14 11:10:37,Revolut,Reddit
mxpxd3t,1l869dl,Revolut &lt;18 app isnt working on ios 26 developer beta?,same here,Frequent_Film_1078,1,2025-06-14 11:37:35,Revolut,Reddit
mxq5egg,1l869dl,Revolut &lt;18 app isnt working on ios 26 developer beta?,Yeah same,BenitsunBGB,1,2025-06-14 12:44:38,Revolut,Reddit
mxq7f89,1l869dl,Revolut &lt;18 app isnt working on ios 26 developer beta?,Same it’s annoying,No-Still3440,1,2025-06-14 12:59:38,Revolut,Reddit
mxqt7wc,1l869dl,Revolut &lt;18 app isnt working on ios 26 developer beta?,Same here,Cultural_Rhubarb7298,1,2025-06-14 15:18:46,Revolut,Reddit
mxqxgm7,1l869dl,Revolut &lt;18 app isnt working on ios 26 developer beta?,same here,SVJ_55Hun,1,2025-06-14 15:41:45,Revolut,Reddit
mxrm2r4,1l869dl,Revolut &lt;18 app isnt working on ios 26 developer beta?,Revolut needs a fix for this,DecisionOdd4579,1,2025-06-14 17:50:44,Revolut,Reddit
mxrnu2s,1l869dl,Revolut &lt;18 app isnt working on ios 26 developer beta?,Same here…,mlltIsDeadInside,1,2025-06-14 17:59:44,Revolut,Reddit
mxsp02o,1l869dl,Revolut &lt;18 app isnt working on ios 26 developer beta?,Same Here too,NzT_EZ,1,2025-06-14 21:16:36,Revolut,Reddit
mxwrh79,1l869dl,Revolut &lt;18 app isnt working on ios 26 developer beta?,same problem how i can solve it?,youdontfwme,1,2025-06-15 14:59:15,Revolut,Reddit
mxy3ato,1l869dl,Revolut &lt;18 app isnt working on ios 26 developer beta?,i have this issue with revolut too,Zakku41214,1,2025-06-15 19:09:54,Revolut,Reddit
my2mess,1l869dl,Revolut &lt;18 app isnt working on ios 26 developer beta?,"My younger son also encountered the same problem, unfortunately",PrimoDavide,1,2025-06-16 13:54:19,Revolut,Reddit
my7fank,1l869dl,Revolut &lt;18 app isnt working on ios 26 developer beta?,Same here,Ethanprogamer37,1,2025-06-17 04:52:59,Revolut,Reddit
my8yvp4,1l869dl,Revolut &lt;18 app isnt working on ios 26 developer beta?,I have the same problem,divadul,1,2025-06-17 13:00:40,Revolut,Reddit
my916t3,1l869dl,Revolut &lt;18 app isnt working on ios 26 developer beta?,i have the same issue too.,httpssxt4rnn,1,2025-06-17 13:15:58,Revolut,Reddit
my92n70,1l869dl,Revolut &lt;18 app isnt working on ios 26 developer beta?,i got the same :((,JuiceNo4259,1,2025-06-17 13:25:17,Revolut,Reddit
mybma15,1l869dl,Revolut &lt;18 app isnt working on ios 26 developer beta?,"same problem,could do with some help",LivingYou3743,1,2025-06-17 20:52:25,Revolut,Reddit
mybmhtx,1l869dl,Revolut &lt;18 app isnt working on ios 26 developer beta?,"I have the same problem ,could do with your help 

thank you",LivingYou3743,1,2025-06-17 20:53:24,Revolut,Reddit
myeujl7,1l869dl,Revolut &lt;18 app isnt working on ios 26 developer beta?,Same it keeps crashing ,Less-Customer262,1,2025-06-18 08:57:05,Revolut,Reddit
myfo6jz,1l869dl,Revolut &lt;18 app isnt working on ios 26 developer beta?,They made an update but it doesn’t fix iy,DecisionOdd4579,1,2025-06-18 13:09:32,Revolut,Reddit
myg4t2y,1l869dl,Revolut &lt;18 app isnt working on ios 26 developer beta?,same unfortunately,askzxe,1,2025-06-18 14:45:31,Revolut,Reddit
myq11no,1l869dl,Revolut &lt;18 app isnt working on ios 26 developer beta?,Yep mine isn’t just keeps crashing out on me after like 2s please get this solved quickly revolute update app to be compatible with iOS 26,Electronic_Remote272,1,2025-06-20 00:50:57,Revolut,Reddit
myq48oz,1l869dl,Revolut &lt;18 app isnt working on ios 26 developer beta?,Same!,Few_Load_4202,1,2025-06-20 01:09:34,Revolut,Reddit
mys48yc,1l869dl,Revolut &lt;18 app isnt working on ios 26 developer beta?,I have the same problem. What i have to do?,ser_cri,1,2025-06-20 09:59:25,Revolut,Reddit
o1yqljk,1qnv75a,Revolut are threatening to block my account over €75 I received.,"I think it is ungenuine not to include your and your friend's citizenship in the post, if both of you are Russians.

Revolut has been having restrictions for Russians for some time now, and it is nothing new.

I find it interesting that it is not the first post like that in this sub. A Russian person has problems with an account and nobody understands why, because crucial information about citizenship is omitted in the post. 

I don't want to argue which policy towards Russians should be applied, however in case of Revolut it is pretty obvious that *anything* may trigger the compliance, if you are Russian. It is not a typical case and not representative for 99% of other people. It is better to use traditional banks then.",TomCormack,109,2026-01-27 05:16:37,Revolut,Reddit
o1wxkl1,1qnv75a,Revolut are threatening to block my account over €75 I received.,"Super unusual that they are looking for you to provide documents from your freiend, the funds should have been frozen prior to crediting your account snd they should have opened a RFI directly with your friends bank  if they suspected issues with the source of the funds, Revolut should be dealing directly with the remitting bank for this info, them even getting you to provide information regarding your friend could potentially be viewed as tipping off, as in cases like this banks should never give away the reason why they opened the investigation.",Cillian_Dub,5,2026-01-26 23:12:41,Revolut,Reddit
o1zqryu,1qnv75a,Revolut are threatening to block my account over €75 I received.,If Revolut was a country it would be a nightmare dystopian dictatorship. Do yourself a favour and close your account. There are a lot of options on the market these days.,VarietyBusy3864,7,2026-01-27 10:27:02,Revolut,Reddit
o1zhx4c,1qnv75a,Revolut are threatening to block my account over €75 I received.,are you Russian is your friend Russian?,bedel99,9,2026-01-27 09:05:32,Revolut,Reddit
o1wuhfo,1qnv75a,Revolut are threatening to block my account over €75 I received.,Post this on twitter. It will be fixed in hours,unrealaz,11,2026-01-26 22:57:12,Revolut,Reddit
o1z0s0x,1qnv75a,Revolut are threatening to block my account over €75 I received.,Where are you based?,digitalmahdi,2,2026-01-27 06:34:00,Revolut,Reddit
o1x1fmg,1qnv75a,Revolut are threatening to block my account over €75 I received.,"I cat  belive reading those comments like closing account over 75 sent over. I did thousands of transactions crypto, deferent country's name it I did it. I have normal revolute card, no business no nothing fancy, first card that, they offer when they started doing business. I really do feel sorry for you guys.",bambucha888,3,2026-01-26 23:32:22,Revolut,Reddit
o1z63ic,1qnv75a,Revolut are threatening to block my account over €75 I received.,"At this stage, close the account yourself and go to a better bank. I wonder why people bank with this stupid bank!",Cold_Arachnid_2617,4,2026-01-27 07:17:56,Revolut,Reddit
o1z7gjt,1qnv75a,Revolut are threatening to block my account over €75 I received.,Are they really so incompetent? They’re asking you to provide bank documents of your friend? That would violate like 100 laws about privacy and sensitive information.,Klutzy_Audience_8194,3,2026-01-27 07:29:43,Revolut,Reddit
o1yte70,1qnv75a,Revolut are threatening to block my account over €75 I received.,"If this happens to me I would spread this story over all social media and close the account myself. 

All this bullshit over 75€. I understand they want to be compliant, but this is nonsense.",ser-0415,3,2026-01-27 05:36:48,Revolut,Reddit
o1wqeby,1qnv75a,Revolut are threatening to block my account over €75 I received.,"Your friend did a shady thing obtaining that money.

He ""cant generate a statement"" proves it. He used a stolen card or some sort of shady crypto. He cant show the trn on his bank as he doesnt have it.

My bank keeps records for i dont know... 10 years mb.  I can also download all type of pdfs and statements.",Sunrise1912,4,2026-01-26 22:37:37,Revolut,Reddit
o1wqkb1,1qnv75a,Revolut are threatening to block my account over €75 I received.,This posts are useless.,Cautious_Mine2337,2,2026-01-26 22:38:24,Revolut,Reddit
o1z3rld,1qnv75a,Revolut are threatening to block my account over €75 I received.,Yes they are playing a strange game these days and loads of issues especially o the trading platform stocks and money disappearing for eeeks in end Infact most of December and same reply we are working on it,Fuzzy_Command5761,2,2026-01-27 06:58:28,Revolut,Reddit
o1zs3tg,1qnv75a,Revolut are threatening to block my account over €75 I received.,I see so many of thesen posts. They don\`t make sense. I often receive amounts like this from revolut without any issue. You think everytime someone sends or receives a small sum their account is getting blocked. My account has never been blocked. I use it alll the time for transfering small amounts although bigger than the one mentioned. there\`s always dome detail left out in these posts. If Revolut is so bad why does anyone use it. I\`m happy with it.,Potential_Try_2193,2,2026-01-27 10:38:46,Revolut,Reddit
o1yr2zf,1qnv75a,Revolut are threatening to block my account over €75 I received.,To be blunt open another account immediately. These newer banks have very poor fraud systems that leads to silly situations like this. Get 2 or 3 other accounts and avoid keeping much money in them.,bourton-north,3,2026-01-27 05:19:59,Revolut,Reddit
o1zhz0l,1qnv75a,Revolut are threatening to block my account over €75 I received.,"Hello there.   
  
We're sorry to hear about your experience and would like to look into your case in more detail. We've sent you a DM to find out more.



We can't always disclose the exact reason your account is restricted, but you can learn more about why Revolut may need to restrict accounts here: https://www.revolut.com/blog/post/why-does-revolut-restrict-accounts/. 



At Revolut, customer protection and compliance with financial regulations are top priorities. This can sometimes mean taking necessary actions - like restricting accounts - in line with our policies and legal obligations.



Please check your inbox when you have a moment - we can't discuss this publicly for security reasons, but will look into your case for you as soon as we can.",RevolutSupport,1,2026-01-27 09:06:01,Revolut,Reddit
o202bgz,1qnv75a,Revolut are threatening to block my account over €75 I received.,"Revolut have very low-risk appetite because they are huge. This means that they can basically do whatever they want and if they find a transaction suspicious, it’s not even worth it for them to keep your account. I’d suggest you take your money out as soon as you can and move it elsewhere. I am personally using Cepheus Pay, they rarely flag transactions and if they do, they have a very helpful customer support team, that actually helps you get things done. You can try some other EMIs of similar size too. Just remember the bigger the financial institution, the lower the risk appetite.",Leonid_Spartanskiy,1,2026-01-27 12:01:30,Revolut,Reddit
o204lxm,1qnv75a,Revolut are threatening to block my account over €75 I received.,I’m afraid they will shut you down I got shut down over £10 I was sent for a share of a meal they wanted to see a written agreement bonkers! I provided everything they asked for but couldn’t give a contract so it was deemed I wasn’t able to carry on. All their support seems to be mostly chat bots.,Foreign-Ingenuity751,1,2026-01-27 12:18:02,Revolut,Reddit
o205r07,1qnv75a,Revolut are threatening to block my account over €75 I received.,same thing happened to me you cant do anything revolut is bad company very ill minded idk why they did same with me and they closed mine and said i cannot use revolut ever even i got written from the police i had nothing to do i am clear but silly company never ever i recommend revolut to any one  just use wise much better good customer relations,Maleficent-Bee3011,1,2026-01-27 12:25:57,Revolut,Reddit
o207fwi,1qnv75a,Revolut are threatening to block my account over €75 I received.,"&gt;Revolut are threatening

No, they are not threatening you, they are simply informing you that if you cannot verify this transfer, they may have to close your account; therefore, this could be considered money laundering.

&gt;... **friend of mine** from outside the EU visited me    
...  
he sent me his share back. €75   
...  
I choose ""gift"".  
...  
I didn't even remember his **last name** at the time.

So you received €75 from an unknown person and chose ""gift"" as the reason. That's all we can see. Your argument that he is your friend is fine, but if you don't know the person's name, from other people's perspective he looks more like a stranger to you.

&gt;They keep requesting documents and information that they should already have

They don't have the data, so they request it. 

&gt;Is this normal, or is Revolut just like this?

Every bank is like this, if you were caught by a KYC check.  Maybe with another bank, you have bigger chance to talk to a person, not to an AI agent. 

If you really have evidence of this, I suggest you file a [formal complaint](https://help.revolut.com/en-IE/help/more/legal-topics/how-do-i-complain/) in which you can explain your situation, and you'll get a human review.  In addition, you can refer the outcome of the complaint handling process to the regulator, which actually expects Revolut to carry out these checks.",willyhun,1,2026-01-27 12:37:26,Revolut,Reddit
o207tws,1qnv75a,Revolut are threatening to block my account over €75 I received.,This is what happens when governments put too much in the hands of the banks..,ThatAncientPerson,1,2026-01-27 12:40:01,Revolut,Reddit
o20rcf0,1qnv75a,Revolut are threatening to block my account over €75 I received.,Now i am concerned myself because i am going to send my rent money to my dad soon after he paid it for me in advance. Do i have to worry? My dad's account is registered to france. Mine is to finland,nineghost_onion,1,2026-01-27 14:27:31,Revolut,Reddit
o22owfs,1qnv75a,Revolut are threatening to block my account over €75 I received.,"your country invaded another country, hope those 75€ pay for a few hot meals in Ukraine",vdzla,1,2026-01-27 19:34:24,Revolut,Reddit
o22wfp1,1qnv75a,Revolut are threatening to block my account over €75 I received.,"Suuure, buddy. I doubt this is the full story.",ollsss,1,2026-01-27 20:07:52,Revolut,Reddit
o233vaw,1qnv75a,Revolut are threatening to block my account over €75 I received.,All bullshit,Ambitious_Egg_7504,1,2026-01-27 20:41:43,Revolut,Reddit
o28ednv,1qnv75a,Revolut are threatening to block my account over €75 I received.,Ok,Nizikrul,1,2026-01-28 15:51:26,Revolut,Reddit
o29jwvu,1qnv75a,Revolut are threatening to block my account over €75 I received.,Banks are Tossers they blocked me and Monzo they are terrible nowadays,Double_Fix8600,1,2026-01-28 18:50:24,Revolut,Reddit
o2axa1v,1qnv75a,Revolut are threatening to block my account over €75 I received.,Bro it’s was not youre friend,CoupleNo4864,1,2026-01-28 22:28:36,Revolut,Reddit
o2dm9aq,1qnv75a,Revolut are threatening to block my account over €75 I received.,This is everyday on this sub. Why do people still use rev 😂,J_dizzle86,1,2026-01-29 08:34:09,Revolut,Reddit
o2dvumm,1qnv75a,Revolut are threatening to block my account over €75 I received.,"How everyone tries to justify such a behavior. What did he do wrong for being Russian? He is not I charge to tell Putin to start or stop a war. Same goes for you guys, if your president would do stupid stuff you can’t do anything about it. If we follow this logic almost no country would be allowed to have a Revolut account lol. Started with USA and ended with Israel. Wake up guys, you are brainwashed holy fak.",No-Elderberry-9477,1,2026-01-29 10:04:06,Revolut,Reddit
o2eaynw,1qnv75a,Revolut are threatening to block my account over €75 I received.,"Doing you a favour, switch banks",maxr_09,1,2026-01-29 12:07:38,Revolut,Reddit
o2era7c,1qnv75a,Revolut are threatening to block my account over €75 I received.,Why do you use that trash app? It is for idiots.,GreatFly3861,1,2026-01-29 13:47:23,Revolut,Reddit
o2fd7d6,1qnv75a,Revolut are threatening to block my account over €75 I received.,"I've only been in this sub for couple of days but have read  nothing but horror stories, is Revolut really that bad",OkResponsibility7210,1,2026-01-29 15:35:17,Revolut,Reddit
o2gy2wl,1qnv75a,Revolut are threatening to block my account over €75 I received.,Good. You should be banned. Keep your rubles.,blingvajayjay,1,2026-01-29 19:52:33,Revolut,Reddit
o2k8n5i,1qnv75a,Revolut are threatening to block my account over €75 I received.,Just say it was a random ladyboy and you did not want to go into specifics and ask beyond the initial gratification that's your answer,Erikonthehill,1,2026-01-30 07:02:49,Revolut,Reddit
o2kcxg6,1qnv75a,Revolut are threatening to block my account over €75 I received.,"If you are in Europe, you can contact dpo@revolut.com that's their Data protection Officer email. And request a copy of your personal data, including account details and transactions.",shogunMJ,1,2026-01-30 07:39:13,Revolut,Reddit
o2lqp4f,1qnv75a,Revolut are threatening to block my account over €75 I received.,I love Revolut BUT remember - nothing more than beer money - it’s ridiculous - a trad bank will always have your back,1urk3r88,1,2026-01-30 13:59:25,Revolut,Reddit
o2m96ma,1qnv75a,Revolut are threatening to block my account over €75 I received.,It is normal - because you are Russian,demansj,1,2026-01-30 15:29:31,Revolut,Reddit
o2mqpdj,1qnv75a,Revolut are threatening to block my account over €75 I received.,Füçk Putin! Stop war in Ukraine!,Dangerous_Daikon_175,1,2026-01-30 16:47:55,Revolut,Reddit
o2v6r3a,1qnv75a,Revolut are threatening to block my account over €75 I received.,I closed my account with them due to their absolutely horrendous customer service.  Even closing the account was like torture. I'm sorry you have to go through this.,abcplaneta,1,2026-01-31 22:07:08,Revolut,Reddit
o1zo29e,1qnv75a,Revolut are threatening to block my account over €75 I received.,Russians being russians.,Intrepid-Routine-875,1,2026-01-27 10:02:41,Revolut,Reddit
o1z4nez,1qnv75a,Revolut are threatening to block my account over €75 I received.,"I though the right to privacy was an important one.
They want to know your friend’s full name &amp; what did you do with him.

The government control in Europe / UK is getting out of hand…",danielfd83,1,2026-01-27 07:05:47,Revolut,Reddit
o20h4kz,1qnv75a,Revolut are threatening to block my account over €75 I received.,"Use [reclamaciones@revolut.com](mailto:reclamaciones@revolut.com) for official request.

Btw, waiting for skull measurements, eye-angle inspections, and other “visual marker” checks in KYC. Totally normal.",r3nya,1,2026-01-27 13:34:50,Revolut,Reddit
o20kc2a,1qnv75a,Revolut are threatening to block my account over €75 I received.,"I read the title thinking a guy got the usual runaround of 75 euro and revolut blocked him and now im in a debate on the Russian war from the comments based on the posters nationality. 

The guys a Russian big deal, yeah sanctions and stuff but like revolut blocking this guys account over his russian mate sending him 75 euro isnt going to cause a great Russian revolution and overthrow the president.

telling him to get your president to stop or your country is doing x and you should do this, its just pointless. The West isn't punishing the ordinary russian citizens. That's just a side effect of circumstance but the main reason was to reduce revenue income for the russian government to fund the war.

 Totally appreciate for the action op explained to actually happen sanctions would have to broken considering Russian banks aren't connected with swift anymore so money would need to be routed through 3rd parties and if they have reason to suspect it'll put your transaction under a microscope and if its traced as a Russian source its red flags and grounds for termination but why not just explain this to op

OP If your a settled Russian in another country with residency then open a local bank account, funnel money through the local account and get salary / wages paid into too. Essentially wipe out your russian account from any fund tracing and youll not have any problems. Have your friends visiting square up debt before they leave you in future. Him sending you money from a russian source probably caused flags it was russian business and working around sanctions and no payment institution wants the fines",Ok_Sea8929,0,2026-01-27 13:51:41,Revolut,Reddit
o1wp63l,1qnv75a,Revolut are threatening to block my account over €75 I received.,Someone filed a chargeback?,ptfuzi,0,2026-01-26 22:31:48,Revolut,Reddit
o1za1qr,1qnv75a,Revolut are threatening to block my account over €75 I received.,"This is definitely not a normal behaviour! Even as bad as Revolut, it's not normal. Are you absolutely sure this is from Revolut?? Sounds like a scam to me.",Funny-Fools,0,2026-01-27 07:52:48,Revolut,Reddit
o2023h5,1qnv75a,Revolut are threatening to block my account over €75 I received.,"**Definition of discrimination (UN / OHCHR):**  
The UN Human Rights Office (OHCHR) defines discrimination as “any distinction, exclusion, restriction or preference or other differential treatment” that is based (directly or indirectly) on prohibited grounds, and that has the intention or effect of nullifying or impairing the equal enjoyment/exercise of human rights and fundamental freedoms in any field of public life.

Source: OHCHR - *Guidance Note for Implementation of Survey Module on SDG Indicator 16.b.1 &amp; 10.3.1 (Discrimination)*, **page 5, section 5** (“What is discrimination and harassment?”).  
PDF: [https://www.ohchr.org/Documents/Issues/HRIndicators/SDG\_Indicator\_16b1\_10\_3\_1\_Guidance\_Note%20.pdf](https://www.ohchr.org/Documents/Issues/HRIndicators/SDG_Indicator_16b1_10_3_1_Guidance_Note%20.pdf?utm_source=chatgpt.com)",Anar1on,-1,2026-01-27 11:59:51,Revolut,Reddit
o1x2zwd,1qnv75a,Revolut are threatening to block my account over €75 I received.,"Often I think people here must be retards.

I know my banking app only shows the last 3 months, but I can call the bank and ask them for at least five years of their records.",ruyrybeyro,-6,2026-01-26 23:40:31,Revolut,Reddit
mmfxgoa,1jw68cr,Revolut Is Withholding $500k—Should I Sue?,"Good luck bro, pretty shitty situation to find yourself in especially after double checking!",AzLoMax,111,2025-04-10 20:36:56,Revolut,Reddit
mmgolqk,1jw68cr,Revolut Is Withholding $500k—Should I Sue?,"My 2 cents on all of this after reading your comments (if I understand your problem correct) is that you are/were trying to do a large international transfer and then another quick transfer. That will get flagged by every possible bank and country in the process... And doing it through a Fintech bank that has a history of freezing people's accounts for a few dollars. That just got fined 3.5 or so billion euros for not being strict enough with their checks for stuff like this. And then wondering why it was a problem? 

You basically did the number 1 thing they are watching for to happen for money laundering, antiterrorism laws etc. AND now you told them you're doing it. ie: to get around Robinhoods policies that are in place to prevent illegal stuff from happening. 

They're not allowed to tell you why your money is held. It's under investigation. A lawsuit won't help much at this point. A lawyer may speed things up, depending on your accounts country. But most likely your money will be held up for months, best case.",Talon-Expeditions,66,2025-04-10 22:51:56,Revolut,Reddit
mmfz26k,1jw68cr,Revolut Is Withholding $500k—Should I Sue?,See it as a friendly favour from Revolut. Since you're using a fintech bank to wire a half million to RH.,Mediocre-Ad1831,24,2025-04-10 20:45:02,Revolut,Reddit
mmg7kau,1jw68cr,Revolut Is Withholding $500k—Should I Sue?,Please don't use robinhood,hl2oli,9,2025-04-10 21:25:31,Revolut,Reddit
mmiweij,1jw68cr,Revolut Is Withholding $500k—Should I Sue?,Same old story just use Revolut for moving small amounts of money and excellent when on holidays abroad. Never had one single problem with Revolut. But I just sold an apartment for quite a lot of money but the money was transferred into my bricks and mortar bank 🏦. Remember if there is ever a problem you can just walk into your bank and sit down and talk to somebody and resolve the issue there and then,Outrageous_Duty_8738,9,2025-04-11 08:03:24,Revolut,Reddit
mmfvmhp,1jw68cr,Revolut Is Withholding $500k—Should I Sue?,Yeah good luck with that😅next time use a real bank for big amounts.,Mental_Beautiful1109,31,2025-04-10 20:27:43,Revolut,Reddit
mmhifag,1jw68cr,Revolut Is Withholding $500k—Should I Sue?,"Dont put more then 1000 in revolut, they freeze money all the time.",Abject_Coast4188,12,2025-04-11 01:44:55,Revolut,Reddit
mmgb8ou,1jw68cr,Revolut Is Withholding $500k—Should I Sue?,My friend has had a similar experience with a large 6 figure amount too.,oneletter2shor,5,2025-04-10 21:43:26,Revolut,Reddit
mmip1xv,1jw68cr,Revolut Is Withholding $500k—Should I Sue?,I cried for 100€ lost because of Revolut while bro has 500k on hold ,PresentLeading3102,6,2025-04-11 06:50:44,Revolut,Reddit
mmjjwq2,1jw68cr,Revolut Is Withholding $500k—Should I Sue?,"You have 500k$ and would pay for a traditional bank?
Just don't use Revolut for this much money. They are a budget option and flag accounts quicker and close them to avoid intense monitoring of suspicious bank accounts.

You could have chosed a traditional bank a pay a little fees (compared to 500k$) and avoided this.",Aggravating_Reality1,6,2025-04-11 12:01:56,Revolut,Reddit
mmiwerd,1jw68cr,Revolut Is Withholding $500k—Should I Sue?,"Oh? You mean to tell me that en employee of a financial institution has lied and mislead you resulting in a severe impact to your finances?

Wehehel, my good sir, you now have grounds to sue.

Please do eveything in your power to bankrupt them into non existance or sue for so many damages they are forced to make you a major shareholder. Please fix revolut for everyone xD",GenetikGenesiss,4,2025-04-11 08:03:28,Revolut,Reddit
mmjco47,1jw68cr,Revolut Is Withholding $500k—Should I Sue?,"yes. i ll do the same, they have my accounts still blocked even after the authority that issued the blockade sent them 2 emails on 25.03.2025, alongside with the discharge letter, to stop the action. they don t care, and they are lying that they don t have any mail. but the authority showed me the sent email where it can be seen clearly that wassent on 25.03.2025 to [support@revolut.com](mailto:support@revolut.com) the same mail where they sent the request for block.

  
i ve already contacted a lawyer",oldchamp1,3,2025-04-11 10:55:55,Revolut,Reddit
mmjcxml,1jw68cr,Revolut Is Withholding $500k—Should I Sue?,sue them for sure,Brb9N,4,2025-04-11 10:58:30,Revolut,Reddit
mmkhc0c,1jw68cr,Revolut Is Withholding $500k—Should I Sue?,So they are basically threatening you not to complain.,Typical-Demand5702,4,2025-04-11 15:28:53,Revolut,Reddit
mmg04mn,1jw68cr,Revolut Is Withholding $500k—Should I Sue?,Am I missing something or there is no 500k confirmation in any of the screenshots?,w8eight,11,2025-04-10 20:50:17,Revolut,Reddit
mmjskv5,1jw68cr,Revolut Is Withholding $500k—Should I Sue?,Using revolut is your first mistake. Never use any of these fraudlent ‘banking’ apps you can setup within a day; I guarantee your money will be locked in the account and you won’t be able to retrieve it for ages. Revolut will claim fraudlent activities and that’s all they need to do to lock your money and keep it,Slow_Estimate_7206,3,2025-04-11 13:06:33,Revolut,Reddit
mmjzege,1jw68cr,Revolut Is Withholding $500k—Should I Sue?,"I believe, the company is 100% responsible for their AI-generated answer. If you can sue them, do it.",amarao_san,3,2025-04-11 13:51:11,Revolut,Reddit
mmg64dv,1jw68cr,Revolut Is Withholding $500k—Should I Sue?,Wow. Glad I closed my account before actually using it!,IanS_Photo,7,2025-04-10 21:18:29,Revolut,Reddit
mmgfkvi,1jw68cr,Revolut Is Withholding $500k—Should I Sue?,They tied up $2k on a international transfer for two months. Customer support made me quit using this for large sums. ,playtrix,2,2025-04-10 22:04:42,Revolut,Reddit
mmiwa1t,1jw68cr,Revolut Is Withholding $500k—Should I Sue?,that's because of the market state,vikkiruurou,2,2025-04-11 08:02:08,Revolut,Reddit
mml7oxu,1jw68cr,Revolut Is Withholding $500k—Should I Sue?,did they ask for any documents on the source of the funds? or simply refused to transfer anything over 100k $?,DuePercentage1580,2,2025-04-11 17:38:56,Revolut,Reddit
mmram07,1jw68cr,Revolut Is Withholding $500k—Should I Sue?,That's scary as. Wonder if you guys have had some scandals over there that spread the word. Wouldn't have known if I didn't go searching and find this myself.,dronefinder,2,2025-04-12 17:46:43,Revolut,Reddit
mmtiu0x,1jw68cr,Revolut Is Withholding $500k—Should I Sue?,Any brokerage account can pull money from a bank account including revolut. That would avoid you having to send it and therefore avoid the issue,YMNY,2,2025-04-13 01:22:02,Revolut,Reddit
mmfuzma,1jw68cr,Revolut Is Withholding $500k—Should I Sue?,Revolut isn’t a real bank… why would you use it for moving sums of money that large?,itchynipnips,6,2025-04-10 20:24:40,Revolut,Reddit
mmfxyvz,1jw68cr,Revolut Is Withholding $500k—Should I Sue?,"You can sue. However, even if you win, would the ""winnings"" outweigh the investment made. Given the fact that Rev is LT based, a potential suit could drag on, hence draining money",FreJuve,1,2025-04-10 20:39:29,Revolut,Reddit
mmg04r5,1jw68cr,Revolut Is Withholding $500k—Should I Sue?,I prefer wise for transactions,usernameincomplet_,1,2025-04-10 20:50:18,Revolut,Reddit
mmgsqaz,1jw68cr,Revolut Is Withholding $500k—Should I Sue?,"side question, are you moving to usa from canada? and if so, can i pm you with a couple questions?",spaceblacked,1,2025-04-10 23:14:35,Revolut,Reddit
mmiy59h,1jw68cr,Revolut Is Withholding $500k—Should I Sue?,Yes,FriendlyStory7,1,2025-04-11 08:21:18,Revolut,Reddit
mmj33lh,1jw68cr,Revolut Is Withholding $500k—Should I Sue?,Complain to their regulator first. It’s free and might speed things up. I doubt that suing will get the money out sooner.,NordicJesus,1,2025-04-11 09:14:15,Revolut,Reddit
mmj72od,1jw68cr,Revolut Is Withholding $500k—Should I Sue?,Sue them in to a oblivion..,sub_RedditTor,1,2025-04-11 09:57:12,Revolut,Reddit
mmj9329,1jw68cr,Revolut Is Withholding $500k—Should I Sue?,"i'm waiting for the next thread on reddit ""revolut frozen my account with 10 million dollars, watimgonnado?""",edivad,1,2025-04-11 10:18:50,Revolut,Reddit
mmjbvmn,1jw68cr,Revolut Is Withholding $500k—Should I Sue?,Revolut business would help. But there’s a limit per month for sure of transfers out.,StatisticianIcy2712,1,2025-04-11 10:48:02,Revolut,Reddit
mmjnvfm,1jw68cr,Revolut Is Withholding $500k—Should I Sue?,"lol. Legal action for 60 bucks a day for a maybe 5 day delay?

Have you checked what a good lawyer costs ?",IndependenceNo5288,1,2025-04-11 12:33:08,Revolut,Reddit
mmju7bs,1jw68cr,Revolut Is Withholding $500k—Should I Sue?,"hospital husky plant brave merciful reach act tart cable languid

 *This post was mass deleted and anonymized with [Redact](https://redact.dev/home)*",johnnysgotyoucovered,1,2025-04-11 13:17:38,Revolut,Reddit
mmkrfwf,1jw68cr,Revolut Is Withholding $500k—Should I Sue?,Had a similar issue wanted to use revolut to purchase an apartment in japan but the limit per transaction was 6k usd . Had to move it to my different bank by transferring 28 times,donNNASD,1,2025-04-11 16:19:00,Revolut,Reddit
mmlhcve,1jw68cr,Revolut Is Withholding $500k—Should I Sue?,"U guys are also a bit missinformed about revolut ai chat system. When u start chatting immediatly type; Connect me to live agent, then the ai is gonna say can i try and help u blablabla, type again , connect to a live agent. Only then ask questions.",True2828,1,2025-04-11 18:26:00,Revolut,Reddit
mmltnvl,1jw68cr,Revolut Is Withholding $500k—Should I Sue?,My efforts to purchase a house almost fell through because they held up an €80K SEPA instant bank transfer for 3 weeks over AML concerns. I have had a Revolut account for 5 years now and decided to use them over a traditional bank to transfer the deposit. because my traditional banks here don’t support same day transfers. Big mistake.,imemeabletimes,1,2025-04-11 19:26:40,Revolut,Reddit
mmmiip5,1jw68cr,Revolut Is Withholding $500k—Should I Sue?,"Do not be so rich then😂 sorry for not helping, tried to make business account, provided all documents and more (everything is good) they refused.",Hapuhoor1,1,2025-04-11 21:33:17,Revolut,Reddit
mmmoz4q,1jw68cr,Revolut Is Withholding $500k—Should I Sue?,How they able to keep ECB licence for years then 🤔.,piedpiperz,1,2025-04-11 22:06:46,Revolut,Reddit
mmp8rz7,1jw68cr,Revolut Is Withholding $500k—Should I Sue?,Surly only likely if one is doing something shady? This whole chat is rather scary really.,dronefinder,1,2025-04-12 09:00:25,Revolut,Reddit
mmvyjb8,1jw68cr,Revolut Is Withholding $500k—Should I Sue?,Why are you keeping half a mil in an internet account?,BerryInitial,1,2025-04-13 13:46:43,Revolut,Reddit
mn2dk51,1jw68cr,Revolut Is Withholding $500k—Should I Sue?,Isn‘t everything over 10k transfer suspicious to the IRS?,Book_Dragon_24,1,2025-04-14 15:22:48,Revolut,Reddit
mn4nyjj,1jw68cr,Revolut Is Withholding $500k—Should I Sue?,"You've Managed to flag yourself for a security check,  so now it's just going to take as long as it takes to probably get returned to your account..

You've just got to sit it out. Banks are entirely in their rights to do this, it's in the t&amp;cs that noone bothers to read, and by law the agent isn't allowed to tell you anything..",Cstott23,1,2025-04-14 22:16:40,Revolut,Reddit
mn7zzgl,1jw68cr,Revolut Is Withholding $500k—Should I Sue?,"Revolut has a history of freezing the account and/or funds at the worst possible time and not solving the thing until months has past. I dont trust them at all as the internet is rather plagued with these stories, including episodes in which the account was blocked when the owner was abroad on a trip and opened an account SPECIFICALLY to be used when abroad. 

I have revolut. Ive used revolut to transfer small amounts and I've had no problems. I did have problems with certain episodes in which they didnt allow me to sell stock, which was ridiculous. 

Will I stop using revolut? No. Will I trust revolut with large sums of money? Not at all. I wouldnt bat an eye if it disappears so if you decide to sue them to oblivion, I will celebrate it.",IRON_CONDOR_Praguer,1,2025-04-15 13:22:00,Revolut,Reddit
mmfvcqr,1jw68cr,Revolut Is Withholding $500k—Should I Sue?,Ofc u can always sue. If u win or not is the  what matters,AnxiousMeeting5256,0,2025-04-10 20:26:27,Revolut,Reddit
mmg2pfg,1jw68cr,Revolut Is Withholding $500k—Should I Sue?,"UPDATE: I tried to open a savings account at Revolut. Their APY is much lower (2.75%) but I guess I have a duty to mitigate damages. Guess what: despite advertising savings accounts, they DO NOT OFFER THEM ANYMORE. Already since October 2024, so almost for half a year. 

Check out their app. They're talking about ""up to 3.5% APY"" everywhere, especially to promote their Metal card...

https://preview.redd.it/djow2wbzc2ue1.jpeg?width=1170&amp;format=pjpg&amp;auto=webp&amp;s=cd61fd6eb9f6ceb13786be539ede72263f26530e",market_monkey,1,2025-04-10 21:02:24,Revolut,Reddit
mmj8jyo,1jw68cr,Revolut Is Withholding $500k—Should I Sue?,Afraid that’s a usual experience. It’s a holiday travel card. And that’s all.,Ldn_Syd,1,2025-04-11 10:13:09,Revolut,Reddit
mmg7vjt,1jw68cr,Revolut Is Withholding $500k—Should I Sue?,"Reading your conversation what you inferred is not what was actually confirmed….

It was confirmed they charge you $10 to receive a fed wire.

It was confirmed a swift transaction has no limit.

You made a poor logic conclusion 

Still you must be doing something right to have 500K",VVRage,1,2025-04-10 21:27:03,Revolut,Reddit
o2buxlr,1qpqqud,Irish minister grilling Revolut executive over locked out accounts,"Funny thing (or annoying really) is he says he wants everything to be done through the app, but if the suspend your account, you can't log into the app. And good luck then dealing with them without access to the app's support.",Guilty_Nothing4917,90,2026-01-29 01:22:39,Revolut,Reddit
o2b54f3,1qpqqud,Irish minister grilling Revolut executive over locked out accounts,Good,acid-burn2k3,129,2026-01-28 23:06:59,Revolut,Reddit
o2b3r3h,1qpqqud,Irish minister grilling Revolut executive over locked out accounts,I hope Revolut gets smacked in the face big time for holding back information. It's parasitic!,RawLaws,130,2026-01-28 23:00:05,Revolut,Reddit
o2b2nmy,1qpqqud,Irish minister grilling Revolut executive over locked out accounts,He's not a minister. Just a TD. (A member of Parliament.),kf1920,78,2026-01-28 22:54:38,Revolut,Reddit
o2cergb,1qpqqud,Irish minister grilling Revolut executive over locked out accounts,"If he was not affected personally, he definitely would not have been as hard on the Revolut guy",0ggiemack,47,2026-01-29 03:11:26,Revolut,Reddit
o2d9ylw,1qpqqud,Irish minister grilling Revolut executive over locked out accounts,revolut is a joke.. they block my account for “Fraud” and “Money Laundering “ because I transferred 150€ to my girlfriend,sotoshy,13,2026-01-29 06:45:37,Revolut,Reddit
o2bfalf,1qpqqud,Irish minister grilling Revolut executive over locked out accounts,"Where are the Revolut defenders swearing that the guy that had his account frozen is a criminal scum 100%? 
Every day people post these kind of posts here, and then these revolut fanatics throw accusations of money laundering or other criminal accusations. But now it’s a public person and they are silent.",SpeedyVanmoofer,30,2026-01-28 23:59:46,Revolut,Reddit
o2bbmi2,1qpqqud,Irish minister grilling Revolut executive over locked out accounts,"There is a problem here and the minister should know if he's so knowledgeable about everything:

If a bank restricts your account they are not even allowed to tell you why so that the real bad actors don't recognize blocking patterns. I witnessed that process with a real brick and mortar bank.

That does not mean that Revolut is innocent. There should be (new) laws to guarantee timely checks and feedback to the customer. Maybe also depending on the severity, a warning from the bank before blocking fully. And if everything does not work for a conclusion allow the customer to draw their money out in a timely manner. From outside it looks like Revolut can do what they want and blocks for many months are not making big problems for Revolut.

Beside that they should fix their GDPR problem!",RunningPink,40,2026-01-28 23:40:38,Revolut,Reddit
o2crs9t,1qpqqud,Irish minister grilling Revolut executive over locked out accounts,"i checked. The GDPR email is on the website: dpo@revolut.com

It links from the app directly to a page with that emaik",rex-ac,11,2026-01-29 04:31:38,Revolut,Reddit
o2df6d7,1qpqqud,Irish minister grilling Revolut executive over locked out accounts,"Oh my god this feels good. Somebody stood up to revolut. How it managed to operate like this is for so long is amazing, and thats just Ireland.",faresar0x,3,2026-01-29 07:30:02,Revolut,Reddit
o2dfwc0,1qpqqud,Irish minister grilling Revolut executive over locked out accounts,"These AI chatbots are beyond useless for anything other than frequently asked questions, which you can normally get the answer to by going through a list of FAQs yourself. I haven't dealt with Revolut's in particular, but everywhere I've used them they've been useless. You just go round in circles until you get asked if you'd like to speak to a human. It's a filter for the most clueless users I guess. But for anyone who checks a few simple things before thinking of contacting customer care, it doesn't add anything other than obstacles.",balbuljata,3,2026-01-29 07:36:34,Revolut,Reddit
o2d2phz,1qpqqud,Irish minister grilling Revolut executive over locked out accounts,My account got restricted for adding $20 USD with Apple Pay and the support is buns no help at all,imposter1240,2,2026-01-29 05:47:38,Revolut,Reddit
o2d6x0h,1qpqqud,Irish minister grilling Revolut executive over locked out accounts,"He's right, but unfortunately Pearse Doherty and his party are the opposition. The ruling parties don't actually give a shit; they serve corporations above all else.",Dwashelle,2,2026-01-29 06:20:34,Revolut,Reddit
o2d7rrk,1qpqqud,Irish minister grilling Revolut executive over locked out accounts,What customer service? 😂,sharingpolicysucks,2,2026-01-29 06:27:29,Revolut,Reddit
o2d852c,1qpqqud,Irish minister grilling Revolut executive over locked out accounts,"Revolut Ireland Country Manager will be given 60€ for
his inconvenience of being rightfully grilled by the Irish Deputy, and nothing will change.",Wrong_Low5367,2,2026-01-29 06:30:29,Revolut,Reddit
o2dp2xk,1qpqqud,Irish minister grilling Revolut executive over locked out accounts,Not a minister just wishes he was.,MKUltra886,2,2026-01-29 09:00:43,Revolut,Reddit
o2ds3hk,1qpqqud,Irish minister grilling Revolut executive over locked out accounts,"Waiting for the ""dude did some shady stuff with crypto"" comments",ad-on-is,2,2026-01-29 09:29:30,Revolut,Reddit
o2e122h,1qpqqud,Irish minister grilling Revolut executive over locked out accounts,Doing the lords work here ,Separ0,2,2026-01-29 10:50:13,Revolut,Reddit
o2e61l4,1qpqqud,Irish minister grilling Revolut executive over locked out accounts,This makes me happy.,VarietyBusy3864,2,2026-01-29 11:31:16,Revolut,Reddit
o2eotdi,1qpqqud,Irish minister grilling Revolut executive over locked out accounts,revolut should be slapped hard for blocking accounts.,btcluvr,3,2026-01-29 13:34:10,Revolut,Reddit
o2htigm,1qpqqud,Irish minister grilling Revolut executive over locked out accounts,Oh man this is the best thing I’ve watched all year. These idiots had it coming,Pyth0n7575,2,2026-01-29 22:23:16,Revolut,Reddit
o2iydmc,1qpqqud,Irish minister grilling Revolut executive over locked out accounts,get it RIGHT UP THEM,FactCheckYou,2,2026-01-30 02:02:39,Revolut,Reddit
o2ksp1n,1qpqqud,Irish minister grilling Revolut executive over locked out accounts,My account has been locked for 19 days and counting.,Davey_F,3,2026-01-30 10:02:10,Revolut,Reddit
o2bg61b,1qpqqud,Irish minister grilling Revolut executive over locked out accounts,"When was this? I mean, go to the main website, first page (any really) and at the bottom is a ‘complaints’ link with an email and process explained, and a ‘privacy’ link with an email given for requesting your data",DarkTendrils,5,2026-01-29 00:04:20,Revolut,Reddit
o2b5jv5,1qpqqud,Irish minister grilling Revolut executive over locked out accounts,As if AIB or other banks offer a better service. They are all shite and still use post 😅,Top_Injury_5101,2,2026-01-28 23:09:11,Revolut,Reddit
o2d8bjf,1qpqqud,Irish minister grilling Revolut executive over locked out accounts,"This ""minister"" absolute has no legal knowledge. GDPR data won't contain anything about a KYC check.  It is embarrassing.",willyhun,4,2026-01-29 06:31:58,Revolut,Reddit
o2cz41c,1qpqqud,Irish minister grilling Revolut executive over locked out accounts,"So what’s the point? He’s a guy complaining about a product. That’s nothing else than a rant on Reddit, just with a human being working for Revolut on the same thread.

After working for finance for decades, let me tell you: 
Regulations in finance are pure pain in the ass. It drives costs up in a way nothing else does. 
Revolut is there to make profit. Period. They want attract tech people and people who really have a need to hold several currencies, etc. the started in Tallin? Or somewhere in the Baltic’s because it was easier and cheaper. The expansion with offices in Europe became a necessity due to regulation and in order to keep/gain customer and drive acceptance(local code for the IBAN,…).They didn’t want to do that out of goodness or any other reason. They had to.

Even if this guy would fine them, that’s just cost. If stsrt up a financial company you clearly ty to tripple out the law and regulations to gain profit on the beginning for expansion, etc. you willingly accept fines that are usually much cheaper than ensuring compliance. No one gives a fuck if there are 20 people complain, no matter how loud they are, if there are 500K who bring in money and are silent.

It’s a business. Fines are expenses in relations to earning. If your not ok with the product, switch.

I’m not on Revolut as side, but that’s how the Industry works. Look a all those credit card offers. Same, same but different. They don’t make much money with the individual but a lot of money with all of their customers and highly automated processes. You are either one of the sheep’s in the herd or you switch bank. Sorry, don’t waste your time on them.",umo2k,2,2026-01-29 05:21:08,Revolut,Reddit
o2em2oy,1qpqqud,Irish minister grilling Revolut executive over locked out accounts,"I can’t stand the Revolut fanboys. They’re even here in the comments. They’ll give you just about any excuse why this shitty neobank treats you like trash when it literally never happens to anyone with traditional banks. The shilling is insane. 

I started accounts with trad banks only to transfer all of my savings there minutes after. Never had any issues. Yet revolut would freak out because I must be money laundering.",nimbledoor,2,2026-01-29 13:19:02,Revolut,Reddit
o2botpt,1qpqqud,Irish minister grilling Revolut executive over locked out accounts,get a loan or a credit card and if they dont want to let you into the account they can fuck off and get nothing back.,EmergencyComment101,1,2026-01-29 00:49:12,Revolut,Reddit
o2btdve,1qpqqud,Irish minister grilling Revolut executive over locked out accounts,I have revolut and bank of ireland. Wonder would boi be expected to have what he wants. They could all do better. Vote with your money I guess,1an2,1,2026-01-29 01:13:55,Revolut,Reddit
o2g75fe,1qpqqud,Irish minister grilling Revolut executive over locked out accounts,Do they restrict accounts for dodgy dealings for example or what other reasons could there be?,No_Role6227,1,2026-01-29 17:49:18,Revolut,Reddit
o2h54e0,1qpqqud,Irish minister grilling Revolut executive over locked out accounts,He’s not a minister he’s in the opposition,Sweet_Ad_6572,1,2026-01-29 20:26:17,Revolut,Reddit
o2hic78,1qpqqud,Irish minister grilling Revolut executive over locked out accounts,It's ironic because it's the government forcing the banks to suspend accounts through legislation and fines. Revolut would ultimately not care what you're doing if they weren't forced to do it. The question then is whether an app only bank can survive such an environment.,Green_Teaist,1,2026-01-29 21:29:38,Revolut,Reddit
o2hj780,1qpqqud,Irish minister grilling Revolut executive over locked out accounts,"Not a minister, he’s a TD (basically the equivalent of an MP) for the primary party in opposition",RegularFellerer,1,2026-01-29 21:33:44,Revolut,Reddit
o2hjusv,1qpqqud,Irish minister grilling Revolut executive over locked out accounts,Wow 😧,hundredbelow,1,2026-01-29 21:36:52,Revolut,Reddit
o2i12jg,1qpqqud,Irish minister grilling Revolut executive over locked out accounts,Sinn Fein's attack job will be getting warm nods and rugby ticket invitations from Irish Banks who have been woefully innefectual in their services and pricing for a long time,Routine-Set5244,1,2026-01-29 23:01:36,Revolut,Reddit
o2kzjm9,1qpqqud,Irish minister grilling Revolut executive over locked out accounts,"I find there are so many of these ""gotcha"" speeches given by politicians against big tech, such as Zucherburg vs Us Congress or Shou Zi Chew; and even members of our own Dail that barrage these companies with questions that I think they feel are genuine frustration felt by all. But highlight their own technological illiteracy, and it is very worrying that they would be the same people in charge of allowing or preventing these businesses from getting away with what they want.",StunningRound7177,1,2026-01-30 11:01:53,Revolut,Reddit
o2lsr6k,1qpqqud,Irish minister grilling Revolut executive over locked out accounts,"Umm I got a Revolut account I use to turn my courrency into euro, and send to my broaker for investment funds. 

This is the first time I’m hearing something bad about Revolut. Should I be concerned and look into other ways to get euro ?",Supreme_Senpi420,1,2026-01-30 14:10:03,Revolut,Reddit
o2moha6,1qpqqud,Irish minister grilling Revolut executive over locked out accounts,"He's not a government minister, he's a shadow minister for Sinn Fein",EmmaSubCd69,1,2026-01-30 16:38:05,Revolut,Reddit
o2og4py,1qpqqud,Irish minister grilling Revolut executive over locked out accounts,Sinn Fein and their pro Russian shite can fuck off,Mammoth-Peanut-8271,1,2026-01-30 21:26:42,Revolut,Reddit
o2qpfy4,1qpqqud,Irish minister grilling Revolut executive over locked out accounts,bout time someone in a place of power told them,IAjayrsI,1,2026-01-31 05:15:15,Revolut,Reddit
o2vbweg,1qpqqud,Irish minister grilling Revolut executive over locked out accounts,"This is funny because some asshat just made a post how only shady people have problems with Revolut. 

Are we to believe this minister was doing something “shady” with his Revolut account?

Of course that post has a ton of upvotes based on talking out of his ass.",Future-Tomorrow,1,2026-01-31 22:33:28,Revolut,Reddit
o2yucji,1qpqqud,Irish minister grilling Revolut executive over locked out accounts,"As much he praises the financial services of this app, you shouldn't (or even already don't) need it.

With instant bank transfers under SEPA, that cost 0, there is no real reason to rely on a single app. Make all banking apps better? Yes. Give a single app all the financial information of a huge amount, maybe majority, of European citizen? Please no.",asidealex,1,2026-02-01 13:35:49,Revolut,Reddit
o2zm6bo,1qpqqud,Irish minister grilling Revolut executive over locked out accounts,This is the final nail to my Revolut coffin. 😂,alias243,1,2026-02-01 16:02:33,Revolut,Reddit
o31gvty,1qpqqud,Irish minister grilling Revolut executive over locked out accounts,"I had the same situation, its a joke. 5 weeks without access to my salary, not even a word as to why. Didn't ask me for any documents. Just locked my money and I couldn't even talk to them because the app didn't allow me to access the chat. I had to constantly go in incognito mode and pretend to want to open a business account so that I could talk to someone. I told them I can provide all my payslips if that is what you need. After 5 long weeks without access to my salary, got the money back in the account I used to set this one up, acciunt closed and not a word as to why. So yes, I hope they get what they deserve.",ComprehensiveBed8263,1,2026-02-01 21:12:55,Revolut,Reddit
o2bf7l0,1qpqqud,Irish minister grilling Revolut executive over locked out accounts,"Spread this, get them to get their act in order.  I took all my money out, not waiting for them to lock it up.",nobodydeservesme,0,2026-01-28 23:59:20,Revolut,Reddit
o2cibn4,1qpqqud,Irish minister grilling Revolut executive over locked out accounts,Bottom line your money is not yours anymore. Good luck of running such economy EU,saverxx,1,2026-01-29 03:32:18,Revolut,Reddit
o2bbh1i,1qpqqud,Irish minister grilling Revolut executive over locked out accounts,"I don't really understand why it's made to be this big of an issue, anyone care to explain?",Jolly_League_5589,1,2026-01-28 23:39:51,Revolut,Reddit
o2dn2s9,1qpqqud,Irish minister grilling Revolut executive over locked out accounts,So easy to spot staff in the comments 😂,Obi-_1,1,2026-01-29 08:41:53,Revolut,Reddit
o2f8sx4,1qpqqud,Irish minister grilling Revolut executive over locked out accounts,I though it was only shady individuals who got their accounts locked. Is this minister shady ?,Tulex,1,2026-01-29 15:15:18,Revolut,Reddit
nhbtnqn,1nvxczq,Revolut blocked my salary and now I can not pay my rent,Right now sending money to KZ is how some people avoid the sanctions against Russia,rubenknol,186,2025-10-02 08:42:26,Revolut,Reddit
nhc4rod,1nvxczq,Revolut blocked my salary and now I can not pay my rent,"Not helpful to OP here: but for everyone else: this is why I have my salary landing in a high street bank account, and use a separate neobank for some of my payments / bill splits etc. To minimise risks like this.",mondayfig,35,2025-10-02 10:37:25,Revolut,Reddit
nhbv9pl,1nvxczq,Revolut blocked my salary and now I can not pay my rent,"&gt; No reason given. Just “we can’t tell you why.”  

They **can't** tell? Anti Money Laundering then  

&gt; I’ve paid for Metal “priority support” and guess what? It’s the same nonsense.  

Reread the tier comparison : all non-Standard plans give ""priority support"".  
You get the answers faster, so that's priority.  

&gt; It’s my salary, not drug money. I did not gamble or work with crypto. How is this even legal?  

Thanks to AML laws.  

&gt; How can a bank/fintech just freeze someone’s money without explanation, without notice, and leave you stranded?  

Because laws require banks to be cautious and lock until they are sure it is fine.  
The issue is that the laws **assumed** a bank would try to help their customer as a priority, so when a bank like Revolut doesn't care about anything but compliance, you get... that.  

&gt; I literally have nothing right now because of them.   

Always have several bank accounts, if possible one with physical support. I love Revolut and my main bank, but both of them proved they could have hiccups some times in different ways. &gt;!For now, Revolut didn't actually fail yet, despite the phone app being a Single Point of Failure. To the contrary, Revolut **had** to serve as an emergency backup in a catastrophe scenario when my main bank couldn't auth me anymore.!&lt;  

&gt; Is there ANY way to force these clowns to move faster?  

If you waited too long (as in MONTHS iirc?) you may do a formal complaint to the complaints email, then send the deadlock letter to the ombudsman.  

&gt; Revolut support is a black hole and I’m starting to think I’ll never see my money again.  

You'll see it one day. But landlord isn't going to accept debt as a way to settle, so for your specific situation maybe it's not helpful. :/",laplongejr,81,2025-10-02 08:58:49,Revolut,Reddit
nhc1vxd,1nvxczq,Revolut blocked my salary and now I can not pay my rent,I see Revolut as a travel / back up card. I would never send my salary to a bank without a branch I could walk into and speak to a manager.,Pachaibiza,52,2025-10-02 10:07:50,Revolut,Reddit
nhbx32l,1nvxczq,Revolut blocked my salary and now I can not pay my rent,"I had exactly this but with Starling. They wouldn't tell me why, but gave me a name on an account and I was supposed to send them everything I could about that transaction. 

It turned out that the customer was not happy with a long waiting time for an item which I had originally explained was out of stock and would take many weeks to come back into stock and that I'd let her know when it was in. She paid for the item on that basis (around £100) but It seems that she later contacted her bank and said that I had defrauded her, and that was enough to get Starling to freeze my business account!

This resulted in bounced payments into my Starling account from customers who I later had to go back and ask them to pay again, (made me look unprofessional), and bounced direct debits because no credits were going in to replace outgoings which were still taking place- just not credits!

It seems unbelievable that an account can be frozen on unsubstantiated and false allegations. I've never had any issues with a brick and mortar bank so even though Starling finally unfroze my account, I don't trust them and I won't use them now. These App ""banks"" seem like cowboy firms.",Silver-Leadership455,12,2025-10-02 09:17:40,Revolut,Reddit
nhc1w6o,1nvxczq,Revolut blocked my salary and now I can not pay my rent,It's because you sent money to Kazakhstan.,Smooth-Advantage9635,16,2025-10-02 10:07:54,Revolut,Reddit
nhbtt6n,1nvxczq,Revolut blocked my salary and now I can not pay my rent,They probably just complaining with gov regulations. Revolut users do stuff people in traditional banks don’t do. Such as transferring a big amount to Kazakhstan ,Opening-Objective-79,21,2025-10-02 08:43:59,Revolut,Reddit
nhcau2r,1nvxczq,Revolut blocked my salary and now I can not pay my rent,Just wait for Digital ID…,LovelyScape,4,2025-10-02 11:34:50,Revolut,Reddit
nhctp1f,1nvxczq,Revolut blocked my salary and now I can not pay my rent,"The biggest mistake you did was banking with Revolut..

Revolut should never ne used as a main bank account..

It's not even a good back up",sub_RedditTor,5,2025-10-02 13:48:31,Revolut,Reddit
nhn2swv,1nvxczq,Revolut blocked my salary and now I can not pay my rent,"Welcome to the club.

I don't want to ruin your weekend but this is my story:

 Did almost the same and sent 2000$ for flight tickets to a Russian friend and his 2 Russian bank accounts, because he asked me to split payment. I tnought why not and did do so. 2min later my account got locked, all money frozen. After 14 days the investigation ended and I got an email my account will be closed and money will be released after 90 days but revolut has the right to hold it back 90 days more if they want to.",chrisbangkok,3,2025-10-04 01:28:03,Revolut,Reddit
nhc9v5e,1nvxczq,Revolut blocked my salary and now I can not pay my rent,"Yeah revolut as main bank is risky. I only use it for exchanging, online payments using virtual card. Been reading about people being locked for months. Wouldnt put there money that i can afford losing. Maybe you wont lose it if you know what to do but retrieving it takes money, effort, time.",faresar0x,2,2025-10-02 11:26:08,Revolut,Reddit
nhcdr00,1nvxczq,Revolut blocked my salary and now I can not pay my rent,Couldn't you've used Wise / TapTap Send for a foreign transfer? Sudden transfers to another part of the world will ring alarm bells in any fraud detection syetem (another reason to opt for brick and mortat banks because you can declare the transfer beforehand and the bank won't bat an eye).,Ok-Radish-8394,2,2025-10-02 11:59:14,Revolut,Reddit
nhcfxy6,1nvxczq,Revolut blocked my salary and now I can not pay my rent,"Others have replied that what they are doing is within the law. Of course this is the case, but be aware that Revolut was flagged for AML failures in April 2025, and has a crypto arm.

It has to be “more clean than clean” so expect more KYC and ALM checks than other institutions. 

Your choice, but I rather use wise to send funds and avoid revoult because of past / current problems, they have a crypto arms that frankly makes compliance harder and support it next to none. ",KL_boy,2,2025-10-02 12:16:33,Revolut,Reddit
nhd5232,1nvxczq,Revolut blocked my salary and now I can not pay my rent,It’s much better to use things like Western Union for transfers to these countries. Less risky.,Historical_Champion5,2,2025-10-02 14:51:16,Revolut,Reddit
nhd706z,1nvxczq,Revolut blocked my salary and now I can not pay my rent,"Block your rent. Problem solved. Seriously, I took this as a lesson myself to always have multiple ways to move and receive money",aharfo56,2,2025-10-02 15:01:18,Revolut,Reddit
nhoxihv,1nvxczq,Revolut blocked my salary and now I can not pay my rent,"It happened to me once, they locked my account, I suggest contacting them on Facebook and post a criticism, it worked and they contacted me immediately.

It might not work for you.

To be honest, after that situation I stopped using revolut for serious amount of money.",Objective-Editor3565,2,2025-10-04 10:39:06,Revolut,Reddit
ni59e75,1nvxczq,Revolut blocked my salary and now I can not pay my rent,They did this to me. I raised a formal complaint (that went nowhere and then I made a complaint to the financial ombudsman that I won over £1000+ but took many months with my account and all funds blocked). That is why I do not use digital banks as my personal account anymore and always multiple bank accounts.,BreakfastInformal884,2,2025-10-06 23:06:26,Revolut,Reddit
nhbtixp,1nvxczq,Revolut blocked my salary and now I can not pay my rent,I’m seeing more and more of these posts and it’s starting to scare me. I do not think revolut is a stable platform - too many people are getting their accounts frozen,greeknyer,10,2025-10-02 08:41:04,Revolut,Reddit
nhbtpq8,1nvxczq,Revolut blocked my salary and now I can not pay my rent,"Hi! We're sorry to hear about the issue you've been having with one of your payments. We've reached out to you via DMs. Please get back to us there, so that we can look into this for you. Thank you.",RevolutSupport,6,2025-10-02 08:43:00,Revolut,Reddit
nhbxv53,1nvxczq,Revolut blocked my salary and now I can not pay my rent,"they pay CS supper cheap in some countries to answer your message, but when it comes down to people with studies from the country your in, they probably only have like 5 in total, booked for work for next year or so ..


that's how they save money ...",Crowley2k,3,2025-10-02 09:25:58,Revolut,Reddit
nhchoow,1nvxczq,Revolut blocked my salary and now I can not pay my rent,Get a proper bank,EasySea5,3,2025-10-02 12:29:42,Revolut,Reddit
nhc4jwi,1nvxczq,Revolut blocked my salary and now I can not pay my rent,"Cash transactions to Kazakhstan are so locked down because people launder money to Russia from there. Sounds like you didn’t know that.

And in the UK, if there is a money laundering investigation, telling you why you got locked down is called a tipoff and is illegal. So there’s that. You can’t know and you won’t know. And since you’re here moaning, you didn’t know that.

Next time you want to send money to a Russian money laundering hub, take cash out, walk over to an RIA post, pay their fees and send it.",IvanStarokapustin,3,2025-10-02 10:35:12,Revolut,Reddit
nhd0onz,1nvxczq,Revolut blocked my salary and now I can not pay my rent,"First mistake, trusting Revolut to be a bank.",Antarctic-adventurer,2,2025-10-02 14:27:51,Revolut,Reddit
nhcc423,1nvxczq,Revolut blocked my salary and now I can not pay my rent,"A couple of information:
1. There are no priority lanes
2. Raise a complaint
3 stop using an unlicensed money holder for you salary.",totoer008,1,2025-10-02 11:45:54,Revolut,Reddit
nhd903h,1nvxczq,Revolut blocked my salary and now I can not pay my rent,Thank you AML laws for being the most useless thing ever invented,MoltijsOnion,1,2025-10-02 15:11:24,Revolut,Reddit
nhdc6du,1nvxczq,Revolut blocked my salary and now I can not pay my rent,"We recommend that you send a formal legal letter to Revolut regarding your blocked funds, as this is often the only way to push their compliance team into action. Usually, they respond within 3–4 weeks once such a letter is submitted.",The_PPFighters,1,2025-10-02 15:27:11,Revolut,Reddit
nhde14j,1nvxczq,Revolut blocked my salary and now I can not pay my rent,That would be viewed potentially as a high risk jurisdiction country so you would have flagged for AML/KYC. They should of notified you or rejected the transfer in your defence,Intellig8,1,2025-10-02 15:36:21,Revolut,Reddit
nhdk0dz,1nvxczq,Revolut blocked my salary and now I can not pay my rent,TL;DR - never trust a bitch!,AccomplishedKey3030,1,2025-10-02 16:05:18,Revolut,Reddit
nhedgzq,1nvxczq,Revolut blocked my salary and now I can not pay my rent,"So you put all your life on one line?
And then its a fintech?

Iits like, i mean, you asked for it lel",polykoma_,1,2025-10-02 18:26:43,Revolut,Reddit
nheh6gd,1nvxczq,Revolut blocked my salary and now I can not pay my rent,I never understand how people get themselves in to this situation. Revolut are only doing what their government issued licence requires them to. If it's not the original poster the focus needs to be on who the debt is/ was with or who paid them the salary.,PreviousResponse7195,1,2025-10-02 18:44:10,Revolut,Reddit
nheycl3,1nvxczq,Revolut blocked my salary and now I can not pay my rent,"Yes I had the same problem. They just don’t care about you at all, thats my conclusion.
They restricted my account for more than 3 weeks with the same generic answers. I filed complaints and tried anything i could imagine to get access to my account again. Nothing worked.
Suddenly, one day, after more than 3 weeks my account was unrestricted and i could access my funds. No explanation, no reason. Just an extra €80 euros in my account marked “complaints settlement”.
I thought that was bullshit because I had bills and other things that i needed my salary for.
I immediately moved my funds and notified my job to change my salary to a different bank. Never again.
Fuck revolut man",Euphoric-Direction36,1,2025-10-02 20:08:14,Revolut,Reddit
nhfcd7d,1nvxczq,Revolut blocked my salary and now I can not pay my rent,Banks are used by states to control citizens. This is why crypto is the future.,Elisa_Kardier,1,2025-10-02 21:17:20,Revolut,Reddit
nhim6re,1nvxczq,Revolut blocked my salary and now I can not pay my rent,i transferred a lot of money when i got paid yesterday then i sent it back to my normal bank cause im not trusting revolut honestly 🤣,Kiwiland2001,1,2025-10-03 10:28:57,Revolut,Reddit
nhiq1rm,1nvxczq,Revolut blocked my salary and now I can not pay my rent,You Revolut is fine for European country users - is what you say? What a shocker,supercilveks,1,2025-10-03 11:05:49,Revolut,Reddit
nhix8vp,1nvxczq,Revolut blocked my salary and now I can not pay my rent,"Then you just cancel the account, that’s it.",Same_Appointment2814,1,2025-10-03 12:06:12,Revolut,Reddit
nhj3vfe,1nvxczq,Revolut blocked my salary and now I can not pay my rent,Yesterday I sent my friend money and my revolut account get blocked as well,la9libi3aaa,1,2025-10-03 12:53:39,Revolut,Reddit
nhjk0l6,1nvxczq,Revolut blocked my salary and now I can not pay my rent,"Use crypto, modern banking systems have too much regulations. Have pretty similar experience with EU banks, 21 day of useless support answers is the record. 
You can’t use your money as you want when they in bank. ",scorcher-reddit,1,2025-10-03 14:28:50,Revolut,Reddit
nhjt446,1nvxczq,Revolut blocked my salary and now I can not pay my rent,"Welcome to the matrix, in the future they will even freeze your money for having a critical opinion against someone higher than you, be it the bank or government etc. it will be exactly like china here after 2030, thanks to dumb ass sheeple who have no brains and accept every law that invades their privacy because “we need to catch criminals and pedophiles” when the biggest criminals and pedophiles are the government themselves",Upbeat_Database_490,1,2025-10-03 15:15:52,Revolut,Reddit
nhkditw,1nvxczq,Revolut blocked my salary and now I can not pay my rent,"Happened to me ... Copy and paste responses ... Won't tell you why .. Took over a month to sort out. Probably the system flagged an unusual payment or just something random that nobody knows..game of chance. 
They will ask for proof of where the funds came from or are going to... and or ID issue or residency issue.
 
But they will never give you a straight answer.

I learnt my lesson the hard way and never left any money with Revolut after their joke support system pissed me right off. 
 
Support is definitely not support it's just a game of guess what you may have done wrong.

Good luck",onefix1,1,2025-10-03 16:54:42,Revolut,Reddit
nhkvjfk,1nvxczq,Revolut blocked my salary and now I can not pay my rent,"Never got it why people would persistently use Revolut. Is it a weird form of self harm? 
Like if you are officially employed in UK why not go with a local bank?",EXTO-rtionist,1,2025-10-03 18:20:56,Revolut,Reddit
nhlpbbi,1nvxczq,Revolut blocked my salary and now I can not pay my rent,"You sir have triggered a compliance check.. 

You just have to wait unfortunately. And don't send money to Kazakhstan again 😁

Legally they can't tell you anything so there's no point in asking...",Cstott23,1,2025-10-03 20:50:32,Revolut,Reddit
nhluh0n,1nvxczq,Revolut blocked my salary and now I can not pay my rent,Eventually you will be allowed to get your money out of the account but you won’t be allowed to use revolut anymore. Been there four years ago.,codenaz,1,2025-10-03 21:15:48,Revolut,Reddit
nhm5n2y,1nvxczq,Revolut blocked my salary and now I can not pay my rent,Only keep what you need in banks. Use other accounts. Use cash. Dont rely as much on e payments. It really is that simple.,Titor_Brad,1,2025-10-03 22:12:50,Revolut,Reddit
nhm7ypu,1nvxczq,Revolut blocked my salary and now I can not pay my rent,Thats enough reddit for today.,Titor_Brad,1,2025-10-03 22:25:20,Revolut,Reddit
nhmtd0r,1nvxczq,Revolut blocked my salary and now I can not pay my rent,"Revolut is utter shite, ive been using monzo, sending money here and there sometimes thousands at a time between accounts and never had an issue, if ya aint dodgy ya aint worth blocking, but revolut is getting propper bad",Elmantukas,1,2025-10-04 00:28:48,Revolut,Reddit
nhoiswe,1nvxczq,Revolut blocked my salary and now I can not pay my rent,"Yes, you get priority support but unfortunately that does not extend to compliance. Different team - not CS. 

Also they err on the side of caution so not to fall foul of 'tipping off' rules. It is a legal thing which makes the situation all the more frustrating. 

As someone else said here, sending money to Kazakhstan is the common workaround when you need to send money to Russia. 

I'm sorry OP that I do not have much else practical to give you but pls do be careful with where you send money to with Revolut (I know, ironic given that frictionless currency was their thing right?). 

With rent, talk to your landlord like now. If you keep them updated on the situation, they'd be more sympathetic. It's not as if you don't have the money to pay your rent, it is there. 

If I recall correctly, you need three months of rent arrears before being able to seek possession. 

Same with bills, speak to them. If you speak to them ASAP you can avoid a missed payment on your credit file. 

Food? I would suggest speaking to Citizens Advice Bureau. They may be able to help you give a nudge to Revolut with this situation (or not) but they can give a referral to a food bank. 

  
Banks can be fickle - be that account reviews or shitty IT. Do consider spreading money across accounts.",VolCata,1,2025-10-04 08:10:47,Revolut,Reddit
nhow0u3,1nvxczq,Revolut blocked my salary and now I can not pay my rent,[https://www.fatf-gafi.org/en/countries/detail/Kazakhstan.html](https://www.fatf-gafi.org/en/countries/detail/Kazakhstan.html),2004_Theo,1,2025-10-04 10:23:40,Revolut,Reddit
nhpfkcp,1nvxczq,Revolut blocked my salary and now I can not pay my rent,That is why you use a real bank,shaguar1987,1,2025-10-04 13:15:00,Revolut,Reddit
nhwkza3,1nvxczq,Revolut blocked my salary and now I can not pay my rent,Definately the Kazakhstan transaction did it.,Walking-Tomato,1,2025-10-05 16:21:52,Revolut,Reddit
nhyez94,1nvxczq,Revolut blocked my salary and now I can not pay my rent,I here an advice about the Revolut in another chat - post your story yo the Linkedin and ping Revolut or someone from the Revolut dev team. They usually react on such incidents ,Special-Ad-4664,1,2025-10-05 21:39:13,Revolut,Reddit
mt65qq7,1kqjrd7,Be careful with Revolut’s “spare change” feature – I lost over €527 without realizing it,"If you are polite and nice you can ask support, they can do 1 time refund if you admit you really didnt understand/opt in",ArtourTheBabyrage,181,2025-05-19 20:07:42,Revolut,Reddit
mt645c6,1kqjrd7,Be careful with Revolut’s “spare change” feature – I lost over €527 without realizing it,"Spare change is opt-in, not opt-out, so at some point you enabled it without paying attention.",CheesecakeTurtle,102,2025-05-19 19:59:40,Revolut,Reddit
mt6at73,1kqjrd7,Be careful with Revolut’s “spare change” feature – I lost over €527 without realizing it,"Happened to me as well, I remember using spare change to send money to a vault but at one point weirdly worded notifications suggested doing this with RevPoints, I only ended up spending about €2 but it was still frustrating.

But hey, if you got 260 euros value out of 527, you can consider that you only lost €267",PluralityPlatypus,9,2025-05-19 20:33:13,Revolut,Reddit
mt65e7e,1kqjrd7,Be careful with Revolut’s “spare change” feature – I lost over €527 without realizing it,"Unless you are a points pro with very high flexibility for travel, the points are worth less than you pay for them.",LostBreakfast1,23,2025-05-19 20:05:56,Revolut,Reddit
mt87hqn,1kqjrd7,Be careful with Revolut’s “spare change” feature – I lost over €527 without realizing it,The spare changes stuff is not well explained ...and us not a Banking service anyway. This feels a lot like a bank asking for tips and that's just not what I expect from a bank.,ctbdp02,3,2025-05-20 02:58:00,Revolut,Reddit
mt6avm0,1kqjrd7,Be careful with Revolut’s “spare change” feature – I lost over €527 without realizing it,"This is for real a problem, but once off it should never happen, but never should have designed it to be opt out. average dev mistake or completely intentional dark pattern.",Azurpha,5,2025-05-19 20:33:34,Revolut,Reddit
mt6dxyg,1kqjrd7,Be careful with Revolut’s “spare change” feature – I lost over €527 without realizing it,"Points are earned when spending I don't purchase points I'm given them. 

Totally worthless tho

Just started the process for my refund very easy and simple used chat assistant in rev points",findingkieron,5,2025-05-19 20:48:59,Revolut,Reddit
mt64m84,1kqjrd7,Be careful with Revolut’s “spare change” feature – I lost over €527 without realizing it,You have to transform them into flying miles not discounts...,davidemo89,5,2025-05-19 20:02:02,Revolut,Reddit
mt6hxrg,1kqjrd7,Be careful with Revolut’s “spare change” feature – I lost over €527 without realizing it,"Don't press ""Next - Next - Next - Accept"" without reading, especially when dealing with banks or anything where money is directly on the table, like for example when you buy something on Amazon and they offer you a month of free prime that will auto renovate and take the fee from your default payment method.",Louzan_SP,9,2025-05-19 21:09:01,Revolut,Reddit
mt6ngx8,1kqjrd7,Be careful with Revolut’s “spare change” feature – I lost over €527 without realizing it,"Did the same shit.
Luckily I only waste 7 euro or something",mrmarco444,2,2025-05-19 21:36:24,Revolut,Reddit
mt9hqe5,1kqjrd7,Be careful with Revolut’s “spare change” feature – I lost over €527 without realizing it,"Same here, they activated the feature without your consent, I lost the same amount 😡",--Fast--,2,2025-05-20 09:26:52,Revolut,Reddit
mt9xwr6,1kqjrd7,Be careful with Revolut’s “spare change” feature – I lost over €527 without realizing it,Thank you for the advice I'll check on the settings soon,zKaarmaa,2,2025-05-20 12:04:45,Revolut,Reddit
mtabmbc,1kqjrd7,Be careful with Revolut’s “spare change” feature – I lost over €527 without realizing it,Ooo I just found 15 euros thanks to you!,DowntownX,2,2025-05-20 13:41:55,Revolut,Reddit
mtanfnx,1kqjrd7,Be careful with Revolut’s “spare change” feature – I lost over €527 without realizing it,I had the same situation. The support refunded me,Stevian99,2,2025-05-20 14:51:10,Revolut,Reddit
mtcz1l1,1kqjrd7,Be careful with Revolut’s “spare change” feature – I lost over €527 without realizing it,"I spotted this nonsense fairly early as I was accumulating change with a 10x multiplayer. Your 'agreement' to this policy change was apparently buried in a T&amp;Cs update. After a painful chat with support they refunded the money that had been spent on useless points.
I reported Revolut to the FCA.
The episode has motivated me to shut my account and suggest you do the same.",DV_Zero_One,2,2025-05-20 21:41:01,Revolut,Reddit
mtdnfhu,1kqjrd7,Be careful with Revolut’s “spare change” feature – I lost over €527 without realizing it,"Thank you so much, just got back almost 250 pounds…",MorabittJil,2,2025-05-20 23:49:55,Revolut,Reddit
mtmlext,1kqjrd7,Be careful with Revolut’s “spare change” feature – I lost over €527 without realizing it,"Thanks for sharing about this sneaky grift, im just about done with Revolut. Need a better replacement for fintech account, Starling denied me without reason and without ability to re apply lol.",Fruit_Fountain,2,2025-05-22 10:39:25,Revolut,Reddit
mtnryfq,1kqjrd7,Be careful with Revolut’s “spare change” feature – I lost over €527 without realizing it,"Thanks reddit stranger, I’ve used the point beforehand for travel, but since i dont fly as much as before, just got a refound over 400€",MessageEmergency4837,2,2025-05-22 15:23:58,Revolut,Reddit
mxrxgyj,1kqjrd7,Be careful with Revolut’s “spare change” feature – I lost over €527 without realizing it,"It's a scam, nothing else. I asked them for a refund, I explained that I have never fully understood the system, I showed them that I never used those points, that are totally useless for me, but I didn't get any refund. 
I even had premium, I am their customer from the beginning and I used the Revolut Bank more and more but nothing helped. 
I am so disappointed, I will look for an alternative if this is how Revolut is treating their customers.",Southern-Dealer3942,2,2025-06-14 18:48:06,Revolut,Reddit
mt6r0w7,1kqjrd7,Be careful with Revolut’s “spare change” feature – I lost over €527 without realizing it,"There's some really snide responses here. If you're going to be an asshole in response to a well-intended PSA, just log out",lkdubdub,4,2025-05-19 21:53:40,Revolut,Reddit
mt6s01i,1kqjrd7,Be careful with Revolut’s “spare change” feature – I lost over €527 without realizing it,same!! i just realized yesterday and feel scammed as i never conciously opted in,DancingWeird,2,2025-05-19 21:58:31,Revolut,Reddit
mt7mhp2,1kqjrd7,Be careful with Revolut’s “spare change” feature – I lost over €527 without realizing it,I lost over 10k$ with them,Ramdaniiheb,1,2025-05-20 00:48:47,Revolut,Reddit
mt94p4r,1kqjrd7,Be careful with Revolut’s “spare change” feature – I lost over €527 without realizing it,What are those Rev Points everyone is talking about? I have a Metal plan in EU and spare change goes just to real currency of my choice in the 'pocket'.,DataGeek86,1,2025-05-20 07:13:14,Revolut,Reddit
mt983bx,1kqjrd7,Be careful with Revolut’s “spare change” feature – I lost over €527 without realizing it,"I don't understand. From what I can see in my account all of my spare change goes into my savings account. The revpoints seems separate, giving me 1 point per a set amount of money spent. Nowhere can I find any indications thatythd points are taken from my money.",Silver-Pop-5715,1,2025-05-20 07:46:09,Revolut,Reddit
mt9fa9y,1kqjrd7,Be careful with Revolut’s “spare change” feature – I lost over €527 without realizing it,How did you disable it? I can’t find the option,FantasticArt699,1,2025-05-20 09:00:28,Revolut,Reddit
mt9hbr9,1kqjrd7,Be careful with Revolut’s “spare change” feature – I lost over €527 without realizing it,"Yeah I’m glad I for one read the fine print. 

I feel like they totally could do with a program like that for “free” for their paid users, a couple points here and there in exchange for a coupon to this or that. 

My other bank, ing bank does that, and sure, the items that have the coupons for them are kinda crappy, but at least it doesn’t cost anything monetarily. 

How about everyone else here, do you guys have any experiences with reward programs or point programs with Revolut or other banks? Any at all?",Particular_Row6066,1,2025-05-20 09:22:27,Revolut,Reddit
mt9ky6w,1kqjrd7,Be careful with Revolut’s “spare change” feature – I lost over €527 without realizing it,and this is why you don’t click on random things without reading them,GhostKing1234,1,2025-05-20 10:01:23,Revolut,Reddit
mt9oixv,1kqjrd7,Be careful with Revolut’s “spare change” feature – I lost over €527 without realizing it,"Guys quick question!
I have spare change activated and I buy Bitcoin with it without fees when I buy something with my card.
Regarding rev points my settings in the revolut app are “buy points with spare change” set to “not now”
But I still have RevPoints, is there a way to deactivate them completely?
Thank you!",CapableFishing9688,1,2025-05-20 10:39:31,Revolut,Reddit
mt9tu27,1kqjrd7,Be careful with Revolut’s “spare change” feature – I lost over €527 without realizing it,Spare change is nice if you use it to buy crypto. Points I wouldn't bother with.,WhisperCrystal,1,2025-05-20 11:30:36,Revolut,Reddit
mt9xxv7,1kqjrd7,Be careful with Revolut’s “spare change” feature – I lost over €527 without realizing it,Thank you for the advice I'll check on the settings soon,zKaarmaa,1,2025-05-20 12:05:00,Revolut,Reddit
mta2wf5,1kqjrd7,Be careful with Revolut’s “spare change” feature – I lost over €527 without realizing it,Hi! We're sorry to hear that your experience with us has made you feel this way and that you're facing such issues with the spare change feature. We'd appreciate the opportunity to address your concerns directly. There's a DM from us so that we can review this further and assist. Thanks.,RevolutSupport,1,2025-05-20 12:42:49,Revolut,Reddit
mta328s,1kqjrd7,Be careful with Revolut’s “spare change” feature – I lost over €527 without realizing it,So can I clarify? Are the miles not 1-1? I have 350 air miles and that's from only around £17.50 - will that get me a flight of 350 miles or just get me money off a flight?,Kaleidoscope-Severe,1,2025-05-20 12:43:59,Revolut,Reddit
mta5ey1,1kqjrd7,Be careful with Revolut’s “spare change” feature – I lost over €527 without realizing it,Done,Numerous-Cash-3806,1,2025-05-20 13:00:34,Revolut,Reddit
mta81ij,1kqjrd7,Be careful with Revolut’s “spare change” feature – I lost over €527 without realizing it,"Shame you spent them, Revolut refunded me £500 worth I’d bought",wrxck_,1,2025-05-20 13:18:22,Revolut,Reddit
mtap797,1kqjrd7,Be careful with Revolut’s “spare change” feature – I lost over €527 without realizing it,I buy Bitcoin with my spare change,One-Spirit-2742,1,2025-05-20 15:00:43,Revolut,Reddit
mtbmlr5,1kqjrd7,Be careful with Revolut’s “spare change” feature – I lost over €527 without realizing it,My spare change goes to spare change. You must have accidentally opted into something.,Otherwise-Use2999,1,2025-05-20 17:45:42,Revolut,Reddit
mtc1gz2,1kqjrd7,Be careful with Revolut’s “spare change” feature – I lost over €527 without realizing it,I checked this out on Revolut and saw exactly that they would be taking money for points. The feature was similar to N26 round up but they do not take your money just round up the purchase and put the change into a savings account.,Wandering-Home77,1,2025-05-20 18:56:04,Revolut,Reddit
mtcdaa1,1kqjrd7,Be careful with Revolut’s “spare change” feature – I lost over €527 without realizing it,"Whoa, just did that. And got 45euros as refund, i dont use revolut a lot and wanted to try if this worked!",consciousmagic,1,2025-05-20 19:53:27,Revolut,Reddit
mtcji36,1kqjrd7,Be careful with Revolut’s “spare change” feature – I lost over €527 without realizing it,C![gif](emote|free_emotes_pack|table_flip)![gif](emote|free_emotes_pack|table_flip)![gif](emote|free_emotes_pack|heart_eyes_rainbow)![gif](emote|free_emotes_pack|wink) Ub![gif](emote|free_emotes_pack|smile)![gif](emote|free_emotes_pack|put_back)![gif](emote|free_emotes_pack|sob) g ![gif](emote|free_emotes_pack|stuck_out_tongue)![gif](emote|free_emotes_pack|snoo)![gif](emote|free_emotes_pack|sob)![gif](emote|free_emotes_pack|sob)![gif](emote|free_emotes_pack|smile)![gif](emote|free_emotes_pack|table)![gif](emote|free_emotes_pack|grin)![gif](emote|free_emotes_pack|stuck_out_tongue),Zealousideal_Good848,1,2025-05-20 20:24:01,Revolut,Reddit
mtcjivg,1kqjrd7,Be careful with Revolut’s “spare change” feature – I lost over €527 without realizing it,Ich v,Zealousideal_Good848,1,2025-05-20 20:24:08,Revolut,Reddit
mtcwgxj,1kqjrd7,Be careful with Revolut’s “spare change” feature – I lost over €527 without realizing it,I accidentally bought a bunch of bitcoin with the spare change thing. I did not remember opting in or how it happened but in the end it was actually a good thing,SubstantialMinimum19,1,2025-05-20 21:28:28,Revolut,Reddit
mtd174t,1kqjrd7,Be careful with Revolut’s “spare change” feature – I lost over €527 without realizing it,"I had similar happen I thought one day where are all my round ups going and come to seeing they had been used to buy rev points, it’s seems like the default option is for this to happen until you change it and they is no way to get the money back u unknowingly spent on rev points only to use for the offers or discounts they have for revpoints",Key_Onion_7631,1,2025-05-20 21:51:32,Revolut,Reddit
mtdagc4,1kqjrd7,Be careful with Revolut’s “spare change” feature – I lost over €527 without realizing it,"Yes. It's a scammy feature. You have to read it carefully.
Especially when other banks have that spare change feature as way to get some extra savings.",jdjoder,1,2025-05-20 22:38:43,Revolut,Reddit
mtdh6kj,1kqjrd7,Be careful with Revolut’s “spare change” feature – I lost over €527 without realizing it,"Since you used the points you cant ask for a refund, but with 26k you could easily book free return eco class on qatar",Ill_Horror3384,1,2025-05-20 23:14:46,Revolut,Reddit
mtfrm6w,1kqjrd7,Be careful with Revolut’s “spare change” feature – I lost over €527 without realizing it,"Thanks! 

For some reason I was convinced that the spare change feature did not buy points but were given to me as I save? I accumulated 50.000 points this way…

It’s a really scammy feature so this is a nice catch!",Zuricho,1,2025-05-21 08:48:15,Revolut,Reddit
mtg49vn,1kqjrd7,Be careful with Revolut’s “spare change” feature – I lost over €527 without realizing it,"I accumulate the points as well but for me it's saying

Completed Points earned for spending with your Revolut card.

I'm not actual buying them, I just receive them for using their card.
But these points are really useless, never needed them or find the offers interesting",Xarolin,1,2025-05-21 11:00:27,Revolut,Reddit
n5zpnyv,1md7xg4,WARNING ABOUT REVOLUT,"Please file a lawsuit, or at least consult an attorney. You should have screenshots of your chats with them. And you should have proof of your claims - that their account restrictions caused significant damage to your situation - which should get you better settlement. 

I’m sure UK has good laws to protect consumer rights in such situations. ChatGPT/Anthropic or any ai can help direct you to the right places where you can find lawyers to represent you for stuff like this.",Sufficient-Green5858,59,2025-07-30 16:12:50,Revolut,Reddit
n60l23l,1md7xg4,WARNING ABOUT REVOLUT,"You have 60 days to provide feedback about the complaint response with the CFPB

It should be a simple matter to provide the chat logs to disprove the claims that were made by Revolut

Separately, without posting the chat logs here too, there will be many people who remain sceptical about the facts of the situation. If Revolut did not ask for documentation in any of their communications with you then it should be simple to prove this here or elsewhere should you decide to take them to court",soliloquyinthevoid,7,2025-07-30 18:38:28,Revolut,Reddit
n5ziinx,1md7xg4,WARNING ABOUT REVOLUT,Second picture - blur out the name bold text. Almost 2 months of restrictions and they don’t see a problem 🤡🤡🤡,JacqueMorrison,19,2025-07-30 15:38:18,Revolut,Reddit
n64yy0m,1md7xg4,WARNING ABOUT REVOLUT,"Why do I have a feeling that everyone that complains has done shady shit. I've been using revolut for nearly a decade, never had a single problem.",DarthAnkh,5,2025-07-31 11:00:11,Revolut,Reddit
n5zg9ek,1md7xg4,WARNING ABOUT REVOLUT,Jesus.,Available-Talk-7161,17,2025-07-30 15:27:23,Revolut,Reddit
n5zmctj,1md7xg4,WARNING ABOUT REVOLUT,Nope not 2... in some days it will be a total of 3 months since initial restricted date,Dull_Examination_132,12,2025-07-30 15:56:30,Revolut,Reddit
n60ywsx,1md7xg4,WARNING ABOUT REVOLUT,Hire a lawyer have him request the account restored. Tell him to request the type of documents stated in their response as you claim you never received such a request. Also have him request all the chats u had with support . Under GDPR u are allowed to do so. Ah also this is a lawsuit so include what u want for settlement if you are telling the truth its an easy enough case if they have no evidence that they requested documentation so u can prob get a good amount. Or at least ur account back plus legal fees,LowOk7052,3,2025-07-30 19:41:44,Revolut,Reddit
n68oy3u,1md7xg4,WARNING ABOUT REVOLUT,"To be fair. They are not obliged to let you open an account with them. They offer a service, and they can offer it to whoever they want. I dont know your situation, and im sorry you lost your job. But getting financial stress due to Revolut not offering you an account, should have you consider to always have a plan b.",hmm_question123,3,2025-07-31 22:36:01,Revolut,Reddit
n67ke9b,1md7xg4,WARNING ABOUT REVOLUT,"As someone who works in financial litigation I’m somewhat skeptical they would just lie if they had clearly stated to you no documents are required. The waiting comments they made aside do you have a photo (with appropriate lines blurred out) which shows in the chat them saying you did not have to submit any documents? 

I’m also asking because how they framed it will absolutely impact whether you have a cause of action.

Also, unfortunately in terms of losing your job there is unfortunately going to be no recourse there, firstly on the basis it’s pretty remote, but secondly, Revoluts terms exclude, and the courts are slow to award, consequential damages arising out of this type of dispute except where they are specifically included in the contractual terms (which is sort of the opposite of Revoluts which exclude it). This is because there would almost be no end to claims (eg. the bank suspended my account, so I couldn’t get money out to buy a new key for my house, so I couldn’t get into my house and get my cheque book, so I missed a mortgage payment with another bank, so my mortgage defaulted, which meant a higher interest rate was applied, which I cant afford, so arrears increased, so my loan is in arrears, so they’re repossessing my house). 

I do wish you the best of luck though and hope they release their funds soon, and honestly if they did clearly state you were to take no steps and they lied in this submission they will be penalized if you take further action against them.",ihideindarkplaces,3,2025-07-31 19:21:29,Revolut,Reddit
n60qa9m,1md7xg4,WARNING ABOUT REVOLUT,Been there before few years ago they’re a nightmare,Famous-Scratch-7111,4,2025-07-30 19:01:45,Revolut,Reddit
n5zvy87,1md7xg4,WARNING ABOUT REVOLUT,"OP,

If you're in UK, did you try the financial ombudsman and filed a complaint to them? They might be able to help.

-----

Yet another good customer Revolut nuked for no reason and customer support is disgusting.

The most garbage service in existence! I donnow why people still use this thing.",yohussin,2,2025-07-30 16:42:53,Revolut,Reddit
n6088oo,1md7xg4,WARNING ABOUT REVOLUT,"So you want to spend more money on this to learn a lesson?  
Do you think Revolut caused your problem? Or your action, when you transferred all your money to an account? Why are they still waiting for a document? Are you telling the full story?

What will be in your suit?  Think before you act.",willyhun,2,2025-07-30 17:40:47,Revolut,Reddit
n60s6ct,1md7xg4,WARNING ABOUT REVOLUT,"Just my little 2 pennies…

I’ve had a Revolut account for over 3 years now. Initially I  had no more the a few hundred pounds in there at any given time but when they decided to ask where my funds came from, I had less than £100 in the account. I provided some details displaying but not proving I am a freelance personal trainer. 

They said this was not enough, to which I replied no problem, please close my account with immediate effect. To which the responded by ceasing to ask for anymore details. Funny right? 

Since then there’s always a balance of at least 2k, I have 1.5k deposited every month from contracts but I transfer most of that out as soon as it hits because, literally, of fear of a problem like this. Dunno if this helps but again, just 2 pennies from me.",Both_Ad_3218,3,2025-07-30 19:10:30,Revolut,Reddit
n60ufox,1md7xg4,WARNING ABOUT REVOLUT,"I think when you first register an account, you need to provide a email that needs to be verified, have you gone in to see if there's maybe an email that went into spam requesting specific documents from you? 

Revolut is not the only culprit over reliant on incapable AI. Tik tok is another one, their AI goes around suspending tik tok shop accounts that the AI deems ""suspicious"" and there's no humans behind doing false positives checking. 

Right now what I believe you are encountering is a false positive where you've been wrongly flagged as ""potential money laundering"" and hence require deeper checks. You'll most likely be found going round and round the same AI that screwed up in the first place and unable to locate a real human being to help you out. 

In my case (located in Singapore) I had to march right to the tik tok building, plead with someone at the recep to help me, get turned away, refused to leave and they finally got someone (probably a rookie or one level above a rookie) to come down and speak to me, and the same day my tik tok shop account got unlocked. Your one and only bet is to look for a revolut office you can march into.",TailorBeautiful,4,2025-07-30 19:20:57,Revolut,Reddit
n5zjk5x,1md7xg4,WARNING ABOUT REVOLUT,"So Revolut have asked for additional docs you haven’t supplied 

Where’s the complaint?",LandscapeNo2462,0,2025-07-30 15:43:16,Revolut,Reddit
n610ifh,1md7xg4,WARNING ABOUT REVOLUT,"Letter before action requesting your account balance be sent to another UK bank, followed by small claims court, which they won't defend, and then they'll pay you.",londons_explorer,1,2025-07-30 19:49:15,Revolut,Reddit
n61hqh5,1md7xg4,WARNING ABOUT REVOLUT,Omg,CameraAlarming3861,1,2025-07-30 21:11:50,Revolut,Reddit
n62tzzo,1md7xg4,WARNING ABOUT REVOLUT,"Restriction of account with no action needed = possible law agency charge without authorization to inform you, flagged transaction with sanctioned individuals or country, you're a criminal hit of any kind or sorts, compliance review over your source of funds. 

There's more reasons. These are just a few examples. 

They can't keep your money forever. Once the review is completed, you'll be either offloaded with the ability to withdraw or everything will return to normality.

 In both cases, find a bank with physical agencies for the love of God. Best of luck.",bowtiesandfezz,1,2025-07-31 01:18:40,Revolut,Reddit
n6396on,1md7xg4,WARNING ABOUT REVOLUT,Gkfjfo,MasterpieceOk4512,1,2025-07-31 02:48:53,Revolut,Reddit
n64prpr,1md7xg4,WARNING ABOUT REVOLUT,"I’m really sorry, and I don’t want to come across as distrustful, aggressive, or anything like that, but… From what I’ve read about Revolut, these kinds of restrictions and issues mostly come down to the EU versus non‑EU situation (simply put, anyone outside the EU). And then there’s the other factor, the origin and behavior of the funds, and how a given account operates.

On one hand, we can’t really blame them. There are good and bad Revolut users… and the bad ones set a crazy benchmark, in my opinion, with the way they behave, the things they try to get away with, and the losses they cause for Revolut. Because of that, it’s easy for an innocent user to occasionally get caught in the pattern of behavior that resembles those “bad actors.” It’s a tough situation. But in most cases, it’s not a mistake. And if it is truly a mistake, it will get resolved and explained.

Fingers crossed for you.",nanoxy7,1,2025-07-31 09:34:11,Revolut,Reddit
n656371,1md7xg4,WARNING ABOUT REVOLUT,Had to deal with complaints handling at one cfd broker previously. German lawyers are the ones they fear the most 😅,LowOk7052,1,2025-07-31 11:59:18,Revolut,Reddit
n6646rw,1md7xg4,WARNING ABOUT REVOLUT,The have my money on hold around 5k have been waiting for them a long time. All they say they are doing their best to fix the issue ……,Dazzling_Minute918,1,2025-07-31 15:19:07,Revolut,Reddit
n668bfm,1md7xg4,WARNING ABOUT REVOLUT,That’s why screenshots are great to take for proof,charles-the-mundane,1,2025-07-31 15:39:01,Revolut,Reddit
n66af2g,1md7xg4,WARNING ABOUT REVOLUT,Contact the ombudsman pronto.,Top_Country4497,1,2025-07-31 15:48:52,Revolut,Reddit
n66clta,1md7xg4,WARNING ABOUT REVOLUT,I am an attorney based in the U.K. I can help you with this. I won’t represent you but I can surely guide you forward,Sufficient-Tap-4963,1,2025-07-31 15:59:03,Revolut,Reddit
n67ggey,1md7xg4,WARNING ABOUT REVOLUT,Your name is visible in the doc,my_n3w_account,1,2025-07-31 19:03:11,Revolut,Reddit
n683fao,1md7xg4,WARNING ABOUT REVOLUT,So am I right in saying they requested documents and you didn't give them the requested documents?,Zealousideal_Line442,1,2025-07-31 20:52:59,Revolut,Reddit
n69n3em,1md7xg4,WARNING ABOUT REVOLUT,So you never had to file any paperwork?,StatisticianIcy2712,1,2025-08-01 01:43:17,Revolut,Reddit
n6almyw,1md7xg4,WARNING ABOUT REVOLUT,"From what ive gathered about the Revolut and Changelly financial theft and torture protocol, do not wait ""patiently"" as that simply means they'll get back to you next year when they can be bothered. You must immediately begin law enforcement actions.",Fruit_Fountain,1,2025-08-01 05:25:19,Revolut,Reddit
n6ctmyq,1md7xg4,WARNING ABOUT REVOLUT,Why did they restrict your account? I think you need to make that clear at the beginning of your message. Thank you,Potential-Living-596,1,2025-08-01 15:27:06,Revolut,Reddit
n6cwur9,1md7xg4,WARNING ABOUT REVOLUT,Happened to mine Buh after like a week it was fixed,WrongBranch2580,1,2025-08-01 15:42:36,Revolut,Reddit
n6cx1to,1md7xg4,WARNING ABOUT REVOLUT,"Something about Revolut I don’t trust. Not sure what! 
For banking, stick with the grown ups that use boring UIs :) it’s your money, not a game.",msplit1,1,2025-08-01 15:43:34,Revolut,Reddit
n6e2er9,1md7xg4,WARNING ABOUT REVOLUT,"These electronic or digital banks, these are medium of scam. They can hold your money without warning. Scammers own companies like these.",ferdbrown,1,2025-08-01 19:00:13,Revolut,Reddit
n6hfyoy,1md7xg4,WARNING ABOUT REVOLUT,If you used the money to buy stocks and crypto from other platforms they will do this to make understand never out the money from them. They are dirty,Sweaty-Director299,1,2025-08-02 07:05:14,Revolut,Reddit
n6iqtli,1md7xg4,WARNING ABOUT REVOLUT,"So you used the account for about a month and it got restricted. They claim that you did not provide them with the information that you requested. You claim that their support tells you that you do not need to supply any more data. Let me play devil's advocate. The initial support person that answers is a bot. You have to actually tell it that you need to talk to an agent. You can give the agent screenshot of this document and ask them what exactly is the document or documents that you need to provide. Take a screenshot of their response, remove any personal data (anonymize it) then post it here.",IntrepidUse2233,1,2025-08-02 14:00:09,Revolut,Reddit
n6jjjgj,1md7xg4,WARNING ABOUT REVOLUT,Fg,Sandra_martine,1,2025-08-02 16:42:40,Revolut,Reddit
n6ktozw,1md7xg4,WARNING ABOUT REVOLUT,Dont use that shit they froze my acount with 5000 dollars and after 1 year I have still not gotten my money back!!! Fook em,Networkinng,1,2025-08-02 20:51:54,Revolut,Reddit
n6nnaao,1md7xg4,WARNING ABOUT REVOLUT,"Ive had something like this, eventually i was able to re upload my id card and everything was fine again",Amsterdam5715,1,2025-08-03 08:02:46,Revolut,Reddit
n6pbvca,1md7xg4,WARNING ABOUT REVOLUT,"It sounds as though you may be being investigated for money laundering.  They will have reason for it.  Have you had unusual transactions, from high risk jurisdictions?  They absolutely cannot tip you off so this would explain why you’ve received no response.",K_TePasa,1,2025-08-03 15:51:36,Revolut,Reddit
n6pnv7u,1md7xg4,WARNING ABOUT REVOLUT,"Revolut is holiday cash card company, nothing more",RegularMidLifeCrisis,1,2025-08-03 16:52:42,Revolut,Reddit
ndydk4w,1md7xg4,WARNING ABOUT REVOLUT,"Open the most expensive account at another bank to do your banking needs, including a loan for the amount in the Revolut account. You then have them reimburse all the costs you made. Pretty easy. I had an account blocked for no reason, and after staying firm with my demands with KiFid they reimburse the costs.",MTTNLD,1,2025-09-13 07:57:31,Revolut,Reddit
nf35nxh,1md7xg4,WARNING ABOUT REVOLUT,"I had a account on the app with my number witch today is unactive bcs haven’t used it in 90 days and my mail is still connected and I forgot my code to it. Later they inactive my account bcs of I did not verify my password and maybe my adress.
How do I get my account back if I can’t come in with it without my number and my password? And can’t even login with my mail bcs of the verify thing. Help pls. Only have my mail and cant do anything because I need to verify my face and pass witch I can’t because I did not verify it.",Away_Marionberry3858,1,2025-09-19 16:34:15,Revolut,Reddit
n60oo2g,1md7xg4,WARNING ABOUT REVOLUT,I’m going through this right now. Over 60 days,Academic-Jacket9310,1,2025-07-30 18:54:31,Revolut,Reddit
n60ruul,1md7xg4,WARNING ABOUT REVOLUT,Can you send me a link i filed a complaint to CFPB but revolut responded and closed the case saying that they're waiting on me to submit information which is not true,Dull_Examination_132,1,2025-07-30 19:08:59,Revolut,Reddit
n61inrx,1md7xg4,WARNING ABOUT REVOLUT,"Having dealt with multiple banks and complaints as a customer (I have about 15-20 UK Bank accs), always ALWAYS don’t ever put all your money into one bank (Revolut is not even a bank yet, they are supposed to get a licence this month but this apparently seems to be delayed now), both banks and e money institutions alike can take ages to solve an issue once there is one, and as long as the issue is ongoing, you probably won’t be able to assess the fund. 

my tips are
1) always keep your money in separate banks no matter how good an individual bank is, none of the banks are to be trusted with all your money, they only looks for their profit

2) whenever you feel like there is an significant issue going on, raise a complaint, mark the date, and keep escalating accordingly, usually they have to give deadlines for everything, and Ombudsman Service can be sought out once 8 weeks have passed, the earlier you complain, the earlier you can escalate,

3) keep record of everything, and build a case, this will prove to be useful when you have to escalate further, going to the court etc.",HeinMyatWin,1,2025-07-30 21:16:09,Revolut,Reddit
n64l342,1md7xg4,WARNING ABOUT REVOLUT,This is why nobody should have revolut as main account.,SuspiciousCan1602,1,2025-07-31 08:49:43,Revolut,Reddit
nvfamjq,1pt9aep,Received $$ from random account. Now Revolut asks for sending it back,Revolut never contact customers without you make a request. High likely it was a scam.,Suspicious_Silver_70,227,2025-12-22 20:00:51,Revolut,Reddit
nvfc4l6,1pt9aep,Received $$ from random account. Now Revolut asks for sending it back,"If it quacks like a duck, walks like a duck it is a duck.

Most likely a scam and a message from another user.

Revolut would be able to revert the transaction and would never give your details.",ruyrybeyro,56,2025-12-22 20:08:43,Revolut,Reddit
nvg6srv,1pt9aep,Received $$ from random account. Now Revolut asks for sending it back,"Happened with me last year. Received a huge sum in my account and got a message 3 days later in the app by a revolut rep that the sender has reached out and wants his money back. I straight away told that it was sender’s mistake and I’m not creating another transaction to send money back. If it is in revolut’s power to reverse the transaction, they can do it but ain’t no way I’m initiating new transaction out of my account. They were okay with that and reversed the original transaction to give the sender his money back.",EatDoughnut,50,2025-12-22 22:51:36,Revolut,Reddit
nvfb1ya,1pt9aep,Received $$ from random account. Now Revolut asks for sending it back,"Sounds like a scam dont do any thing, put it in a pocket and wait.",bedel99,44,2025-12-22 20:03:05,Revolut,Reddit
nvfdn7h,1pt9aep,Received $$ from random account. Now Revolut asks for sending it back,Where exactly in the app did you receive the message? It might be some user impersonating support via in app chat feature.,w8eight,15,2025-12-22 20:16:42,Revolut,Reddit
nvfibmq,1pt9aep,Received $$ from random account. Now Revolut asks for sending it back,"Most probably a scam. Try to contact yourself the revolut support team, from the “help” menu.",ImpressiveTurn7801,15,2025-12-22 20:41:11,Revolut,Reddit
nvfuu6t,1pt9aep,Received $$ from random account. Now Revolut asks for sending it back,"Yes this is a known scam. When you return the money you are technically initiating a new transaction, not reversing the old one. The old can still be reversed. So what will happen is that you  will send back the money and then the initial transaction will also be reversed so you will eventually  lose double that money from your account. Even if your account did not have this amount of money in the first place, you will see a negative figure and Revolut will demand you pay them. 

Actions you should do: 1.. DO NOT touch the money. 2. Do not engage in any discussion. 3.. Contact yourself Revolut support (not through the chat you received).  Tell them you suspect a scam and ask them to revert the transaction safely.",ayangr,10,2025-12-22 21:47:02,Revolut,Reddit
nvfcftl,1pt9aep,Received $$ from random account. Now Revolut asks for sending it back,Scam,Japparbyn,6,2025-12-22 20:10:22,Revolut,Reddit
nvh9o2d,1pt9aep,Received $$ from random account. Now Revolut asks for sending it back,"Don’t send the money back. Contact Revolut x chat, If it’s really a mistake they should be able to reverse It.",Poetic_Dalmatian,7,2025-12-23 02:44:15,Revolut,Reddit
nvfd2ud,1pt9aep,Received $$ from random account. Now Revolut asks for sending it back,"sounds very sus, but not impossible, don't touch the money, leave it in the pot it is in, and make sure you never use it by mistake. You haven't done anything illegal, at best the sender would be able to bring a civil matter before the courts for unjust enrichment, but nothing criminal. Decent thing is confirm it is legit via revolut support and authorise them to revert the transaction rather than just sending it yourself.",galwall,7,2025-12-22 20:13:44,Revolut,Reddit
nvfg8nj,1pt9aep,Received $$ from random account. Now Revolut asks for sending it back,"in poland there is a law: if you send to wrong account, you can request the bank to inform the receiver about it. and if the receiver will not send it back, bank is obliged to provide details about receiver so the sender can go to court.",januszmk,8,2025-12-22 20:30:14,Revolut,Reddit
nvflcws,1pt9aep,Received $$ from random account. Now Revolut asks for sending it back,"Scam. They send you money from third party, and then ask money from you to their name. You are laundromat. Don't send anything",Windson86,3,2025-12-22 20:57:13,Revolut,Reddit
nvfbwft,1pt9aep,Received $$ from random account. Now Revolut asks for sending it back,If you have worries then speak to Revolut? How could you be scammed if they messaged you in the app? Doesn’t make sense.,Rideordiecdxx,6,2025-12-22 20:07:32,Revolut,Reddit
nvl1ppq,1pt9aep,Received $$ from random account. Now Revolut asks for sending it back,"A bank requesting you to return erroneously transferred funds is a legitimate thing to have happen. Although exceedingly rare and it makes one ask how the funds were cleared unless your name magically matched the intended recipients name.

If someone sends a transfer to you in error, you are not allowed to just keep the funds. That will land you in a word of trouble. Ultimately it goes to court and you are ordered to return the sum, plus interest, plus legal and court fees. If your balance isn't sufficient, then typically the court orders the bank to transfer the funds and your balance goes negative, which can incur horrendous penalties on top of what's already happened.

If OP legitimately received funds to their PERSONAL Revolut, then the sender cannot reverse the transaction. This is not a thing in European consumer banking. Reversals are only allowed on commercial bank accounts and they are for card payments. To enact a reversal on interbank transfer to a personal account requires a court to order the funds transferred back by the sending bank account when the account holder does not do so, e.g. refusal or the account holder is unreachable.

However Revolut asking you to send the money back in an in-app message is...well, lets say unorthodox. Not illegal, but not how I'd suggest going about it. I would send the money back only after a clearly written instruction and clear identification (company stamp, company number, Tax ID, address, name of signatory; all the things you can verify online) that the company sending me the writ also appears to be the company who sent the funds to me by mistake.",Dangerous-Dad,2,2025-12-23 18:20:02,Revolut,Reddit
nvibojm,1pt9aep,Received $$ from random account. Now Revolut asks for sending it back,Transfer all yr money out close your account.,Lonely_Cold2910,2,2025-12-23 07:26:03,Revolut,Reddit
nvg943n,1pt9aep,Received $$ from random account. Now Revolut asks for sending it back,Dont,OkResort8287,1,2025-12-22 23:04:48,Revolut,Reddit
nvgib15,1pt9aep,Received $$ from random account. Now Revolut asks for sending it back,Why do people even accept the money in first place??,Nashmurlan,1,2025-12-22 23:59:04,Revolut,Reddit
nvhvqnu,1pt9aep,Received $$ from random account. Now Revolut asks for sending it back,"Happened to me with another bank, once the money is in your account the bank cannot take it back without your approval. Same if you send a payment to the wrong account or with the wrong amount. You can ask them to return the money, you can ask the bank to ask them to return the money, or you can sue them. Safe way to react is 1) make sure who you are discussing with 2) tell the bank to reverse the transaction, but do not do it yourself",PopMysterious6704,1,2025-12-23 05:10:32,Revolut,Reddit
nvi0ebu,1pt9aep,Received $$ from random account. Now Revolut asks for sending it back,"If you mistakenly send money to the wrong account, you can dispute it and the bank takes it back without contacting the account holder. So we know that it’s not Revolut contacting you. On the other hand, if you raise suspicion and dispute a large amount of incoming money, Revolut has the right to freeze any suspicious accounts for investigation, including yours, and they unfreeze only if you provide legitimate receipt of the source of this money.",topouzid,1,2025-12-23 05:46:52,Revolut,Reddit
nvi0han,1pt9aep,Received $$ from random account. Now Revolut asks for sending it back,How much?,Efficient_Kiwi_9885,1,2025-12-23 05:47:32,Revolut,Reddit
nvianlr,1pt9aep,Received $$ from random account. Now Revolut asks for sending it back,"Open a fresh chat request and speak to an agent, if they confirm then yes return. European and UK banking allow a bank to request a chargeback, but they can only ask and not take. The scam is usually you receive and your reached by someone posing as the bank, here its not the case, it seems in app chat and the transaction is marked requesting like another user. You have a choice either you do it yourself or the sender could take legal action against you in time for withholding funds you were not entitled to",ballistic8888,1,2025-12-23 07:16:30,Revolut,Reddit
nvib32w,1pt9aep,Received $$ from random account. Now Revolut asks for sending it back,They are such scumbags asking this.,J_dizzle86,1,2025-12-23 07:20:28,Revolut,Reddit
nvip1pd,1pt9aep,Received $$ from random account. Now Revolut asks for sending it back,"Do not send the money back. If they ""mistakenly"" send you money and if they ask for this to be reversed, you will lose the money you send to them + the original amount that has been sent to you. Bank should refund the money themselves, without needing any information from you. However talking with revolut about this is a good idea without giving the chat your info or send any money to the account that theu suggest.",gonomon,1,2025-12-23 09:36:12,Revolut,Reddit
nvis711,1pt9aep,Received $$ from random account. Now Revolut asks for sending it back,"Not a scam, the sender might have mistyped the beneficiary details which resulted in funds getting transferred into your account. Now the sender must be contacting them to get the funds back. Best option would be to ask the support to revert the transaction on your behalf to avoid any further mistakes or typos",Working_Door7611,1,2025-12-23 10:06:45,Revolut,Reddit
nvisbri,1pt9aep,Received $$ from random account. Now Revolut asks for sending it back,"Here’s how i see a potential scam working:

You mentioned “Why dont they revert the transaction if I was not the correct receiver?”
They will probably do that after you send the funds, or if some time passes and you ignore them. Better not do anything and just keep those funds untouched.",danielrgfm,1,2025-12-23 10:08:01,Revolut,Reddit
nvivj4m,1pt9aep,Received $$ from random account. Now Revolut asks for sending it back,They are using you to laudry money they send you money and afther that they give you an other account to send them back,Ok_Candidate_7597,1,2025-12-23 10:38:50,Revolut,Reddit
nvix5uf,1pt9aep,Received $$ from random account. Now Revolut asks for sending it back,"I would report it do Revolut and they will sort it out if needed.

Asking you to wire any money is always a scam.",Kobakocka,1,2025-12-23 10:54:08,Revolut,Reddit
nvizau1,1pt9aep,Received $$ from random account. Now Revolut asks for sending it back,Take out the money. Good luck to scammers!,Ambitious-Scheme964,1,2025-12-23 11:13:48,Revolut,Reddit
nvj9808,1pt9aep,Received $$ from random account. Now Revolut asks for sending it back,This is the classic sendback scam. Do not reply and ignore/block any future comms from them,reduxis,1,2025-12-23 12:35:23,Revolut,Reddit
nvl27ub,1pt9aep,Received $$ from random account. Now Revolut asks for sending it back,"Not only a scam, but one of the most common ones.",kevinguitarmstrong,1,2025-12-23 18:22:27,Revolut,Reddit
nvljvop,1pt9aep,Received $$ from random account. Now Revolut asks for sending it back,"Don't return them or spend them; if they share your personal data, sue them.",Badezki,1,2025-12-23 19:50:49,Revolut,Reddit
nvlk81s,1pt9aep,Received $$ from random account. Now Revolut asks for sending it back,"Go to the app. Open a support chat. Tell them what happened, ask them to reverse the transaction. 

This is the only way to be sure you're not falling into a scam.",katatondzsentri,1,2025-12-23 19:52:34,Revolut,Reddit
nvmcohd,1pt9aep,Received $$ from random account. Now Revolut asks for sending it back,"Yes, this is a well known money laundering scam.

Report it to the police in your area.",ashscot50,1,2025-12-23 22:22:24,Revolut,Reddit
nvmgtd2,1pt9aep,Received $$ from random account. Now Revolut asks for sending it back,"It was, just sent back half and we will call it quits",magss94,1,2025-12-23 22:45:02,Revolut,Reddit
nvmi32a,1pt9aep,Received $$ from random account. Now Revolut asks for sending it back,Just dont touch the money. Revolut will revert if see fit to do so. Could be a scam where you will send it back and revolut will take another same sum from you,StillSalt2526,1,2025-12-23 22:52:11,Revolut,Reddit
nvmjpy8,1pt9aep,Received $$ from random account. Now Revolut asks for sending it back,"Let that money be and enjoy free interest from it. If it is a mistake, Revolut can probably revert it.",migunza,1,2025-12-23 23:01:27,Revolut,Reddit
nvmq6dr,1pt9aep,Received $$ from random account. Now Revolut asks for sending it back,"EDIT: 

For those of you wondering, here is the original message via customer support chat in App! 

„ Hello [My Name].
This is Betty from the Revolut Business Customer Support Team.

I am contacting you regarding an internal transfer that you received on [Date] from [Sender Company Name]. You can view this transaction here:
transaction￼

The sender of this transfer contacted us via chat and stated that the money was intended for a different person. Unfortunately, the transfer was mistakenly sent to your account.

The sender is now requesting a return of these funds, and we would greatly appreciate your cooperation. If you would like to return the funds yourself, please go to the “Transfers” section in your Revolut app, select the sender of the transfer, tap on their name, and choose the “Send” action on the next screen.

Alternatively, we can manually return the funds from our side—please let us know if you would like us to proceed with that.

Please note that we reserve the right to share your full name and address with the sender, if necessary, to enable them to initiate legal proceedings.“


Any ideas on this? The comments are quite ambiguous.",raznoah,1,2025-12-23 23:39:46,Revolut,Reddit
nvmu7rg,1pt9aep,Received $$ from random account. Now Revolut asks for sending it back,You can just send me the money and forget about the whole thing… 😜,giraffe_munk,1,2025-12-24 00:04:08,Revolut,Reddit
nvp22k5,1pt9aep,Received $$ from random account. Now Revolut asks for sending it back,Take out the funds and close the account dude,bastiancointreau,1,2025-12-24 10:06:56,Revolut,Reddit
nvqsipx,1pt9aep,Received $$ from random account. Now Revolut asks for sending it back,It is not revolut support!!!! Where did you open this “chat”??? Do not click on links coming from real Revolut emails!!!,unrealaz,1,2025-12-24 17:07:19,Revolut,Reddit
nvs43ta,1pt9aep,Received $$ from random account. Now Revolut asks for sending it back,I would move it into bitcoin then an external wallet just to be sure 👌,Suspicious-Quote-888,1,2025-12-24 21:36:18,Revolut,Reddit
nvt1tut,1pt9aep,Received $$ from random account. Now Revolut asks for sending it back,Wish some one tried this to me😂 Would just withdraw the money and close account.,Loco-Ho,1,2025-12-25 01:25:41,Revolut,Reddit
nvt96ih,1pt9aep,Received $$ from random account. Now Revolut asks for sending it back,"If it wants the money sent back to another account it is probably a scammers money and they won't sue you. Transfer ur funds elsewhere, close your account and enjoy your money.",No_Talk_9835,1,2025-12-25 02:21:27,Revolut,Reddit
nvugm1c,1pt9aep,Received $$ from random account. Now Revolut asks for sending it back,Ask them to fix it. Do not send it yourself.,ElBisonBonasus,1,2025-12-25 08:46:04,Revolut,Reddit
nvusgra,1pt9aep,Received $$ from random account. Now Revolut asks for sending it back,"I can read in the comments this is a scam and you would send money back to the sender twice because they later reverse the transaction to get their original money back. So my question is, how would you lose money…if the scammer can reverse the transaction, surely you can do the same to get your money back the same way",ThinWheel6196,1,2025-12-25 10:56:03,Revolut,Reddit
nvv5mca,1pt9aep,Received $$ from random account. Now Revolut asks for sending it back,"It's hard to know as friends sent money to the wrong account recently and the recipients won't give it back so they need revolut to get it back, I wouldn't do anything until you can talk to someone in revolut",Lazy-Salad9008,1,2025-12-25 13:05:13,Revolut,Reddit
nvvgbl3,1pt9aep,Received $$ from random account. Now Revolut asks for sending it back,"Scam. You send it back, and they do charge back so you lose the money twice. Either ignore or contact the actual support to let them know",_generateUsername,1,2025-12-25 14:26:32,Revolut,Reddit
nvw7gxc,1pt9aep,Received $$ from random account. Now Revolut asks for sending it back,"&gt; Now two days later revolut chat send me a message to send it back  


How? In the app?  
Revolut would know how to *revert* a payment, by making them responsible rather than you. 99.999% chance it is NOT revolut support.  ",laplongejr,1,2025-12-25 17:17:01,Revolut,Reddit
nw0s8x9,1pt9aep,Received $$ from random account. Now Revolut asks for sending it back,I'm sure it's not Revolut contacting you. You should talk to support yourself. Don't send the money to another account,Unbreakable2k8,1,2025-12-26 13:35:06,Revolut,Reddit
nasq1kz,1n0oo60,My Revolut account was restricted,Don't have your main bank as someone you can't phone or visit face to face. Revolut is great but would never use it as my main. They're great til you have an issue. Then it's a million chats and nothing done,Specific_Analysis,52,2025-08-26 18:17:13,Revolut,Reddit
nas4jlq,1n0oo60,My Revolut account was restricted,What kind of tenancy do you have where they can evict you with less than one month of arrears??,ShettyGamerUK,35,2025-08-26 16:34:39,Revolut,Reddit
nas3a2f,1n0oo60,My Revolut account was restricted,Sorry to hear this. I am in same situation and I risk being blacklisted due to accumulated bills. This is trauma 💔.  I feel really sick and getting depressed 😔,MimiBerthany,10,2025-08-26 16:28:35,Revolut,Reddit
naup65n,1n0oo60,My Revolut account was restricted,"I had £5,700 blocked by Santander for 8 months. They asked of evidence where it was from, I sent them it and they said on the phone that it looked fake. They closed my account and moved it into a financial crime pot. I had to go to the financial ombudsman to get it back after submitting a complaint with the bank and then waiting 8 weeks. Santander never made the final response available to me. 

You’re gonna have to submit a formal complaint to Revolut and then go via the ombudsman if they refuse to give it back.",ThrowRA_Injury9975,5,2025-08-27 00:05:46,Revolut,Reddit
nawq280,1n0oo60,My Revolut account was restricted,"I have used revolut since it's inception and have never had an issue. This stuff scares me because revolut is my main joint account for me and my partner. Whilst we have our own ""proper"" banks that our salaries go into, we are still reliant on revolut functioning for joint bills (excluding housing).

I've also got a personal revolut and so has my partner and neither of us have ever had an issue. We've traded in stocks, bitcoin, send money to family, visited many different countries, bought online...

I was hoping to spot a pattern with what people are e doing in order to get restricted but it seems totally random, or people aren't disclosing what they are doing to trigger the review.",Silxx1,4,2025-08-27 08:30:21,Revolut,Reddit
naso5v3,1n0oo60,My Revolut account was restricted,"Good luck , same issue during 1 month",Ill_Designer8652,3,2025-08-26 18:08:39,Revolut,Reddit
naspmz5,1n0oo60,My Revolut account was restricted,"Damn sucks, hopefully you can get it resolved quickly :(",mikalismu,3,2025-08-26 18:15:24,Revolut,Reddit
nav9not,1n0oo60,My Revolut account was restricted,Any chance your dad is from Russia or Belarus? If so then it will be hard to unfreeze the money.,mariusxxz1,3,2025-08-27 02:02:49,Revolut,Reddit
nawyncb,1n0oo60,My Revolut account was restricted,"Hi there, 

We're sorry to hear about your experience and would like to look into your case in more detail. We've sent you a DM to find out more.

We can't always disclose the exact reason your account is restricted, but you can learn more about why Revolut may need to restrict accounts here: https://www.revolut.com/blog/post/why-does-revolut-restrict-accounts/. 

At Revolut, customer protection and compliance with financial regulations are top priorities. This can sometimes mean taking necessary actions - like restricting accounts - in line with our policies and legal obligations.


Please check your inbox when you have a moment - we can't discuss this publicly for security reasons, but will look into your case for you as soon as we can. Thanks in advance.",RevolutSupport,5,2025-08-27 09:54:17,Revolut,Reddit
nauoqpv,1n0oo60,My Revolut account was restricted,Restricted and no notice? What communication did you receive?,StatisticianIcy2712,2,2025-08-27 00:03:23,Revolut,Reddit
naupu5s,1n0oo60,My Revolut account was restricted,"After reading it. Probably flagged due to money laundering. If you can proof where the money came from you should be good. But a random story and saying your dad, sent it there and you do that and that and that, needs to be supported by documents. So a bank statement from your dad, in his name, with his ID, same last name, transaction history etc. if he’a your dad you should be showing a history of transaction between the both of you. Pretty simple if you have the documents",StatisticianIcy2712,2,2025-08-27 00:09:25,Revolut,Reddit
nas9l3p,1n0oo60,My Revolut account was restricted,What recent transactions have you made ? Did you trade crypto ? Did you receive monies from someone via bank transfer ? Did you make any unusual purchases etc ?,SuccotashFull665,3,2025-08-26 16:58:31,Revolut,Reddit
nasvhmi,1n0oo60,My Revolut account was restricted,I appreciate UK financial laws are different so trying to understand why they restricted your account? I recently had to prove my income but that’s because my Revolut origin country has a change of the laws from the monetary authority.,musicmast,1,2025-08-26 18:41:42,Revolut,Reddit
nausxxw,1n0oo60,My Revolut account was restricted,Same thing has happened to me with Revolut it’s been restricted since the 17th of July and i keep messaging them and they keep saying i have to wait. It is complete and utter nonsense. All my DD’s have been bouncing as well and i had to open another account especially to pay them. I am just waiting to get my money back and then just close this pathetic bank.,zorro09099,1,2025-08-27 00:26:34,Revolut,Reddit
nawfb9r,1n0oo60,My Revolut account was restricted,"i dont wanna provocate u or anything else in that way but i cant imagine that these Online Banks set restrictions just out of boredom,i have been in some online banks and never  had any problems,also been Revolut customer over 1 1/2 year without any problems,everything went well,i also did high transactions all went well,so idk bro",Aatrox24,1,2025-08-27 06:49:55,Revolut,Reddit
nawo8fz,1n0oo60,My Revolut account was restricted,This is always happening always more often. I know at least 3 people that had the same issue...😅,Galelz,1,2025-08-27 08:12:44,Revolut,Reddit
nax2jpi,1n0oo60,My Revolut account was restricted,Ultra is great in this regard bcs you get instant help every time.,Tievvin,1,2025-08-27 10:32:02,Revolut,Reddit
naxf6sp,1n0oo60,My Revolut account was restricted,Why were you chased out of your home?,Academic_String_1708,1,2025-08-27 12:16:25,Revolut,Reddit
nazcycp,1n0oo60,My Revolut account was restricted,Who still uses this absolute piece of s,ProtectionPrevious71,1,2025-08-27 18:22:11,Revolut,Reddit
nb0kpa2,1n0oo60,My Revolut account was restricted,One more reason why Revolut (and similar banks for that matter) will never be able to replace the big banks.,hedgeeffect,1,2025-08-27 21:46:39,Revolut,Reddit
nb0p14z,1n0oo60,My Revolut account was restricted,I was restricted for more than 3 weeks . i was ultra member since 2019 and now they are closing my account,maymou92,1,2025-08-27 22:07:22,Revolut,Reddit
nb2n0t4,1n0oo60,My Revolut account was restricted,"Standard revolut, I would no longer trust them with anything. A once great service that is now the pits",MarkC89,1,2025-08-28 04:48:25,Revolut,Reddit
nb3psso,1n0oo60,My Revolut account was restricted,"Go on Facebook and Instagram , look for their revolut account , look for their post, and put a comment With picture if you can … one or three post to add a comment , they will come back to you and deal with you… 

This worked for me …",djobbito,1,2025-08-28 10:35:42,Revolut,Reddit
nb7fyv0,1n0oo60,My Revolut account was restricted,"Oh you’re so cooked, I remember when mine was frozen 2 weeks ago. I was going crazy",Kingpanther_,1,2025-08-28 22:25:09,Revolut,Reddit
nbhfw30,1n0oo60,My Revolut account was restricted,"The same thing happened to me. Closed my account without reason. Zero support or explanation.
Chased it up with the financial ombudsman who couldn’t do anything.",OwnZookeepergame2395,1,2025-08-30 13:54:34,Revolut,Reddit
nbixtwn,1n0oo60,My Revolut account was restricted,gotta love Revolut there is always some problems with them…,Dazzling_Minute918,1,2025-08-30 18:38:40,Revolut,Reddit
nbn0nb8,1n0oo60,My Revolut account was restricted,Message @arviziumofficial on instagram he will sort you out he sorted me out,CommunicationLoose42,1,2025-08-31 11:12:25,Revolut,Reddit
nbnbmah,1n0oo60,My Revolut account was restricted,"If there is a bank I hate that is definitely Revolut ! 

They closed my account in 2020 and couldn’t have one until this year when I reopened it finally and after a month they closed it again! 

Finish with them! Not any more hassle! 

Bro! Use Wise ! You won’t regret! Especially in the UK 



https://wise.com/invite/ihpn/danielb6024


Open quickly and account and enjoy yourself! 

Will drop you few quid for a coffee",Alone_Mess_4544,1,2025-08-31 12:47:59,Revolut,Reddit
nbua4r9,1n0oo60,My Revolut account was restricted,"Please can you sign this petition against revolut for action to be taken &amp; to protect costumer. 

https://www.facebook.com/share/19vDFmAvCk/?mibextid=wwXIfr",Sad-Championship220,1,2025-09-01 15:15:46,Revolut,Reddit
ncvwhrj,1n0oo60,My Revolut account was restricted,Having same issue as a Premium customer and have been locked out for 2 weeks now without warning or explanation. Support act like cheap copy past AI. Best not put any large amount of money as they still act like a startup company!,ActParty7801,1,2025-09-07 12:05:20,Revolut,Reddit
ndsrmwt,1n0oo60,My Revolut account was restricted,Then same thing has happened to me is your account still restricted,Positive_Service3284,1,2025-09-12 12:36:18,Revolut,Reddit
nhinfa1,1n0oo60,My Revolut account was restricted,Please have you gotten a response on this yet?,Critical_Finance523,1,2025-10-03 10:41:11,Revolut,Reddit
nhinj29,1n0oo60,My Revolut account was restricted,Revolut blocked mine too.,Critical_Finance523,1,2025-10-03 10:42:12,Revolut,Reddit
nn2m7fb,1n0oo60,My Revolut account was restricted,Did the situation get resolved finally? I am going through the same thing right now,OrganizationOwn4422,1,2025-11-04 15:53:03,Revolut,Reddit
nnwto2k,1n0oo60,My Revolut account was restricted,"Je rencontre l’exacte meme problème depuis le 1er octobre 2025. Le support client par chat ne sert strictement à rien. Je les contacte tous les jours et quand on me répond c’est toujours les mêmes templates de réponses robotiques évasives. Actuellement on ne me répond même plus et on néglige complètement mes demandes et mon compte reste entièrement restreint pour tous type de transactions. Meme les agents sur les réseaux sociaux ne servent à rien, personne n’escalade mon problème et pas d’évolution.

À toutes les personnes qui se trouve dans la meme situation, j’espère qu’à force de plusieurs signalisations sur SignalConso, Revolut sera dans l’obligation de résoudre le problème avec meme une indemnisation.

À tous les lecteurs, JE DÉCONSEILLE FORTEMENT CETTE BANQUE.",ChitosPotatoes,1,2025-11-09 10:36:38,Revolut,Reddit
nas1tjw,1n0oo60,My Revolut account was restricted,Chsnge the Bank,VolvicVoda,0,2025-08-26 16:21:39,Revolut,Reddit
nauz8fm,1n0oo60,My Revolut account was restricted,Revolut is shit internet bank. Never have any large amount of money there or use it as main bank account. Just top it up before you go paying,OkTry9715,-1,2025-08-27 01:02:04,Revolut,Reddit
nat82kq,1n0oo60,My Revolut account was restricted,It's kinda funny that people who lose access to their Revolut automatically end up in the streets. Maybe don't be a money mule?,PmMeYourMug,-2,2025-08-26 19:40:51,Revolut,Reddit
natigzo,1n0oo60,My Revolut account was restricted,Eish this is devastating.,WinterMoneys,-1,2025-08-26 20:31:22,Revolut,Reddit
o20ooa0,1qodzs2,Breaking news: Revolut is actually superb if you’re not shady or do shady stuff (my review as a normal user),I must say I‘m satisfied with revolut. The multiple digital card feauture is amazing,OneAdvertising8310,66,2026-01-27 14:14:07,Revolut,Reddit
o20wb3e,1qodzs2,Breaking news: Revolut is actually superb if you’re not shady or do shady stuff (my review as a normal user),How's the customer service ?,indomitus1,14,2026-01-27 14:51:59,Revolut,Reddit
o20lptd,1qodzs2,Breaking news: Revolut is actually superb if you’re not shady or do shady stuff (my review as a normal user),"Absolutely Agree, I have been with Revolut for 7+ years now and am very happy. I stopped using my local-bank-issued credit and debit cards and have been with Revolut only except for car rentals which (at least over here in western Europe) seem to require credit cards.

The costs of having a lot of free fancy features is of course that there are no local branches and the support might be a hassle.

Note: Still using my local bank for everything that is not related to card payments.",jedimarcus1337,15,2026-01-27 13:58:50,Revolut,Reddit
o21cjdg,1qodzs2,Breaking news: Revolut is actually superb if you’re not shady or do shady stuff (my review as a normal user),"Lol, honest hard working people havin their salaries blocked and your response is that it must be cus they’re shady

And when things go wrong, they have automated outsourced responses. 

I can’t even count how many times people have reported Revolut to their country’s financial regulator.

You’re just basically saying Revolut is great because nothing bad has happened **to me** and everyone who has had something bad happen, had it coming and that it’s their own fault lol

A bank is only as good as it is when things go wrong, it’s like reviewing a life jacket while you’re on dry land and never had to actually use it",believesinconspiracy,5,2026-01-27 16:06:06,Revolut,Reddit
o20n05f,1qodzs2,Breaking news: Revolut is actually superb if you’re not shady or do shady stuff (my review as a normal user),I actually agree. I have been using it since 2019. Never had one problem. (Knock wood),MeowSaint,7,2026-01-27 14:05:32,Revolut,Reddit
o20t14m,1qodzs2,Breaking news: Revolut is actually superb if you’re not shady or do shady stuff (my review as a normal user),Completely agree. My wages get paid in (a day early too) and I use it as my daily driver! No concerns whatsoever!,Economy-Fennel-8092,7,2026-01-27 14:35:55,Revolut,Reddit
o21hpf7,1qodzs2,Breaking news: Revolut is actually superb if you’re not shady or do shady stuff (my review as a normal user),"While i agree 99% , i been using revolut for a very long time. Always tho these kind of post are from people doing shady things and such, until i got a message. 

They asked me from revolut who is Maria* and why am sending her money. I said she is my girlfriend and sometimes i buy her things. Like she was at Zara and showed me a cute t shirt and she was thinking hard about getting it. I was like just get it and dont over think it here are 20 euros. Few days later we are out for dinner she wants to pay i disagree but she does anyway. Later that night i send her the money for the food. And so on and so on. I explain in details to the guy from revolut why am sending and receiving money from Maria. Small amounts that over time can mount up. For example a bill with food could get to 200 on rare occasions

His response was ok we need a receipt. Am like what kind of receipt i just spend 10 minutes explaining what the money is for how can i get a receipt? He got aggressive and said they can close my account any time if i dont produce a receipt. I shit my pants right here and there cause i use revolut every day and have money in savings plus stocks. I go to work ask the accountant to print me a fake receipt for the amount he asked me for. I send the receipt, case closed. 

Like i think their support dont even speak english they are 100% outsourced. Everything great since then but that really scared me and made me understand. If support gets in contact with you, you are fucked because there is no way you communicate with them. Even without doing anything shady i almost had my account cooked.",PetrisCy,7,2026-01-27 16:28:35,Revolut,Reddit
o210rh4,1qodzs2,Breaking news: Revolut is actually superb if you’re not shady or do shady stuff (my review as a normal user),"Most users are normal users until Revolut decides to investigate you... Then you're a pissed off user that can't access your own funds.

  
Never happened to me in 4.5 years, yet 🤞",IllCollection,6,2026-01-27 15:13:22,Revolut,Reddit
o20udzq,1qodzs2,Breaking news: Revolut is actually superb if you’re not shady or do shady stuff (my review as a normal user),"Totally agreed, i'm using Revolut when i travel so barely transfer cash to that account. 
So issues ever. 

Most stories here about people being closed off leave out info, so the fault is or seems to be Revolut.",Efficient-Vanilla413,5,2026-01-27 14:42:39,Revolut,Reddit
o21rpu1,1qodzs2,Breaking news: Revolut is actually superb if you’re not shady or do shady stuff (my review as a normal user),"I signed up for revolut the day I legally could 6+ years ago. Now it's my main bank, along with some of my family members.

For my usage, it's much better than all the banks in my EU country and most of EU. 

I agree that 90% of the complains are due to user misuse, and that reddit/ reviews/ etc are an echo chamber of negativity, it's only natural. Normal people use social media to complain not praise their bank 😂

That being said, customer support is bad. This is not a Revolut only problem but a problem in the support industry of today, especially the text based part of it.

A combination of overworked people that awnser multiple chats simultaneously, people with bad English skills that use translate tools, and limited escalation powers leaves requests and  problems, without an established procedure or mention in the internal knowledge base, dead in the water.

Banks must project trust, a person sending you the same nonsensical copy paste, AI driven awnser to a very specific request doesn't cut it.",cspartalis,2,2026-01-27 17:11:46,Revolut,Reddit
o2d2zcf,1qodzs2,Breaking news: Revolut is actually superb if you’re not shady or do shady stuff (my review as a normal user),"https://preview.redd.it/s18x921w88gg1.jpeg?width=1290&amp;format=pjpg&amp;auto=webp&amp;s=fc09eb7b8fb1997149bd19dab73a1dbb4dc61886

For trying to add $20 USD with Apple Pay/ Apple Cash",imposter1240,2,2026-01-29 05:49:43,Revolut,Reddit
o212t78,1qodzs2,Breaking news: Revolut is actually superb if you’re not shady or do shady stuff (my review as a normal user),All your review confirms is that revolut is great if you haven't experienced a problem with revolut ,lkdubdub,2,2026-01-27 15:22:52,Revolut,Reddit
o214pia,1qodzs2,Breaking news: Revolut is actually superb if you’re not shady or do shady stuff (my review as a normal user),"&gt; it's not some lawless Wild West just because it lacks physical branches. I think many people forget that.  


It *is* a Wild West because Revolut doesn't care about us, only regulations.  
People here seem used to their bank trying to please them. Revolut *will* block when an anomaly is too complex to handle.  



They never saw their physical branch telling in their face that their appointment has to be cancelled because somebody more important need an employee now, and to reapply to come back in a few weeks.  


&gt; in other words NORMAL HUMAN behavior.

True... if you consider ""normal"" to be the majority.  
For example would you consider ""normal"" to loan 20000€ to a parent, so they can buy their new home with a better loan from the bank? Would you trust Revolut for that, or would you expect for it be flagged as anormal?  


If it's anormal, would you say to a familly member that one can loan at high APR while the other saves at low APR? What's the point of saving money then...  


ANYTHING anybody does can look anormal, if it goes through the wrong lense. I just can't recommend to use Revolut as the only one bank account.  

&gt; As for the people saying they don't know why their account was locked, yes they do.

*Tldr: Revolut doesn't care about us. If a human does a mistake, Rev's reaction won't be to fix the error and salvage the situation. It's to burn the bridge to reduce the liability and find other customers elsewhere.*    



No, they literally don't. Because they signed up without reading the TOS, and are then surprised Revolut expects them to actually follow the thing. ""Yes, sharing your card is forbidden, it's in the TOS. Yes, you signed the thing and said Revolut you read it. Yes, you then shared your card"" but somehow it's Revolut's fault for the unwarned ban...  

As an example, my main bank asked if other people can access my wife's personal email. Turns out that yes, she shared the password with someone so there was a security risk if they sign up with her personal email.    
Would've Revolut asked the question before signing up, or would they have simply blocked the account later on for the anormality of ""failing to secure access""? We *all* know the answer here.  ",laplongejr,3,2026-01-27 15:31:36,Revolut,Reddit
o224v2m,1qodzs2,Breaking news: Revolut is actually superb if you’re not shady or do shady stuff (my review as a normal user),Revolut is not a bank. It partners with banks. Just wanted to clarify that.,AskPatient1281,3,2026-01-27 18:08:29,Revolut,Reddit
o21b4xe,1qodzs2,Breaking news: Revolut is actually superb if you’re not shady or do shady stuff (my review as a normal user),"https://preview.redd.it/k4pmkckzzwfg1.jpeg?width=1080&amp;format=pjpg&amp;auto=webp&amp;s=609de4375913b7ec4bb0bfab65b6e5b8c4086248

I have an issue with ordering a free card when you are on the higher plan and then finding out it's billed because you cancelled the plan.

The advertisement looks a tiny bit **misleading** imo.",ManyTransportation61,2,2026-01-27 15:59:59,Revolut,Reddit
o2223t8,1qodzs2,Breaking news: Revolut is actually superb if you’re not shady or do shady stuff (my review as a normal user),Wait till your country gets sanctioned. Then all your normal business could become shady almost overnight,Character_Ad_3219,2,2026-01-27 17:56:42,Revolut,Reddit
o222ip7,1qodzs2,Breaking news: Revolut is actually superb if you’re not shady or do shady stuff (my review as a normal user),They are ok .but shutting down accounts for gambling is ridiculous/buying crypto..both are legal ..rev lost me over 4k in investments so ill be seeing them in court and how they show favouritism and dont follow their terms of service,Hungry-Librarian-925,2,2026-01-27 17:58:28,Revolut,Reddit
o213v14,1qodzs2,Breaking news: Revolut is actually superb if you’re not shady or do shady stuff (my review as a normal user),"Also a happy user ! Only slight bug is when you use the card multiple times, same venue quickly. I know this is a security mechanism but here’s where UST caught me out .
Some gas stations in Ukraine take 2 payments for Diesel  and then coffee . If you then have that Fuk it I need oil moment and try to buy it may get refused - not always , seems station to station even within the same group . Also in  Restaurants they always take 2 payments food/drinks and if you then go stand at the bar it can be a bit embarrassing. So I always carry a second or cash . Other than that I hope they continue to grow, maintain their service and some big fat useless commercial banks go by the wayside .",CharacterDull8923,1,2026-01-27 15:27:40,Revolut,Reddit
o22domg,1qodzs2,Breaking news: Revolut is actually superb if you’re not shady or do shady stuff (my review as a normal user),Shady stuff like receive tax return from UK tax office HMRC? Been waiting for my money for two months now,mikkopai,1,2026-01-27 18:45:43,Revolut,Reddit
o22e1uo,1qodzs2,Breaking news: Revolut is actually superb if you’re not shady or do shady stuff (my review as a normal user),yep agree,lily11567888,1,2026-01-27 18:47:16,Revolut,Reddit
o22ewct,1qodzs2,Breaking news: Revolut is actually superb if you’re not shady or do shady stuff (my review as a normal user),"We use it at work and it has been great. But to assume it’s always great for everyone so long as they arent shady is hopeless naivety. Plenty of legit people have had problems. I’ve had hundreds of thousands tied up for two months when using another digital money service, and my business is a legit as they come. 

Sometimes these companies are shitty and the lack of branches make it very hard to manage that situation.",bourton-north,1,2026-01-27 18:50:49,Revolut,Reddit
o22fa1h,1qodzs2,Breaking news: Revolut is actually superb if you’re not shady or do shady stuff (my review as a normal user),"Every person experience is different also people tend to complain more then praise.  
I once wrote a mail for work related matter praising a supplier and I got back an apology mail in the mailbox instead, because she misread and thought it was impossible to receive a good mail at that late time of the day.",SnooSprouts7609,1,2026-01-27 18:52:25,Revolut,Reddit
o22qqz0,1qodzs2,Breaking news: Revolut is actually superb if you’re not shady or do shady stuff (my review as a normal user),"Personally if have paid out tens of thousands of euros on to my revolut bank account from my crypto exchange over the last few years. 

I have never had any issue with the bank. (Knocks on wood) 

With other banks i get a phone call quite soon after.. 🫩",AvailableAd7874,1,2026-01-27 19:42:36,Revolut,Reddit
o22v1ee,1qodzs2,Breaking news: Revolut is actually superb if you’re not shady or do shady stuff (my review as a normal user),Yeah I have to agree. I ger paid my salary in to it monthly and use it to lend my friends money in Spain (no dodginess) no pros so far touch wood,Big-Mechanic-2912,1,2026-01-27 20:01:33,Revolut,Reddit
o2327xg,1qodzs2,Breaking news: Revolut is actually superb if you’re not shady or do shady stuff (my review as a normal user),"Sure sure , everyone is doing shady stuff, Only that you have not had not problem , it does not mean that others did not. So you can take your paid propaganda. Revolut is owned by Russian oligarch so no wonder he pays for PR agency to get their shitty reputation up.",OkTry9715,1,2026-01-27 20:34:14,Revolut,Reddit
o232t6q,1qodzs2,Breaking news: Revolut is actually superb if you’re not shady or do shady stuff (my review as a normal user),"It really comes down to whether you are behaving like a normal person. If you only use the account to move 4 digit sums, it looks weird. If you regularly are paying for transit, buying coffee, groceries, that movie ticket, that phone bill, your rent, that bed and breakfast on that weekend trip, etc..., then you're a normal person, who might occasionally shift more money because you're planning to buy a house or paying for that first year of university.",mikepictor,1,2026-01-27 20:36:56,Revolut,Reddit
o23bcpm,1qodzs2,Breaking news: Revolut is actually superb if you’re not shady or do shady stuff (my review as a normal user),"Personally, I consider myself normal, and my experience has been generally very good, but I find that while Revolut is certainly a good bank and offers superb features, it's everything behind the scenes that made me go back to my bank (and yes, paying a bit for a ""good card,"" but hey, I was also paying for Revolut Metal). So yes, a good bank for everyday use, but not for storing savings (or just a 2-3k emergency fund), but for everything else, no. And then there are the sometimes bizarre conversations from the bot, which might be a bit much.",Geniuous_MrFlappy,1,2026-01-27 21:15:12,Revolut,Reddit
o23ejzh,1qodzs2,Breaking news: Revolut is actually superb if you’re not shady or do shady stuff (my review as a normal user),shady stuff like getting locked for buying burger king,ShiestySorcerer,1,2026-01-27 21:29:10,Revolut,Reddit
o23f1xp,1qodzs2,Breaking news: Revolut is actually superb if you’re not shady or do shady stuff (my review as a normal user),Could you give an example of what a suspicious transfer is?,Primary-Cranberry-13,1,2026-01-27 21:31:23,Revolut,Reddit
o23jeyn,1qodzs2,Breaking news: Revolut is actually superb if you’re not shady or do shady stuff (my review as a normal user),"I already said it here, I feel Revolut is still not safe enough for large amounts of money or for saving and investment. The reason I say that is that I was holding some stocks a few years ago when, all of a sudden, they asked me for some documents and gave me a deadline to upload them or they would close my account. I didn’t have them, and I asked my lawyer about it. My lawyer told me to contact Revolut because those documents were not for me and I couldn’t get them. Revolut didn’t care.

After months of chatting with them and getting zero solutions, one of them told me that he couldn’t do anything and recommended that I sell my stocks, close the account, and reopen it. I sold everything, closed and reopened the account, and years later, without those documents and while holding some stocks, they are not asking me for them.

It was really annoying because I needed to move a large amount of money and sell things I didn’t want to sell, and so on, just because of their mistake. There is a comment of mine from some time ago where I go into full detail, I even got a PM here from Revolut apologizing.

I’m not against Revolut, I think it’s a great company, but they need to improve their support.",FriendlyStory7,1,2026-01-27 21:50:51,Revolut,Reddit
o23lo1b,1qodzs2,Breaking news: Revolut is actually superb if you’re not shady or do shady stuff (my review as a normal user),"I think in general people complain more, than they are making review or talking about the positive things. Also, i'm satisfied with revolut too",One_Discipline_7817,1,2026-01-27 22:00:57,Revolut,Reddit
o240mbs,1qodzs2,Breaking news: Revolut is actually superb if you’re not shady or do shady stuff (my review as a normal user),"Classic survivorship bias. Glad it worked out for you, though.",4ricksho4,1,2026-01-27 23:12:54,Revolut,Reddit
o240ngj,1qodzs2,Breaking news: Revolut is actually superb if you’re not shady or do shady stuff (my review as a normal user),"I'm hoping they'll allow for more ATM withdrawals. It's difficult for someone who travels to withdraw so little cash. Given their claim of offering a multi-currency account, it's unacceptable that they lack multiple international ATM partners for fee-free withdrawals.",toyssamurai,1,2026-01-27 23:13:04,Revolut,Reddit
o24bc82,1qodzs2,Breaking news: Revolut is actually superb if you’re not shady or do shady stuff (my review as a normal user),"I use the credit card as my debit and auto pay it back,  awesome. Instant transfers all the time with no issues (bar blocking googlepay recently from another bank) . And while rev points are a bit shite in ways, with metal i get enough to actually get some decent discounts on airlines at least.

Even getting a discount code for some stores is sick. 

Thanks Revolut. Please don't get greedy and lessen your service from here.",handyman1986,1,2026-01-28 00:07:52,Revolut,Reddit
o24e0ed,1qodzs2,Breaking news: Revolut is actually superb if you’re not shady or do shady stuff (my review as a normal user),"With 65 million clients clearly they grew super fast and some clients will inevitably get caught in a compliance screw up, for better of for worse, but hearing a couple bad stories a month on Reddit when that many use their services doesn’t amount to much.",idrisssssssssssss,1,2026-01-28 00:21:21,Revolut,Reddit
o24t9tq,1qodzs2,Breaking news: Revolut is actually superb if you’re not shady or do shady stuff (my review as a normal user),"I just saved £20, when I forgot to cancel my BookBeat subscription because Revolut flagged it and froze my card . Small victories !",TokyoTycoon,1,2026-01-28 01:40:30,Revolut,Reddit
o24zxp6,1qodzs2,Breaking news: Revolut is actually superb if you’re not shady or do shady stuff (my review as a normal user),Several bots detected hahahaha,HalJordan1993,1,2026-01-28 02:15:37,Revolut,Reddit
o262yhm,1qodzs2,Breaking news: Revolut is actually superb if you’re not shady or do shady stuff (my review as a normal user),"Again my only counter to this is that when something goes wrong with my regular bank I can either call them or go into a branch, and the issue is resolved within hours.

With Revolut if chat support can't help you you have no follow up",Finsceal,1,2026-01-28 06:14:35,Revolut,Reddit
o26e2bm,1qodzs2,Breaking news: Revolut is actually superb if you’re not shady or do shady stuff (my review as a normal user),Agreed ;),kipriotas,1,2026-01-28 07:45:56,Revolut,Reddit
o26qxpf,1qodzs2,Breaking news: Revolut is actually superb if you’re not shady or do shady stuff (my review as a normal user),Totally agree,meshoo12,1,2026-01-28 09:43:31,Revolut,Reddit
o26v2l6,1qodzs2,Breaking news: Revolut is actually superb if you’re not shady or do shady stuff (my review as a normal user),"It can never replace a proper bank account.
Its good only for traveling and avoiding currency exchange",SnowyOwl72,1,2026-01-28 10:20:58,Revolut,Reddit
o26vepv,1qodzs2,Breaking news: Revolut is actually superb if you’re not shady or do shady stuff (my review as a normal user),"Its great for payments, its awful for crypto and other stuff",horseboxheaven,1,2026-01-28 10:23:56,Revolut,Reddit
o26zhv2,1qodzs2,Breaking news: Revolut is actually superb if you’re not shady or do shady stuff (my review as a normal user),"I did run into an issue with them but now with hsbc clarifying it on their side for a similar transaction I now know it’s more of open banking not being very open or safe as the name it seems as the banks can’t see where the money is going account wise other than the recipient name, so using traditional bank transfers have been fine since!",SquareFoundation9724,1,2026-01-28 10:59:12,Revolut,Reddit
o277yir,1qodzs2,Breaking news: Revolut is actually superb if you’re not shady or do shady stuff (my review as a normal user),"The user experience is miles ahead any Finnish bank. Like, it's not even close. I'll keep using Revolut for sure",Awful_Jesse,1,2026-01-28 12:05:31,Revolut,Reddit
o28f9jg,1qodzs2,Breaking news: Revolut is actually superb if you’re not shady or do shady stuff (my review as a normal user),I’ll echo this.  I have had zero issues and Revolut has saved me thousands over the last handful of years.,Big-Jak,1,2026-01-28 15:55:15,Revolut,Reddit
o290ecs,1qodzs2,Breaking news: Revolut is actually superb if you’re not shady or do shady stuff (my review as a normal user),"It was great when there was no other way to avoid foreign currency fees

Just shocking people use this as if it is aproper bank. It's not

Use a proper bank with track record in your country",EasySea5,1,2026-01-28 17:27:01,Revolut,Reddit
o2957ff,1qodzs2,Breaking news: Revolut is actually superb if you’re not shady or do shady stuff (my review as a normal user),"I was satisfied until they one day decided to close my account. I didn’t do anything suspicious with it lol, I’m self employed and just used it for day to day spending, where as all my main bills came out of my main bank account. 

Revolut is just too much when it comes to KYC",Head_Confidence_5227,1,2026-01-28 17:47:47,Revolut,Reddit
o29j46u,1qodzs2,Breaking news: Revolut is actually superb if you’re not shady or do shady stuff (my review as a normal user),I haven’t had a problem with revolut,Suskarp,1,2026-01-28 18:47:04,Revolut,Reddit
nvr34i2,1puopfh,"Account restriction with Revolut (Spain) – full timeline, legal context, and warning before using Revolut as your main bank","Sounds like an absolute nightmare. So many revolut asslickers defending this here though. Even if you un-wittingly broke terms and conditions, no genuine customer deserves this, and they don't care. Must be extremely frustrating.",YogurtclosetSilver53,42,2025-12-24 18:05:04,Revolut,Reddit
nvq58xv,1puopfh,"Account restriction with Revolut (Spain) – full timeline, legal context, and warning before using Revolut as your main bank","The very Spanish specific of the case is that despite Bank of Spain is so called “regulator”, its resolutions are not mandatory for banks 🤡 In 2026 Spain still has no financial ombudsman institute, so the only  way to solve the problem is a trial which in a very Spanish way will last for years and cost thousands.  

BTW seems you haven’t complain to Consumo - why not, that would make sense as much as the complaint to BoE, and maybe more",mizhgun,21,2025-12-24 15:02:04,Revolut,Reddit
nvq4zxc,1puopfh,"Account restriction with Revolut (Spain) – full timeline, legal context, and warning before using Revolut as your main bank",I’m convinced no one can talk without using a LLM nowadays.,CheatingPenguin,43,2025-12-24 15:00:39,Revolut,Reddit
nvu4uk5,1puopfh,"Account restriction with Revolut (Spain) – full timeline, legal context, and warning before using Revolut as your main bank","I underwent similar unclear restriction with Revolut in Finland, I concluded it is because of incompetent application of AI and automation from their part. Unlikely to get better in short term as I understand the CEO has explicitly said he sees rapid AI adoption as a way to cut costs. 

I reacted by pulling most of my investments immediately and only relying on a few hundred EUR balance max for smaller transactions. 

I am a Metal customer, customer since 2019 and started experiencing the issues only this year. 

Sad as the product itself was nice for years, but now I cant risk having any meaningful amount of money stuck there.",Arkkiperkele666,5,2025-12-25 06:43:21,Revolut,Reddit
nvrvn2q,1puopfh,"Account restriction with Revolut (Spain) – full timeline, legal context, and warning before using Revolut as your main bank","This subreddit is full of stories like this. Simply never use Revolut as main bank account, just top it up before you are going to pay anything. Never store large amount of cash in Revolut. Yes other banks also do AML checks , but it does not take months, and you always have local branches you can visit to resolve it faster or contact national/local bank. Revolut does not have any of this, and with their poor support they should be fined or their banking license revoked, but it won't happen as they have bribed too many european politicians. Simply stay away from Revolut, if you do not want to have headache. Any user commenting in favor of Revolut is usually AI bot.",OkTry9715,7,2025-12-24 20:45:57,Revolut,Reddit
nvqfvwl,1puopfh,"Account restriction with Revolut (Spain) – full timeline, legal context, and warning before using Revolut as your main bank","&gt;`On 21 November, my` **personal Revolut account** `was fully restricted due to`  
  
Transfers involving family members and **business clients**

That doesn´t fit together and is against T&amp;C of Revolut personal account.",TMR-IT,19,2025-12-24 15:59:58,Revolut,Reddit
nvu7f2f,1puopfh,"Account restriction with Revolut (Spain) – full timeline, legal context, and warning before using Revolut as your main bank","Yes I only use revolut as a side account, I put money when I need to pay something, not using it for savings or whatever, because this companies you never know... Sorry for that situation, hope you fix it soon",New_Butterscotch1715,3,2025-12-25 07:08:30,Revolut,Reddit
nvus3y7,1puopfh,"Account restriction with Revolut (Spain) – full timeline, legal context, and warning before using Revolut as your main bank","Don't use revolut as your main bank,that's a joke not a real bank .",LockLogical8949,3,2025-12-25 10:52:15,Revolut,Reddit
nvwydd7,1puopfh,"Account restriction with Revolut (Spain) – full timeline, legal context, and warning before using Revolut as your main bank",Same thing is going on with me right now. It's been 23 days since my account has been under review.,Nap-Tyme,3,2025-12-25 19:54:50,Revolut,Reddit
nvq6ikk,1puopfh,"Account restriction with Revolut (Spain) – full timeline, legal context, and warning before using Revolut as your main bank","Revolut is a great payment service, like PayPal, but it’s not a real bank. Treat it as such.",Xewek68819,8,2025-12-24 15:09:12,Revolut,Reddit
nvqa1ll,1puopfh,"Account restriction with Revolut (Spain) – full timeline, legal context, and warning before using Revolut as your main bank","Hi! I have the same problem! My account has been in standard verification for no reason since December 11th, with no explanation whatsoever. There's nothing written on the account, no restrictions, etc.

I can neither send nor receive funds; it shows a temporary restriction. The verification was supposed to end on December 22nd, then they postponed it to the 28th, and now it's on January 2nd. Do you have any idea what's going on?",No-LeJfou,6,2025-12-24 15:28:40,Revolut,Reddit
nw6ej5a,1puopfh,"Account restriction with Revolut (Spain) – full timeline, legal context, and warning before using Revolut as your main bank",Do not rely on one bank account; always have open three. Do not waste your time when banks have issues with you; switch to a fresh one. It takes time to recover funds.,niceguyfromus,2,2025-12-27 11:47:41,Revolut,Reddit
nwcb93b,1puopfh,"Account restriction with Revolut (Spain) – full timeline, legal context, and warning before using Revolut as your main bank",Anyone who uses a “neo bank” as the main and only bank is a complete idiot. Especially for business.,Ok_Nothing_0707,2,2025-12-28 10:03:08,Revolut,Reddit
nwjs32b,1puopfh,"Account restriction with Revolut (Spain) – full timeline, legal context, and warning before using Revolut as your main bank","This is so terrible - I feel for you, having experienced exactly the same - but in Norway, with a Norwegian bank - because of a transfer between my spouse and me..!  This has more and more frequently stated happening to people in Norway over the last few years - a friend of mine got flagged and shut down for - I kid you NOT - a 1.000,- NOK transfer from her sister (That's like 100 USD!)
Personally my accounts were blocked for 4 months, and when I finally regained access - no explanation, no nothing, plus quite some money were missing. This was about 3 years ago, and I have at this point given up trying to get answers or get my money back. They simply ghosted me. Needless to say I changed bank (I'd been a lifelong customer). Name of the bank: Dnb (Short for ""Den Norske Bank"" or ""The Norwegian Bank"")
Thank you for sharing, as it's valuable info this can actually also happen with Revolut Bank. 
Please, can people share if they are aware of banks that DO NOT practice such arbitrary lock-downs, as that would be really helpful?",D3nyByD3f4ul7,2,2025-12-29 14:26:56,Revolut,Reddit
nx9an77,1puopfh,"Account restriction with Revolut (Spain) – full timeline, legal context, and warning before using Revolut as your main bank",I agree. Account still under review.,Nap-Tyme,2,2026-01-02 14:29:18,Revolut,Reddit
nvq95j7,1puopfh,"Account restriction with Revolut (Spain) – full timeline, legal context, and warning before using Revolut as your main bank","So, you have both a Revolut Personal &amp; Business ac (2 accounts).

Personal Account frozen.

Activity on frozen Personal account included BUSINESS CUSTOMERS. 

AFAIK, mixing personal &amp; business activity is outside T&amp;C of Revolut.

🤷‍♂️

Maybe that's an honest mistake / naive mistake, but from what I've seen on this forum, will cost you this experience.",rhubear,5,2025-12-24 15:23:48,Revolut,Reddit
nvq7cvz,1puopfh,"Account restriction with Revolut (Spain) – full timeline, legal context, and warning before using Revolut as your main bank",It never even crossed my mind that Revolut could ever be my main bank account...,Decibel0753,5,2025-12-24 15:13:50,Revolut,Reddit
nvrz2m7,1puopfh,"Account restriction with Revolut (Spain) – full timeline, legal context, and warning before using Revolut as your main bank",Tbh you need to be crazy to use Revolut as your main bank,FriendlyStory7,3,2025-12-24 21:06:17,Revolut,Reddit
nvq2rsj,1puopfh,"Account restriction with Revolut (Spain) – full timeline, legal context, and warning before using Revolut as your main bank","Very nice, thank you ChatGPT. The bad part is, you neither mention why the restriction might have happened what kind of activity you were conducting and that they can’t tell you if you are being investigated for something because that would be tipping off.",PerspectiveLogical24,5,2025-12-24 14:47:59,Revolut,Reddit
nvqdq6u,1puopfh,"Account restriction with Revolut (Spain) – full timeline, legal context, and warning before using Revolut as your main bank",https://www.reddit.com/r/Revolut/s/vKUXR3tSpF,ggman2247,1,2025-12-24 15:48:37,Revolut,Reddit
nvqhw7t,1puopfh,"Account restriction with Revolut (Spain) – full timeline, legal context, and warning before using Revolut as your main bank",Where are you sending money? What countries?,IvanStarokapustin,1,2025-12-24 16:10:37,Revolut,Reddit
nvqwltn,1puopfh,"Account restriction with Revolut (Spain) – full timeline, legal context, and warning before using Revolut as your main bank",Has revolut restricted your account on the same day they announced the verification of your source of funds?,S04104,1,2025-12-24 17:29:51,Revolut,Reddit
nvr63jj,1puopfh,"Account restriction with Revolut (Spain) – full timeline, legal context, and warning before using Revolut as your main bank",You can negotiate so that they accept at least deposits.,Tulex,1,2025-12-24 18:21:02,Revolut,Reddit
nvu52k8,1puopfh,"Account restriction with Revolut (Spain) – full timeline, legal context, and warning before using Revolut as your main bank",How would you complain to an EU institution overseeing g the banks activities? What it the line of escalation,Head-General4077,1,2025-12-25 06:45:29,Revolut,Reddit
nvvm9oz,1puopfh,"Account restriction with Revolut (Spain) – full timeline, legal context, and warning before using Revolut as your main bank",I have been investigated by ING multiple times and always resolved within 24h.,Icy-Zebra8501,1,2025-12-25 15:07:33,Revolut,Reddit
nvx0p1a,1puopfh,"Account restriction with Revolut (Spain) – full timeline, legal context, and warning before using Revolut as your main bank",Reported to the Consumer Financial Protection Bureau bc I live in the US,Nap-Tyme,1,2025-12-25 20:08:52,Revolut,Reddit
nvzabpq,1puopfh,"Account restriction with Revolut (Spain) – full timeline, legal context, and warning before using Revolut as your main bank","Hello there,

We understand your concern related to your Revolut account and have sent you a direct message to discuss this further. Please respond to our DM, so we can investigate and resolve this issue for you.

Thank you for your cooperation.",RevolutSupport,1,2025-12-26 05:11:12,Revolut,Reddit
nvzr9e8,1puopfh,"Account restriction with Revolut (Spain) – full timeline, legal context, and warning before using Revolut as your main bank","Its very strange, one time revolut blocked my account with reason too much transactions (about 120K euro for 2 mounths) and want to send them documents about that money,but I don't have them because that was transactions for poker players in my private online club in GGCLUB app.

Just tell them the truth and send some screenshots that I am manager in club .They tell me to get ultra and the problem was solved.

Still using revolut for that and the transactions are over 600K  for past 2 years",International_Box987,1,2025-12-26 07:43:41,Revolut,Reddit
nw4rha1,1puopfh,"Account restriction with Revolut (Spain) – full timeline, legal context, and warning before using Revolut as your main bank",I just made a post the basics are the same but in my case it was because of a criminal investigation because I am addicted to gambling and lost and won so much that there German government has ordered to perform an internal and external review but also 1.5 weeks ago the German government has ordered them to give me my access back but they still haven’t because now as like in the beginning they are „performing a security review“,Ok-Noise-884,1,2025-12-27 03:17:22,Revolut,Reddit
nwimo47,1puopfh,"Account restriction with Revolut (Spain) – full timeline, legal context, and warning before using Revolut as your main bank","An update. I don't believe them though.

https://preview.redd.it/x0npwykqz3ag1.jpeg?width=1260&amp;format=pjpg&amp;auto=webp&amp;s=bbb5b57f66fd2c2c3b1398532d5a7a8bb0277af3",Nap-Tyme,1,2025-12-29 09:06:12,Revolut,Reddit
nwwuses,1puopfh,"Account restriction with Revolut (Spain) – full timeline, legal context, and warning before using Revolut as your main bank",Lies! Account still in review. WTF REVOLUT??!!,Nap-Tyme,1,2025-12-31 13:41:38,Revolut,Reddit
ny0ptw2,1puopfh,"Account restriction with Revolut (Spain) – full timeline, legal context, and warning before using Revolut as your main bank","I really like Revolut, and there are some very good digital banks, but this is one of the reasons why Revolut or any other neobank is not my main account. I have been self-employed, and one of the things that scared me the most was that the same thing would happen to me as happened to you, because Agencia Tributaria doesn't care about any of this, and if they have to penalise you for late payments, they will. 

In traditional banking, which I hate with all my heart, when this has happened to me, they sort it out for you in 2-3 days at the branch (even in digital divisions such as Openbank or Imagin) because you can put more pressure on them than on an operator who may be in another country.

I hope it's been sorted out because what they've done to you is a joke.",Extra_Internal_8151,1,2026-01-06 15:19:37,Revolut,Reddit
nzpcd5c,1puopfh,"Account restriction with Revolut (Spain) – full timeline, legal context, and warning before using Revolut as your main bank","Hello! My account is aswell restricted since 6 of January, any idea to contact them but not the AI support..",No-Safety1821,1,2026-01-15 10:04:59,Revolut,Reddit
o0qvgbv,1puopfh,"Account restriction with Revolut (Spain) – full timeline, legal context, and warning before using Revolut as your main bank","I’ve been completely locked out of my Revolut account for over 3 days and I’m at a loss.

My Face ID stopped working. When I entered my usual passcode, it was rejected. I selected “forgot passcode” and was forced into ID verification.

I’ve now submitted three valid documents (passport, national ID card, provisional licence). Every attempt gets rejected.

I’ve done ID verification over 10 times. I’ve spoken to 5–6 different agents on in-app chat. Each one gives different instructions. The chat keeps kicking me out and forcing re-verification again.

I currently have £4,200+ in this account and no access to my own money. My rent is due. This is causing serious financial hardship and stress.

I’ve filed a formal complaint with Revolut and escalated via email. I’m now preparing to escalate to the Financial Ombudsman Service (UK).

All I’m asking for is:
• A manual identity review by a real person
• Or temporary access to withdraw my funds to my linked bank account

Revolut, please stop the automated loop and resolve this.

Revolut is a scam",Advanced-Asparagus-8,1,2026-01-20 21:58:44,Revolut,Reddit
nvqfr3a,1puopfh,"Account restriction with Revolut (Spain) – full timeline, legal context, and warning before using Revolut as your main bank","„⁠BUT reviews must be proportionate, time-bound, and transparent“ - this is never guaranteed, nobody cares about you as a consumer, because the state wants to „protect“ the society and we all voted for this",MinameT,1,2025-12-24 15:59:16,Revolut,Reddit
nvsjsnk,1puopfh,"Account restriction with Revolut (Spain) – full timeline, legal context, and warning before using Revolut as your main bank",This is EU. Not Revolut. Blame EU. 🤔,carpenter_78,1,2025-12-24 23:16:53,Revolut,Reddit
nvrn1ku,1puopfh,"Account restriction with Revolut (Spain) – full timeline, legal context, and warning before using Revolut as your main bank","Same thing happened to me, they are like some big brother agency that will freeze your account for nothing and want SoF.",No-Development-9607,0,2025-12-24 19:55:01,Revolut,Reddit
nvs5fhv,1puopfh,"Account restriction with Revolut (Spain) – full timeline, legal context, and warning before using Revolut as your main bank",Looks like ai written for me.,Katamave,0,2025-12-24 21:44:13,Revolut,Reddit
nvqanmh,1puopfh,"Account restriction with Revolut (Spain) – full timeline, legal context, and warning before using Revolut as your main bank","So you received money from somewhere suspicious... Iraq? Russia? North Korea? Or a scam network? Or did you gamble or play with crypto purchasing or selling?

In any case, Revolut has flagged your account and frozen it until it investigates. They probably lack the capacity to investigate so many cases that their AI flags up. So you just have to wait until they have the ""manpower"".",InformationNew66,-1,2025-12-24 15:32:03,Revolut,Reddit
mdyrvze,1iunjhu,Is £77k in Revolut safe?,"From my experience, quite safe. I have substantially more in, and never had a problem.  
In what country are you from, to get 5%?  
Regardless, increase in AER% seems to be the most underestimated advantage of Metal and Ultra. Every review I see mention the comfort benefits and such, but for me the biggest appeal is the increased rate. To today I can't understand why there isn't more highlight on this. Not sure if your topic is on the MMF options, but Revolut gives you access to the institutional MMFs, and those of multiple currencies. As an european retail investor, you don't easily get access to such things. Some say for bigger amounts people are just better off investing directly through IBKR, but i can't replicate that, when comparing to Revolut MMF Ultra rates. Plus the liquidity on those amounts is a big benefit. Only thing to factor in is the risk of Revolut going into some sort of bankruptcy, or blocking accounts.",Stribidi,29,2025-02-21 10:17:07,Revolut,Reddit
mdzjceh,1iunjhu,Is £77k in Revolut safe?,The money won’t disappear. But whether Revolut will let you access it when you want to is the issue. After 8 years as a loyal and law abiding customer I’ve just closed my account after one too many account restrictions for investigations (nothing ever proved or even substantiated). Higher reward always = higher risk.,Choice_Paramedic9846,13,2025-02-21 13:46:35,Revolut,Reddit
mdz0ya0,1iunjhu,Is £77k in Revolut safe?,"People who talk about accounts being blocked have undoubtedly broken some of Revolut’s terms and conditions. Have never seen evidence of a unilateral or groundless account suspension. Also they are FCA regulated so no chance they will “steal” your money.

I think it is as safe as any bank can be. 🤞",mysirakov,20,2025-02-21 11:40:33,Revolut,Reddit
mdyrj3t,1iunjhu,Is £77k in Revolut safe?,"They now offer Swiss IBANs, maybe it’s best you try to go that route.",Mother-Debt-8209,3,2025-02-21 10:13:36,Revolut,Reddit
mdyu7mj,1iunjhu,Is £77k in Revolut safe?,Safe from what? Revolut going bust? Its covered by the UK Deposit Protection Scheme of the Partner Bank used. Safe from being stolen - how much do you trust Revolut's security so far? Safe for having your account frozen for unusual payments when you try and withdraw it and so losing access to your money temporarily? Yes it can happen at Revolut or any other Bank. Just make sure you plan ahead and have a contingency if you need the money.,headline-pottery,3,2025-02-21 10:39:50,Revolut,Reddit
mdz8s2u,1iunjhu,Is £77k in Revolut safe?,"I wouldn't put more than 1k in revolut! Their support is non-existant. They use ai algorithms to flag accounts so even if you don't break their terms, they might still block your account. It will take you months to get your account back. It's really not worth it.",nimrooagency,6,2025-02-21 12:39:55,Revolut,Reddit
mdyw5uf,1iunjhu,Is £77k in Revolut safe?,Yes. I know people who have quarter of a million,ThinkAd8861,3,2025-02-21 10:58:14,Revolut,Reddit
mdyss5j,1iunjhu,Is £77k in Revolut safe?,"Once you have an issue, you're gonna cry so hard. the support is non-existent, a lot of horrible stories from this sub where they hold customer money indefinitely, yeah sure, the interest is tempted but what if something goes wrong? you have to factor that on your decision",gnote2minix,7,2025-02-21 10:25:55,Revolut,Reddit
mdytsfb,1iunjhu,Is £77k in Revolut safe?,"Technically, in the UK you have an FCA protection up to 85k right?",UrbanCircles,1,2025-02-21 10:35:45,Revolut,Reddit
mdyunvt,1iunjhu,Is £77k in Revolut safe?,"Where did you find that 5% interest? The info on the web is probably outdated. The actual rate is shown when you try to create the account in the app. (for example, in France Ultra gives only 2.75% in saving now)",CryHaunting5992,1,2025-02-21 10:44:09,Revolut,Reddit
mdyxyap,1iunjhu,Is £77k in Revolut safe?,"Metal is 4.5% interest with a much lower monthly fee, whichever one works out best for interest wise after the fees I'd go with",basicallyculchie,1,2025-02-21 11:14:37,Revolut,Reddit
mdziqgx,1iunjhu,Is £77k in Revolut safe?,"Only money I’ve ever lost with Revolut is with a crypto I invested about €150-200 in, (I wouldn’t have a lot of money) but one day the crypto coin vanished and got an email from Revolut highlighting that it says there is a risk when buying crypto that I may lose it and that was it, no way of getting it back , so just a heads up",AccomplishedCatch_01,1,2025-02-21 13:43:02,Revolut,Reddit
mdznhsc,1iunjhu,Is £77k in Revolut safe?,I have substantially more than that and until last week I had no issues. Then they blocked my account after I received a deposit or 500$ USDT. Took 3 days for them to reopen. If they block it again I’ll withdraw everything.,Adorable-Price4231,1,2025-02-21 14:10:07,Revolut,Reddit
mdztawr,1iunjhu,Is £77k in Revolut safe?,"I don't think Revolut is going to fail anytime soon, so go for it",ilpirata79,1,2025-02-21 14:41:26,Revolut,Reddit
mdzu034,1iunjhu,Is £77k in Revolut safe?,I have about that in Revolut at 4.75% (Ultra rate?) which seems good. More to the point I had a barclaycard for 40 years and all I ever got from them was interest/charges. I was such a mug! Now so many good things for me with Revolut.,port956,1,2025-02-21 14:45:07,Revolut,Reddit
me03672,1iunjhu,Is £77k in Revolut safe?,"I’d say be very wary, they don’t have the same regulations as Banks, I know a lad who was duped into transferring money to a revolut account for concert tickets. He was quite a few quid out of pocket and Revolut didn’t help him at all, they said they had no way of getting his money back and further to that they didn’t penalise the account that received the money.  Even though that same person was scamming others in the same way unchecked. 

I know it’s a different situation to yours though.",martyelza,1,2025-02-21 15:31:02,Revolut,Reddit
me0i6q5,1iunjhu,Is £77k in Revolut safe?,Yes,Inevitable-Report751,1,2025-02-21 16:41:51,Revolut,Reddit
me0n1c6,1iunjhu,Is £77k in Revolut safe?,No,Shmoofo2,1,2025-02-21 17:04:18,Revolut,Reddit
me131lc,1iunjhu,Is £77k in Revolut safe?,What anyone be able to help me out: what would be the lowest amount to put in an ultra account that would make it better value than the metal one?,_ARPATRON_,1,2025-02-21 18:17:52,Revolut,Reddit
me1kq2j,1iunjhu,Is £77k in Revolut safe?,Never had an issue with them myself.. you see some horror stories but alot of the time it’s some strange story that doesn’t add up 🤣,SeaIntention5077,1,2025-02-21 19:40:25,Revolut,Reddit
me1m5j3,1iunjhu,Is £77k in Revolut safe?,Revolut uses ClearBank who are providing the FSCS protection,Alone-Mouse-5517,1,2025-02-21 19:47:07,Revolut,Reddit
me21nid,1iunjhu,Is £77k in Revolut safe?,I wouldnt risk it.,nionios_k,1,2025-02-21 21:03:12,Revolut,Reddit
me23qrd,1iunjhu,Is £77k in Revolut safe?,"It should be safe. Revolut recently obtained their full UK banking licence so that means UK customers will have full UK baking perks such as deposit protection up to £85k, as well as being able to offer mortgages and credit. Not sure what the timefrsme for these things coming online is exactly, but I suspect some point very soon (maybe in the new tax year?).",Ukmaxi,1,2025-02-21 21:13:09,Revolut,Reddit
me28e29,1iunjhu,Is £77k in Revolut safe?,"I would trust it with £77k personally, if I had that, but it really depends on what assurances you're looking for. 

Up until 2024, Revolut was purely an e-money institution (EMI). It existed outside FSCS protection used by banks that guarantees the safety of up to £85,000 in funds for anyone using them. It wasn't without its own safeguarding measures to protect people's funds, but they were/are different to how the FSCS safeguards funds. So, it depends on how much trust you place in Revolut and those safeguarding measures, whether you would deem it safe or not. 

They aren't hiding that information anywhere and never have to be clear. They appear to be open and transparent on everything, but again, you'd have to determine how much trust you have in Revolut for yourself -

https://www.revolut.com/blog/post/how-we-keep-your-money-safe/

In mid 2024, Revolut secured an actual UK banking licence, but with restrictions. Although working towards it, their customers still won't be covered by FSCS protection. They are currently in the ""mobilisation"" phase of aligning with all UK banking processes until they complete this phase. It's reviewed, and they are granted a non restricted UK banking licence. The safeguarding methods used by them as an EMI are still used. 

I don't have concerns, but they do get some scrutiny. 'Which' outlines some potential concerns in an accessible manner in this piece from 2024 -

https://www.which.co.uk/news/article/revolut-secures-restricted-banking-licence-what-you-need-to-know-at8NN8V83MRT

*The only other thing to take into account is where there is an exception in the way you choose to store money with Revolut. This is quoted from the first article I linked to. 

""To be clear, the safeguarding rules only apply to your e-money. They do not apply to money you put in your Revolut Savings Vault - that money is deposited with a third party bank which holds it on your behalf and is FSCS protected. The safeguarding rules also don't apply to cryptocurrency or commodities you purchase through the Revolut app or to any stocks you buy through our app.""",EnjiemaBenjie,1,2025-02-21 21:35:01,Revolut,Reddit
me2bxqc,1iunjhu,Is £77k in Revolut safe?,"If you wondered if it was safe, it wasn't safe anymore.",Sussp1,1,2025-02-21 21:51:49,Revolut,Reddit
me2o45t,1iunjhu,Is £77k in Revolut safe?,won’t advise putting all that in revolut. I rather put in savings acct in bank fixed it there and take it when am ready but with revolut is risky,GloomyEntrepreneur53,1,2025-02-21 22:52:18,Revolut,Reddit
me2qlo1,1iunjhu,Is £77k in Revolut safe?,"Something massive and world changing would likely need to happen for your money *not* to be safe. 

Personally I don’t bother with savings accounts anymore. The best savings account I’ve found was one you pay for and it’s like 5%. Relatively that’s quite ‘high’ in the world of savings accounts. However, at the same time I invested the same amount of money into the right companies, and a year later my money had doubled invested, the returns on the savings account didn’t even get out of double figures.",beanie_0,1,2025-02-21 23:05:17,Revolut,Reddit
me2xx87,1iunjhu,Is £77k in Revolut safe?,Max money insured is 22k (in the Netherlands) that’s the only thing I know that you should take into account,Qeron2,1,2025-02-21 23:45:11,Revolut,Reddit
me39g20,1iunjhu,Is £77k in Revolut safe?,no,sneakyfildy,1,2025-02-22 01:36:31,Revolut,Reddit
me3pfpk,1iunjhu,Is £77k in Revolut safe?,"Check out Investec Online Flexi Saver for high interest.

Revolut is garbage. They've frozen my funds for up to two weeks a few times whilst I was travelling, and they cant explain why. I was always on the metal plan for unlimited forex. Their complaints handling is poor and complaints analysts simply regurgitate responses which don't always adequately address your complaint.

I have since closed my account.",minipears,1,2025-02-22 03:13:31,Revolut,Reddit
me4pqwd,1iunjhu,Is £77k in Revolut safe?,trading212 cash isa,Legal_Cockroach4367,1,2025-02-22 07:54:02,Revolut,Reddit
me4t80g,1iunjhu,Is £77k in Revolut safe?,"I wouldn't risk Revolut with these sums.

They make claims that they do not keep their word on.
Their support will call law enforcement on you if you dare question their actions or lies.
They will do everything in their power to not keep their word and most likely sell your private information to a third, malicious, party.",GenetikGenesiss,1,2025-02-22 08:26:00,Revolut,Reddit
me5tuo9,1iunjhu,Is £77k in Revolut safe?,I would not recommend you to have this amount of money on Revolut. Too many threads here saying “Revolut block my account” so just from this point of view.,martinho_,1,2025-02-22 13:36:42,Revolut,Reddit
me6gdo4,1iunjhu,Is £77k in Revolut safe?,Read this sub. Too many closed accounts,EasySea5,1,2025-02-22 15:40:38,Revolut,Reddit
me878xe,1iunjhu,Is £77k in Revolut safe?,Thats rookie numbers,Temporary_Capital377,1,2025-02-22 20:44:43,Revolut,Reddit
me8vlx4,1iunjhu,Is £77k in Revolut safe?,I have substantially more than that in there. Never worried. 85K protection right?,FoundationOpening513,1,2025-02-22 22:51:13,Revolut,Reddit
mebfcsf,1iunjhu,Is £77k in Revolut safe?,100% no.,Beaumarine,1,2025-02-23 09:34:57,Revolut,Reddit
mebkvpc,1iunjhu,Is £77k in Revolut safe?,"Only 20k are insured. So anything above that Incase Revolut and or all coops go insolvent, only 20k will be guaranteed to return. 

Keep 20k where you have it now 

Move 20k to Revolut 

Move 20k to trading212 ( their Rate is even better than Revs ) 

Move 17 K to trade Republic. 

That way the Full sum is always insured with each bank 😄


Edit: seems you have different regulations. 

I would probably still Split it for Peace of mind.",theycallmekimpembe,1,2025-02-23 10:29:39,Revolut,Reddit
meef2np,1iunjhu,Is £77k in Revolut safe?,The extra 1% gets you £58 more a month. Hardly worth it when you add in the fee. I’d stick with a high street.,snlandscapes,1,2025-02-23 20:23:55,Revolut,Reddit
mefr3nv,1iunjhu,Is £77k in Revolut safe?,Meanwhile me with £100 savings lol,Agile-Control-4718,1,2025-02-24 00:35:59,Revolut,Reddit
mei31fu,1iunjhu,Is £77k in Revolut safe?,"In the UK Revolut is regulated by the Financial Conduct Authority (FCA) but the crucial thing is Revolut is NOT (yet) registered as a bank. (Although they are attempting to do so). Currently they are an ‘electronic money institution’.

This means that your money is not covered by the Financial Services Compensation Scheme (FSCS) which guarantees the government will pay you back up to £85k (per financial institution) if the bank fails. 

Personally I don’t like this. In the event a bank fails there will be short-term chaos not matter what protections are in place (just look at what happened with Silicon Vally Bank in the US) so the less friction the better.

I don’t believe Revolut offers better features than any other bank that actually has full FSCS protection. So why settle for it when you can get better features and protection elsewhere?

https://help.revolut.com/help/accounts/what-does-uk-banking-licence-with-restrictions-mean-to-my-account/are-my-funds-protected-now/",YetAnotherInterneter,1,2025-02-24 11:33:15,Revolut,Reddit
mdyrr87,1iunjhu,Is £77k in Revolut safe?,I would never….,passaty2k,0,2025-02-21 10:15:48,Revolut,Reddit
mdyymix,1iunjhu,Is £77k in Revolut safe?,"Yes it’s fine 

Caveat would be if that’s all the money in the world you have you might want other options. But others will have far far more then that on Revolut without any issue",SR-vb5piz3r,1,2025-02-21 11:20:36,Revolut,Reddit
mdyudu4,1iunjhu,Is £77k in Revolut safe?,"It's a European bank, up to 100k is safe. So I'd say yes.",AncientGrab1106,0,2025-02-21 10:41:29,Revolut,Reddit
mdyuxjg,1iunjhu,Is £77k in Revolut safe?,Bet a real bank..,sub_RedditTor,-2,2025-02-21 10:46:41,Revolut,Reddit
mdyr7vv,1iunjhu,Is £77k in Revolut safe?,Nope,Immediate_Cupcake345,-7,2025-02-21 10:10:29,Revolut,Reddit
o0wq5ru,1qh7inn,Revolut referral promotion - Referral link thread,Join me and over 60 million users who love Revolut. Sign up with my link below:  https://revolut.com/referral/?referral-code=nikola3dz5!JAN1-26-VR-BG&amp;geo-redirect,ZECHETRA,1,2026-01-21 19:16:24,Revolut,Reddit
o2zo6dg,1qh7inn,Revolut referral promotion - Referral link thread,Join me and over 60 million users who love Revolut. Sign up with my link below:  https://revolut.com/referral/?referral-code=ekeane07!FEB1-26-AR-L3&amp;geo-redirect :),Dapperoreo12,1,2026-02-01 16:11:52,Revolut,Reddit
o27h861,1qh7inn,Revolut referral promotion - Referral link thread,Join me and over 60 million users who love Revolut. Sign up with my link below:  https://revolut.com/referral/?referral-code=rnegi!FEB1-26-VR-GB-MDL-ROI&amp;geo-redirect,NegzR1,1,2026-01-28 13:06:12,Revolut,Reddit
o0i8iye,1qh7inn,Revolut referral promotion - Referral link thread,Join me and over 60 million users who love Revolut. Sign up with my link below: https://revolut.com/referral/?referral-code=frederkgx!JAN1-26-VR-FR-BAU&amp;geo-redirect,cptlennon,1,2026-01-19 17:04:03,Revolut,Reddit
o0pyddg,1qh7inn,Revolut referral promotion - Referral link thread,https://revolut.com/referral/?referral-code=iliyaa64!JAN1-26-AR-H1&amp;geo-redirect,Common_Smoke_2745,1,2026-01-20 19:25:58,Revolut,Reddit
o2f9rq0,1qh7inn,Revolut referral promotion - Referral link thread,"Use my link to join Revolut. I’ll split 50/50 the €30 bonus 💰
https://revolut.com/referral/?referral-code=telmasufb!FEB1-26-AR-L1&amp;geo-redirect",telllma,1,2026-01-29 15:19:47,Revolut,Reddit
o0tsclb,1qh7inn,Revolut referral promotion - Referral link thread,"Join the best banking app ever created! 

Use this link: https://revolut.com/referral/?referral-code=murarirb2d!JAN1-26-AR-H4&amp;geo-redirect",Greedy_Bat3004,1,2026-01-21 09:26:40,Revolut,Reddit
o0u5bac,1qh7inn,Revolut referral promotion - Referral link thread,€20 per signup: Join me and over 60 million users who love Revolut. Sign up with my link below:  https://revolut.com/referral/?referral-code=euansmith1!JAN1-26-AR-L3&amp;geo-redirect,Lonely_Bandicoot_160,1,2026-01-21 11:24:04,Revolut,Reddit
o1c9csi,1qh7inn,Revolut referral promotion - Referral link thread,Join me and the 60+ million customers who have already discovered the potential of Revolut. Register using the link below: https://revolut.com/referral/?referral-code=lszlpt12wk!JAN1-26-AR-H3&amp;geo-redirect,VisibleHall9134,1,2026-01-24 00:27:10,Revolut,Reddit
o0hyd58,1qh7inn,Revolut referral promotion - Referral link thread,Biggest bonus for you. Sign up with my link below: https://revolut.com/referral/?referral-code=simonaz5kv!JAN1-26-AR-H3-RNDM&amp;geo-redirect,Skimas,1,2026-01-19 16:18:22,Revolut,Reddit
o0q4gnd,1qh7inn,Revolut referral promotion - Referral link thread,"Hey, ready to split the cost 50/50 with anyone looking for a link. I have a €100 offer 😁

Join me and over 60 million other users who love Revolut. Sign up using my link below: [https://revolut.com/referral/?referral-code=nathantpkw!JAN1-26-AR-H2-BAU&amp;geo-redirect](https://revolut.com/referral/?referral-code=nathantpkw!JAN1-26-AR-H2-BAU&amp;geo-redirect)

https://preview.redd.it/abpvyuzd7keg1.jpeg?width=1290&amp;format=pjpg&amp;auto=webp&amp;s=248ac9d199c91a90ddd0dc2a1706fbac4c68d684",nathg17,1,2026-01-20 19:54:12,Revolut,Reddit
o2lkixp,1qh7inn,Revolut referral promotion - Referral link thread,Heya if you want to join feel free to use my link. I hope you get the biggest rewards: https://revolut.com/referral/?referral-code=bogosld753!FEB1-26-VR-BG&amp;geo-redirect,SinOfNvy,1,2026-01-30 13:26:37,Revolut,Reddit
o0itgb5,1qh7inn,Revolut referral promotion - Referral link thread,https://revolut.com/referral/?referral-code=h3lm!JAN1-26-AR-H1-AE&amp;geo-redirect,Rosyberyl,1,2026-01-19 18:37:37,Revolut,Reddit
o1ljee5,1qh7inn,Revolut referral promotion - Referral link thread,Join me and over 60 million users who love Revolut. Sign up with my link below:  https://revolut.com/referral/?referral-code=dannys3q!JAN1-26-AR-L1-MDL-CTRL&amp;geo-redirect,dantran88,1,2026-01-25 10:47:33,Revolut,Reddit
o0idadb,1qh7inn,Revolut referral promotion - Referral link thread,Join me and over 60 million users who love Revolut. Sign up with my link below: https://revolut.com/referral/?referral-code=haleyc90!JAN1-26-AR-US-H2-REFBLOCK&amp;geo-redirect,Shot_Razzmatazz_534,1,2026-01-19 17:25:36,Revolut,Reddit
o0p7rt2,1qh7inn,Revolut referral promotion - Referral link thread,Join me and over 60 million users who love Revolut. Sign up with my link below:  https://revolut.com/referral/?referral-code=aoifebucks!JAN1-26-AR-L3&amp;geo-redirect,Neat_Wasabi6145,1,2026-01-20 17:25:31,Revolut,Reddit
o2gs4sn,1qh7inn,Revolut referral promotion - Referral link thread,[https://www.revolut.com/referral/?referral-code=anastawsrd%21FEB1-26-AR-H1-MDL-ROI&amp;utm\_source=http://referralcodes.com&amp;utm\_medium=organic\_social&amp;utm\_campaign=advocacy\_channel](https://www.revolut.com/referral/?referral-code=anastawsrd%21FEB1-26-AR-H1-MDL-ROI&amp;utm_source=http://referralcodes.com&amp;utm_medium=organic_social&amp;utm_campaign=advocacy_channel),NextBody7304,1,2026-01-29 19:24:15,Revolut,Reddit
o1zsy92,1qh7inn,Revolut referral promotion - Referral link thread,"Special affiliate business link (you need to spend 3x5€ minimum to get 75€!!)


https://revolut.com/referral/?referral-code=leonsstvo!JAN1-26-VR-DE-MDL-ROI&amp;geo-redirect",StrictManagement1624,1,2026-01-27 10:46:05,Revolut,Reddit
o11s6z6,1qh7inn,Revolut referral promotion - Referral link thread,Join me and over 60 million users who love Revolut. Sign up with my link below:  https://revolut.com/referral/?referral-code=peterojomo!JAN1-26-AR-H2-MDL-ROI&amp;geo-redirect,cphas,1,2026-01-22 14:12:28,Revolut,Reddit
o0r27ut,1qh7inn,Revolut referral promotion - Referral link thread,https://revolut.com/referral/?referral-code=jeremyjsds!JAN1-26-AR-L1-MDL-CTRL&amp;geo-redirect,Jesisawesome,1,2026-01-20 22:32:04,Revolut,Reddit
o0i6cql,1qh7inn,Revolut referral promotion - Referral link thread,Here's my link. 60€ if you sign up via the link: Join me and over 60 million users who love Revolut. Sign up with my link below:  https://revolut.com/referral/?referral-code=stefanro2e!JAN1-26-AR-CH1H-H1-MDL-ROI&amp;geo-redirect,Necessary_Chemical,1,2026-01-19 16:54:10,Revolut,Reddit
o0mi7c0,1qh7inn,Revolut referral promotion - Referral link thread,Join me and over 60 million users who love Revolut. Sign up with my link below:  https://revolut.com/referral/?referral-code=dhimantnandha!JAN1-26-AR-H2&amp;geo-redirect,dcnandha,1,2026-01-20 06:38:52,Revolut,Reddit
o0jsvzo,1qh7inn,Revolut referral promotion - Referral link thread,"Join me and over 60 million users who love Revolut. Sign up with my link below: https://revolut.com/referral/?referral-code=brucebo!JAN1-26-AR-US-H1-REFBLOCK&amp;geo-redirect

80dollars for US region",Correct_Aide733,1,2026-01-19 21:20:49,Revolut,Reddit
o0q5jri,1qh7inn,Revolut referral promotion - Referral link thread,Join me and over 60 million users who love Revolut. Sign up with my link below:  https://revolut.com/referral/?referral-code=andyvah8!JAN1-26-AR-H1-MDL-ROI&amp;geo-redirect,kowloonkamikazee,1,2026-01-20 19:59:15,Revolut,Reddit
o2i77dz,1qh7inn,Revolut referral promotion - Referral link thread,Join me and over 60 million users who love Revolut. Sign up with my link below:  https://revolut.com/referral/?referral-code=arron_williams!FEB1-26-VR-GB-MDL-CTRL&amp;geo-redirect,Proper_Treacle1653,1,2026-01-29 23:34:16,Revolut,Reddit
o25k24o,1qh7inn,Revolut referral promotion - Referral link thread,Join me and over 60 million users who love Revolut. Sign up with my link below:  https://revolut.com/referral/?referral-code=oisol!FEB1-26-AR-L1&amp;geo-redirect,Soft_Chef_5375,1,2026-01-28 04:06:17,Revolut,Reddit
o2kzff3,1qh7inn,Revolut referral promotion - Referral link thread,"Join one of the best banks for travelling by signing up here!! We split the reward

Join me and over 60 million users who love Revolut. Sign up with my link below: https://revolut.com/referral/?referral-code=c_ljungvall!FEB1-26-AR&amp;geo-redirect",Majestic_Town_3704,1,2026-01-30 11:00:54,Revolut,Reddit
o0i2ztx,1qh7inn,Revolut referral promotion - Referral link thread,"You are welcome :)
https://revolut.com/referral/?referral-code=nikitail5b!JAN1-26-AR-L1-MDL-ROI&amp;geo-redirect",Interesting-Future49,1,2026-01-19 16:39:05,Revolut,Reddit
o0j3ulw,1qh7inn,Revolut referral promotion - Referral link thread,Join me and over 60 million users who love Revolut. Sign up with my link below:  https://revolut.com/referral/?referral-code=johnnw60b!JAN1-26-AR-DOXGETY&amp;geo-redirect,johnfitz002,1,2026-01-19 19:23:52,Revolut,Reddit
o0i9lwj,1qh7inn,Revolut referral promotion - Referral link thread,Join me and over 60 million users who love Revolut. Sign up with my link below:  https://revolut.com/referral/?referral-code=richeejj8t!JAN1-26-AR&amp;geo-redirect,ricdy,1,2026-01-19 17:08:58,Revolut,Reddit
o0msbkx,1qh7inn,Revolut referral promotion - Referral link thread,"Special affiliate business link (you need to spend 3x5€ minimum to get 75€!!)


https://revolut.com/referral/?referral-code=leonsstvo!JAN1-26-VR-DE-MDL-ROI&amp;geo-redirect",StrictManagement1624,1,2026-01-20 08:07:14,Revolut,Reddit
o1p1muo,1qh7inn,Revolut referral promotion - Referral link thread,Join me and over 60 million users who love Revolut. Sign up with my link below:  https://revolut.com/referral/?referral-code=lewisvwrt!JAN1-26-AR-RPB-L1-MDL-ROI&amp;geo-redirect,Top-Treacle5510,1,2026-01-25 21:24:23,Revolut,Reddit
o0hzvcx,1qh7inn,Revolut referral promotion - Referral link thread,50€ threw my link: https://revolut.com/referral/?referral-code=telmolqug0!JAN1-26-AR-CL1H2-CRY&amp;geo-redirect,happypeanut-t,1,2026-01-19 16:25:06,Revolut,Reddit
o2grvms,1qh7inn,Revolut referral promotion - Referral link thread,Join me and over 60 million users who love Revolut. Sign up with my link below:  https://revolut.com/referral/?referral-code=ibinaboi!FEB1-26-AR-L1&amp;geo-redirect,Much-Contest-2369,1,2026-01-29 19:23:03,Revolut,Reddit
o2e7g1h,1qh7inn,Revolut referral promotion - Referral link thread,"I will share 70€ with my Referal Link. I will get an 100€ Reward for each new Referal and 70% will be given to you 🫵,and thats how it should be Register and Complete all the Steps then Dm me with your Revolut Tag and I will send you the Reward 

Steps:

- Add money to your account via debit card or bank transfer ( only 1€).

Make 3 purchases of at least €5 each.
Certain “money” transactions such as gambling, gift cards, or transfers do not count.

Order a physical card.

You can add it to Apple Pay or Google Pay and pay contactlessly.

Link:

https://revolut.com/referral/?referral-code=hamsabvwha!FEB1-26-AR-H2-MDL-CTRL&amp;geo-redirect",SadConcentrate8496,1,2026-01-29 11:42:08,Revolut,Reddit
o0y64sg,1qh7inn,Revolut referral promotion - Referral link thread," The Smarter Way to Handle Your Money  

Come earn some RevPoints and see why Revolut keeps winning people over.



👉 Yeah join my invite here: [https://www.revolut.com/en-FI/referral/?referral-code=davy3f8p](https://www.revolut.com/en-FI/referral/?referral-code=davy3f8p)

Yeah cool gift and perks for U too.   



Revolut isn’t just a banking app it’s a reward machine that keeps getting better. With RevPoints, every tap, swipe, and purchase turns into something fun.

Come earn some RevPoints and see why Revolut keeps winning people over.

 Why people love it: 



Virtual &amp; disposable cards for safer online shopping  

Smart budgeting tools that make saving effortless  

Crypto &amp; commodities available in a tap  

Travel perks like fee‑free spending abroad  

And the app keeps getting better every month

Instant payments that actually feel instant  

Free currency exchangeat great rates  

Earn RevPointson everyday spending  

Redeem points for travel perks, upgrades, and cool rewards  

Instant payments that actually feel instant  

Great exchange rates when you travel  

Smart budgeting tools that make saving painless  

Virtual cards for safer online shopping  

 A clean, modern app that keeps rolling out new features



If you want money management that feels modern, rewarding, and just… easy, hop in with my invite:",Doxfy,1,2026-01-21 23:20:08,Revolut,Reddit
o0ij5b1,1qh7inn,Revolut referral promotion - Referral link thread,Join me and over 60 million users who love Revolut. Sign up with my link below: https://revolut.com/referral/?referral-code=ppowers86!JAN1-26-AR-US-H1-REFBLOCK-AE&amp;geo-redirect,Emotional_Log4314,1,2026-01-19 17:52:08,Revolut,Reddit
o0kjx5c,1qh7inn,Revolut referral promotion - Referral link thread,"If you use my code I’m gonna get 50€ and I give you 25€  you got 7 days 

https://revolut.com/referral/?referral-code=fabio9ahb!JAN1-26-AR&amp;geo-redirect",Mammoth_Can_168,1,2026-01-19 23:38:28,Revolut,Reddit
o0ng9mm,1qh7inn,Revolut referral promotion - Referral link thread,"Hi all, I need money, since I’m a good guy I will send 50% of my bonus. 
Here my link: 

https://revolut.com/referral/?referral-code=giovanze8l!JAN1-26-AR-L1-MDL-CTRL&amp;geo-redirect",PositiveEase3873,1,2026-01-20 11:44:33,Revolut,Reddit
o1r69mi,1qh7inn,Revolut referral promotion - Referral link thread,"I'd SOOOOOOO totally appreciate it!*!*!*!*!


**Join me and over 60 million users who love Revolut. Sign up with my link below: https://revolut.com/referral/?referral-code=lovelylaree!JAN1-26-AR-US-H2-REFBLOCK&amp;geo-redirect",What_Really_Cmon,1,2026-01-26 03:35:41,Revolut,Reddit
o0iexhq,1qh7inn,Revolut referral promotion - Referral link thread,"Here’s my link for € 80

Join me and over 60 million users who love Revolut. Sign up with my link below:  https://revolut.com/referral/?referral-code=cemriza!JAN1-26-AR-H1&amp;geo-redirect",Crk38,1,2026-01-19 17:33:08,Revolut,Reddit
o18b2ma,1qh7inn,Revolut referral promotion - Referral link thread,"Hello!
I got a granted reward of 100€ until 27th. 
It requests that you join through my invite,
Then you to order a card (7,99 euro) 
Add money to your account
And make 5 euro purchase for 3 times.
I am willing to share it 50/50 with whomever interested. Currently I only have 3 invites left so please DM before you start it, i wouldn’t want you to do it for nothing!
For any trust issues, I am a student &amp; work at a university, can email you from my uni work email :)

Sign up with my link below:[https:// revolut.com/referral/?referral-code=aleyna8hk2! JAN1-26-AR-H2-MDL-CTRL&amp;geo-redirect](https://revolut.com/referral/?referral-code=aleyna8hk2!JAN1-26-AR-H2-MDL-CTRL&amp;geo-redirect)",anywlashighaf,1,2026-01-23 12:58:07,Revolut,Reddit
o0inn5o,1qh7inn,Revolut referral promotion - Referral link thread,"Here you go

https://revolut.com/referral/?referral-code=h3lm!JAN1-26-AR-H1-AE&amp;geo-redirect",scientist137,1,2026-01-19 18:12:10,Revolut,Reddit
o0i5jr4,1qh7inn,Revolut referral promotion - Referral link thread,Join me and over 60 million users who love Revolut. Sign up with my link below:  https://revolut.com/referral/?referral-code=andrewpkou!JAN1-26-AR-DD-H2&amp;geo-redirect,____Oni___,1,2026-01-19 16:50:31,Revolut,Reddit
o24k7bl,1qh7inn,Revolut referral promotion - Referral link thread,"By using my code, I will get £50 and will transfer you £25 if you complete the steps. PM here to claim!  
  
[https://revolut.com/referral/?referral-code=jaigarg!FEB1-26-AR-H2-MDL-CTRL&amp;geo-redirect](https://revolut.com/referral/?referral-code=jaigarg!FEB1-26-AR-H2-MDL-CTRL&amp;geo-redirect)",DefaultDuddus,1,2026-01-28 00:52:34,Revolut,Reddit
o0hw65i,1qh7inn,Revolut referral promotion - Referral link thread,"Register with my code:
 https://revolut.com/referral/?referral-code=pffm!JAN1-26-AR&amp;geo-redirect",Cautious_Mine2337,1,2026-01-19 16:08:34,Revolut,Reddit
o18ayfk,1qh7inn,Revolut referral promotion - Referral link thread,"Een verwijzing voor Nederland en Vlaanderen: [https://revolut.com/referral/?referral-code=johann398k!JAN1-26-VR-NL&amp;geo-redirect](https://revolut.com/referral/?referral-code=johann398k!JAN1-26-VR-NL&amp;geo-redirect) .

Laat het me gerust even weten als je 'm gebruikt hebt. :-)",embrowsers,1,2026-01-23 12:57:24,Revolut,Reddit
o0hqmsr,1qh7inn,Revolut referral promotion - Referral link thread,Join me and over 60 million users who love Revolut. Sign up with my link below:  [https://revolut.com/referral/?referral-code=christ1t0q!JAN1-26-VR-DE-MDL-ROI&amp;geo-redirect](https://revolut.com/referral/?referral-code=christ1t0q!JAN1-26-VR-DE-MDL-ROI&amp;geo-redirect),learned_friend,1,2026-01-19 15:43:46,Revolut,Reddit
mfrx5hd,1j2g9d9,Revolute decided to shutdown my account after years of use,"Revolut has 50 million customers, so I can assure you that if your account was terminated by Revolut you must have been showing behavior that their algorithm would determine as being fraudulent or shady. Especially if another person who reviewed your account also determines your behavior is like other fraudulent accounts.

That being said, gambling some money surely isn't the main reason why your account was terminated. Your account must have shown specific patterns that would be classified as fraudulent, criminal or any of the other rules that allow Revolut to close your account. Of course the helpdesk can't tell you why because of something like privacy, need to know basis and preventing data leaks. Plenty of customers, including a friend of mine has been using Revolut as his one and only bank for years, getting paid his salary on there, gambling on it and investing money in stocks and he has never had a problem so I'm sure that wasn't the main reason for your account termination.

And also if you're a crypto enthusiast I don't think I have to tell you that the only safe place for your crypto is a cold wallet that you own. If the crypto exchange you hold your crypto on ever burns down or gets hacked you'll lose all your crypto.",BitSec_,37,2025-03-03 13:16:08,Revolut,Reddit
mfs02ej,1j2g9d9,Revolute decided to shutdown my account after years of use,"I dont get it.

If you transfer money to betting sites, ita illegal? Why close account?",StanfordV,18,2025-03-03 13:36:47,Revolut,Reddit
mfrmz7q,1j2g9d9,Revolute decided to shutdown my account after years of use,"I use it for playing on lottoland and a have deposited on other sites in the past. No issues yet, I really hope they don't have a problem with legal gambling as I use revolut for everything day to day",FireBun,5,2025-03-03 11:59:14,Revolut,Reddit
mfrhwbl,1j2g9d9,Revolute decided to shutdown my account after years of use,"Just one question, why do you want your subscription money back for the years when you were using it?",willyhun,11,2025-03-03 11:13:42,Revolut,Reddit
mfriwdf,1j2g9d9,Revolute decided to shutdown my account after years of use,Don't use revolut for gamba. Next time 😂,huggarn,10,2025-03-03 11:23:12,Revolut,Reddit
mfrr7b1,1j2g9d9,Revolute decided to shutdown my account after years of use,"It isn’t something major it’s quite common for financial institutions to close accounts.

I use Revolut for international money transfers and never had an issue, but I have had my Metro Bank account closed before today, I didn’t take it personally if they don’t want me as customer that’s their loss.

Whilst others have said it would be helpful to know the reason, financial institutions simply can’t tell you as if it’s because of a case that’s being investigating it could be seen as tipping off which is more serious than how the account got closed in the first place.

I wouldn’t take an account closure personally and there’s plenty more financial institutions out there!",Separate-Ad-5255,2,2025-03-03 12:32:48,Revolut,Reddit
mft70zt,1j2g9d9,Revolute decided to shutdown my account after years of use,I’m calling bullshit. I went to a casino multiple times and paid with Revolut.,amrfctn,2,2025-03-03 17:24:33,Revolut,Reddit
mfuwjk0,1j2g9d9,Revolute decided to shutdown my account after years of use,Will they give you the money that u had in you account back?,Hannito0512,2,2025-03-03 22:17:02,Revolut,Reddit
mfwrxxx,1j2g9d9,Revolute decided to shutdown my account after years of use,But people on this subreddit told me this never happens,LegalStorage,2,2025-03-04 04:40:26,Revolut,Reddit
mfrlycq,1j2g9d9,Revolute decided to shutdown my account after years of use,"Keep fighting them - they did the same to me months ago and all I did was argue the bit out for a few days, got it restored and money back as compensation",SeosamhRankin,3,2025-03-03 11:50:41,Revolut,Reddit
mfrmn68,1j2g9d9,Revolute decided to shutdown my account after years of use,All Banks do this it's driven by their regulators. You can argue that it's not fair (and some places like UK after the Farage scandal are trying to address this via regulation as well) but this is not a Revolut issue.,headline-pottery,4,2025-03-03 11:56:28,Revolut,Reddit
mfrhigv,1j2g9d9,Revolute decided to shutdown my account after years of use,They will have no customers left soon 🤣🤣 They are doing it to so many,kashmasteroz87,5,2025-03-03 11:10:00,Revolut,Reddit
mfsme6c,1j2g9d9,Revolute decided to shutdown my account after years of use,What happens with your funds/crypto which you have in revolut account at time when they decide to close your account?,turboturtle771,1,2025-03-03 15:46:13,Revolut,Reddit
mfsqnkl,1j2g9d9,Revolute decided to shutdown my account after years of use,"Are you based in the EU? If so, where?",Fliptzer,1,2025-03-03 16:07:01,Revolut,Reddit
mfsvzuk,1j2g9d9,Revolute decided to shutdown my account after years of use,Bei mir genau das selbe. Jahrelang Revolut genutzt. Vor kurzem bei Betano angefangen zu Wetten und zack Konto wurde eingeschränkt und jetzt wird es entgueltig geschlossen.,Few_Cream8665,1,2025-03-03 16:32:30,Revolut,Reddit
mftl5jy,1j2g9d9,Revolute decided to shutdown my account after years of use,"OP.  The movement between your account and Bet365 is unlikely the issue here.  The unknown is how you're funding the gambling?  I assume you're not always winning, so you're placing funds into revolut from somewhere to feed your betting account?",MikeCrypto88,1,2025-03-03 18:32:01,Revolut,Reddit
mftq66r,1j2g9d9,Revolute decided to shutdown my account after years of use,How did you manage to deposit money from Revolut to BET365? As far as I know Revolut doesn't allow payments to BET365 and making a deposit from Revolut to BET365 is the only way to ever withdraw money to Revolut. At least that's how things were a while ago.,ZoneManagement,1,2025-03-03 18:55:33,Revolut,Reddit
mftwjvb,1j2g9d9,Revolute decided to shutdown my account after years of use,"I really don’t think it’s because you’re using bet365, long as you’re KYC cleared you’re good to go. If there was any dodgy issues going on, trust me, with the AML and FRS rules in the gambling industry your betting account would close immediately, don’t forget they have MANY people that use Revolut and similar for betting. 

Many people have had their Revolut accounts closed recently because they opened it in one country but their source of funds or spends is mostly in another, so it comes down to tax implications. Hope this helps, for clarity, google the first part of my username and look where it’s near  to and what that places main industry is.",manilvadave,1,2025-03-03 19:26:01,Revolut,Reddit
mftz27t,1j2g9d9,Revolute decided to shutdown my account after years of use,"&gt; The scary thing is you can have thoudands of stocks, crypto and other investments in Revolute and they can just decided to shutdown ur acc like that. Pretty scary if you ask me. 


Well, that's a bank.  
There's a reason I use Revolut for my online purchases. ",laplongejr,1,2025-03-03 19:38:05,Revolut,Reddit
mfuc8od,1j2g9d9,Revolute decided to shutdown my account after years of use,I bet you are receiving money by card transaction and not by wire transfer,santya95,1,2025-03-03 20:40:14,Revolut,Reddit
mfvsxc9,1j2g9d9,Revolute decided to shutdown my account after years of use,And yet I still get notifications despite not using mine in for half a decade.,mick_boi,1,2025-03-04 01:10:36,Revolut,Reddit
mfvv2zn,1j2g9d9,Revolute decided to shutdown my account after years of use,"Lol i had revolut for couple of years, mainly to use when I traveled around europe. Then one day boom, I had the exact message and no explanation. Then I dropped this shit and moved to Neon, never had a problem since. Revolut is garbage.",KRat0409,1,2025-03-04 01:22:40,Revolut,Reddit
mfwo94u,1j2g9d9,Revolute decided to shutdown my account after years of use,You sound deluded,AdExtreme4259,1,2025-03-04 04:14:44,Revolut,Reddit
mfx4veh,1j2g9d9,Revolute decided to shutdown my account after years of use,I am using Revolut for over 5 years and i never had a problem and every month i transfer money to a crypto exchange. Maybe who knows is from gambling or something else.,All-Above,1,2025-03-04 06:24:41,Revolut,Reddit
mfxaftv,1j2g9d9,Revolute decided to shutdown my account after years of use,KYC is getting out of hand and it will only get worse too. Soon we will be going back to paper money,plamenv0,1,2025-03-04 07:16:27,Revolut,Reddit
mfxhrvv,1j2g9d9,Revolute decided to shutdown my account after years of use,"I got permanently banned from Revolut because I vreated an account with a phone number, then deleted it and created a new account with a new phone number, but same ID card.

I waited a few months and retried, still able to use Revolut as of today. You should give it a shot",ChristianTheOne,1,2025-03-04 08:31:15,Revolut,Reddit
mfxiwhl,1j2g9d9,Revolute decided to shutdown my account after years of use,"You give 2 keywords, that in combination make you a high risk customer for them and they don't want to deal with that:

\- Gambling

\- A lot of transaction between Revolut and Gambling website.

Even it's 100% legal, this still looks like something that people do for money laundering. They don't want to take any risk, because depending on the accusations, getting involved in a money laundering investigation can be very expensive for the bank.",Wild_Concept_212,1,2025-03-04 08:43:25,Revolut,Reddit
mfxni3w,1j2g9d9,Revolute decided to shutdown my account after years of use,People are still gambling money online?,suck4fish,1,2025-03-04 09:31:57,Revolut,Reddit
mfxofix,1j2g9d9,Revolute decided to shutdown my account after years of use,"Austria you say? Well, it’s not exactly legal for operators to operate there since Austria has a state monopoly on physical and online casinos and operators like Bet365 aren’t allowed to operate there. Many operators are being sued there…",CoatDifficult8225,1,2025-03-04 09:41:40,Revolut,Reddit
mfxq6nq,1j2g9d9,Revolute decided to shutdown my account after years of use,"Hey, at least they let you move your funds out.

In my case they have locked down my account under restriction, and won't let me do anything for a month now, with thousands of pounds still in and frozen.",Extension-Pea6307,1,2025-03-04 09:59:20,Revolut,Reddit
mfz4101,1j2g9d9,Revolute decided to shutdown my account after years of use,Yeah dude take your red pill elsewhere,ratman431,1,2025-03-04 15:36:24,Revolut,Reddit
mfzgney,1j2g9d9,Revolute decided to shutdown my account after years of use,You bought one the dark web and got caught simple.... not very smart.,JobZealousideal6959,1,2025-03-04 16:34:52,Revolut,Reddit
mg0v2mj,1j2g9d9,Revolute decided to shutdown my account after years of use,"Ohhh, the ""we can't share any info on why we locked YOUR account"" type of shit",NickosSB,1,2025-03-04 20:27:29,Revolut,Reddit
mg1ydea,1j2g9d9,Revolute decided to shutdown my account after years of use,Did you lose money? Did it have any?,EmoLotional,1,2025-03-04 23:36:28,Revolut,Reddit
mg44i14,1j2g9d9,Revolute decided to shutdown my account after years of use,"I am betting on stoiximan (Greece) a long time and never had a problem. I got this message few days ago. The support chat informed me that my national ID was expired (in Greece the old ids had an expiration date but in general use nobody cared). I went to renew my ID, sent them a couple of pics of the I'd and everything is fine",suicidenation,1,2025-03-05 08:00:26,Revolut,Reddit
mg44iiv,1j2g9d9,Revolute decided to shutdown my account after years of use,"I am betting on stoiximan (Greece) a long time and never had a problem. I got this message few days ago. The support chat informed me that my national ID was expired (in Greece the old ids had an expiration date but in general use nobody cared). I went to renew my ID, sent them a couple of pics of the I'd and everything is fine",suicidenation,1,2025-03-05 08:00:35,Revolut,Reddit
mg6rg5e,1j2g9d9,Revolute decided to shutdown my account after years of use,"Dont use Revolut for shady stuff and you will be good man. And yes they cannot tell you reason its not their decision its a law of EU.

Shady as crypto, betting and more…",AbrocomaAlarmed5828,1,2025-03-05 18:18:13,Revolut,Reddit
mg70zxe,1j2g9d9,Revolute decided to shutdown my account after years of use,that’s not respectful service,TodayIndependent4334,1,2025-03-05 19:02:00,Revolut,Reddit
mga8r64,1j2g9d9,Revolute decided to shutdown my account after years of use,If anyone wants to buy or sell crypto dm me for long term business,NeedleworkerTime5179,1,2025-03-06 05:36:27,Revolut,Reddit
nlzc0m5,1j2g9d9,Revolute decided to shutdown my account after years of use,Were you able to withdraw your funds from other accounts / brokerages that were linked to this Revolut account?,Nicely_Colored_Cards,1,2025-10-29 09:54:21,Revolut,Reddit
mfric83,1j2g9d9,Revolute decided to shutdown my account after years of use,"They alrdy said you will be able to get all the money thats left on there if you follow their instructions.

I don't see why you would need to use revolut for betting? sounds like its just an extra step for no reason?",HealerOnly,1,2025-03-03 11:17:55,Revolut,Reddit
mfrv9lz,1j2g9d9,Revolute decided to shutdown my account after years of use,It is spelled Revolut,cuxer,1,2025-03-03 13:02:24,Revolut,Reddit
mfsoh0n,1j2g9d9,Revolute decided to shutdown my account after years of use,"&gt; matrix is real

Brother, seek mental help. You're not okay.",RG_Oriax,1,2025-03-03 15:56:20,Revolut,Reddit
mfrsu7l,1j2g9d9,Revolute decided to shutdown my account after years of use,"Why is it scary? It’s not like they keep the money? Sure, it’s annoying and irritating but you can transfer your stocks and cash anywhere else you want.",SPXQuantAlgo,1,2025-03-03 12:44:44,Revolut,Reddit
mfrk4c5,1j2g9d9,Revolute decided to shutdown my account after years of use,"Well, don't do shady stuff and your account will likely not be closed.",zizp,1,2025-03-03 11:34:25,Revolut,Reddit
mfriege,1j2g9d9,Revolute decided to shutdown my account after years of use,"They are a scam company. They locked my account without the possibility to resolve the issue for more than half a year. Stop using them. It's totally arbitrary when they decide they need to ""lock your account"" for your own safety.",pillangolocsolo,-9,2025-03-03 11:18:29,Revolut,Reddit
mfuh9ts,1j2g9d9,Revolute decided to shutdown my account after years of use,"People are forgetting that Revolut and similar institutions are not banks, regulations applying to them are different.

They can't share any info with you in certain cases as it could be considered ""tipping off"" which is a criminal offence.",Bocsuletfarm,0,2025-03-03 21:03:42,Revolut,Reddit
mqoc05w,1kf6lw7,Moving my main account and salary to revolut. Will be transferring about €40k. Will this be a problem?,40000 at once and as your first transfer? That will most likely be placed on hold.,lupus0802,78,2025-05-05 09:36:39,Revolut,Reddit
mqok6ew,1kf6lw7,Moving my main account and salary to revolut. Will be transferring about €40k. Will this be a problem?,I would never make Revolut my primary bank. Even if I haven't had a problem so far. Reading about other people's problems is enough for me.,x00z3r,30,2025-05-05 11:01:30,Revolut,Reddit
mqod9cg,1kf6lw7,Moving my main account and salary to revolut. Will be transferring about €40k. Will this be a problem?,"For the love of your cash , speak first with revolut agent and then move bit by bit. You will trigger red flag and takes forever until it's cleared.

Do not go wild west ,

I personally roll till 2k per month and ain't have any issue with them , oh and roll 22k into your safe account..",Aromatic_Wasabi_864,20,2025-05-05 09:50:02,Revolut,Reddit
mqofrx7,1kf6lw7,Moving my main account and salary to revolut. Will be transferring about €40k. Will this be a problem?,"It will really depend on where you transfer that money from. Another popular bank in the same country? Probably fine. Some random account in Russia? Or cash over the counter? Welcome to additional checks :)

The originating account being in your name will help, too.

Other than unavoidable routine stuff, KYC is basically about fraud protection for banks, as they can get spanked for handling funds that turn out to be dodgy...so if they can trust the source, they won't be too worried. 

You can always message them ahead of time and let them know you're going to do it, they can at least tell you what's going to happen.

I've moved similar amounts in and out of Revolut before, including some crypto which I moved in and then sold in Revolut, and never had a problem.",Boboshady,10,2025-05-05 10:16:49,Revolut,Reddit
mqolmyd,1kf6lw7,Moving my main account and salary to revolut. Will be transferring about €40k. Will this be a problem?,"Don’t do it. 

Spend an hour reading the posts on here about frozen accounts for little to no reason and being locked out of your own money for months in some cases.",Shark-Feet,11,2025-05-05 11:15:18,Revolut,Reddit
mqojlp1,1kf6lw7,Moving my main account and salary to revolut. Will be transferring about €40k. Will this be a problem?,Don't keep all eggs in one basket 😳,smi1e123_MD,9,2025-05-05 10:55:56,Revolut,Reddit
mqodxlt,1kf6lw7,Moving my main account and salary to revolut. Will be transferring about €40k. Will this be a problem?,"Revolut is convenient to pay expense and pay to friend, just keep several hundred is excellent. You can just add money from easy bank transfer, this can add money immediately. Strong recommend your salary account and majority of wealth keep in traditional bank instead.

Agreed with one of bro suggestions, it okay to buy a portion of bitcoin from your wealth, but pls keep it as cold wallet, not in bank or another other exchange.",usushei,10,2025-05-05 09:57:09,Revolut,Reddit
mqoi68d,1kf6lw7,Moving my main account and salary to revolut. Will be transferring about €40k. Will this be a problem?,"I would strongly advice against this - if the transfer is significantly higher than anything you've done before, it will for sure raise some flags (AML/KYC), and it's much harder to go through those on Revolut than a regular bank. I would also advise against receiving salary there.

Revolut is great (I've been a very happy customer for 7-8 years) for daily spending, sending money to some friends on the app etc. For anything else (investing, receiving payments, and so on). I would only recommend a bank with physical branches. And use that bank to top up your revolut account when needed.",Comprehensive_Ad4440,6,2025-05-05 10:41:44,Revolut,Reddit
mqodzyp,1kf6lw7,Moving my main account and salary to revolut. Will be transferring about €40k. Will this be a problem?,Traditional banks are changing a lot too. All linked with ECB rates,Ncjmor,5,2025-05-05 09:57:51,Revolut,Reddit
mqog690,1kf6lw7,Moving my main account and salary to revolut. Will be transferring about €40k. Will this be a problem?,You shouldn’t have all your money in Revolut. You should spread it out with all your bank account just in case,Exotic-Parking9235,4,2025-05-05 10:21:04,Revolut,Reddit
mqog6ah,1kf6lw7,Moving my main account and salary to revolut. Will be transferring about €40k. Will this be a problem?,Definitely would not do that - rev is not good as a main bank - there is a chance you will be stuck OR you have to keep cash for living expenses at least for a week or two,1urk3r88,4,2025-05-05 10:21:05,Revolut,Reddit
mqocu4r,1kf6lw7,Moving my main account and salary to revolut. Will be transferring about €40k. Will this be a problem?,"It will probably be put on hold, just be ready to show evidence of where it came from and I'm sure you'll be fine.",computerx138,7,2025-05-05 09:45:31,Revolut,Reddit
mqogzfu,1kf6lw7,Moving my main account and salary to revolut. Will be transferring about €40k. Will this be a problem?,"if you are transferring from a well know bank account under the same name, it should be ok, but obviously be prepared to show them statements",Any-Seaworthiness-54,6,2025-05-05 10:29:34,Revolut,Reddit
mqoedvd,1kf6lw7,Moving my main account and salary to revolut. Will be transferring about €40k. Will this be a problem?,Avoid Revolut for your main accounts. Their support is shit and tend to block accounts without explanations.,xg4m3CYT,7,2025-05-05 10:02:00,Revolut,Reddit
mqog9tc,1kf6lw7,Moving my main account and salary to revolut. Will be transferring about €40k. Will this be a problem?,I have over 20k euros in investments. No problems so far. But I guess I would start a lawsuit if my money gets blocked.,tomtaietot,2,2025-05-05 10:22:07,Revolut,Reddit
mqovxpd,1kf6lw7,Moving my main account and salary to revolut. Will be transferring about €40k. Will this be a problem?,"Even with a Swiss salary, and shifting quite a considerable amount via Revolut every month, I still get some blockages every now and then, I have the Metal and been using revolut for years. 
Eg: I had an emergency payment of 3k to be done last month, I transferred via my account and boom, they blocked it right away and asked for a review. After 30mins of fighting with a bot, then I managed to talk to a
Human, result, my emergency payment turned into a massive stress.. finally got the money out after 1hr. 
So no, for salary purposes.. I won’t personally won’t be doing that.. I keep on using for day to day usage, and for forex and quick transfer. 
But that’s it,",cenkaswiss,2,2025-05-05 12:40:13,Revolut,Reddit
mqocg27,1kf6lw7,Moving my main account and salary to revolut. Will be transferring about €40k. Will this be a problem?,Get a normal Bank account  instead of revolut,VolvicVoda,5,2025-05-05 09:41:25,Revolut,Reddit
mqocyqn,1kf6lw7,Moving my main account and salary to revolut. Will be transferring about €40k. Will this be a problem?,Yall never learn...,Away_Limit_6275,4,2025-05-05 09:46:55,Revolut,Reddit
mqoeku7,1kf6lw7,Moving my main account and salary to revolut. Will be transferring about €40k. Will this be a problem?,I wouldn't. Why not get that money invested in an ISA outside of Revolut.,Ill_Sky_3737,2,2025-05-05 10:04:07,Revolut,Reddit
mqofe9r,1kf6lw7,Moving my main account and salary to revolut. Will be transferring about €40k. Will this be a problem?,Never use a bank that doesn’t have a physical branch on the high street,6768191639,2,2025-05-05 10:12:48,Revolut,Reddit
mqofw67,1kf6lw7,Moving my main account and salary to revolut. Will be transferring about €40k. Will this be a problem?,They'll just block ur account for a few months.,Emotional_Stage_2234,2,2025-05-05 10:18:05,Revolut,Reddit
mqog48g,1kf6lw7,Moving my main account and salary to revolut. Will be transferring about €40k. Will this be a problem?,I would only use a neobank as main account if every other bank in my country and neighbor country stopped existing. The risk of it being just blocked is always there.,0Iceman228,1,2025-05-05 10:20:27,Revolut,Reddit
mqoi7mm,1kf6lw7,Moving my main account and salary to revolut. Will be transferring about €40k. Will this be a problem?,"You should never put your money in an internet bank with shit ass support. Use a real bank for that, with real people you can talk in real life if something goes wrong, preferably within a walking distance. Use Revolut for (small) transfers or vacation payments.",Gyrochronatom,1,2025-05-05 10:42:07,Revolut,Reddit
mqoj6hi,1kf6lw7,Moving my main account and salary to revolut. Will be transferring about €40k. Will this be a problem?,It depends. I transferred 120k £ at once and there was no issue. ,nosleep_ontrip007,1,2025-05-05 10:51:49,Revolut,Reddit
mqoj94c,1kf6lw7,Moving my main account and salary to revolut. Will be transferring about €40k. Will this be a problem?,"I think it varies country to country, but I signed up to Revolut a few months ago not knowing any of these issues and transferred in £200k without so much as a blip - but like another commenter has pointed out, that transfer was from a current account at a well known UK bank so I’m sure that helped",chieftain88,1,2025-05-05 10:52:32,Revolut,Reddit
mqojy3w,1kf6lw7,Moving my main account and salary to revolut. Will be transferring about €40k. Will this be a problem?,"Anything 10K or above must be signaled to Tracfin by law… after that they probably will ask tons of documents and might or not make problems…

Anyway I STRONGLY advise NOT to rely only on ONE online bank. Put your eggs in at least 2 or better 3 banks (to minimize costs take 2 free online + 1 physical bank) and limit transfers to max some 5 to 6K for online banks, maybe once a month",Amiga07800,1,2025-05-05 10:59:15,Revolut,Reddit
mqok08s,1kf6lw7,Moving my main account and salary to revolut. Will be transferring about €40k. Will this be a problem?,I'd contact their in app customer support first.,DCzy7,1,2025-05-05 10:59:49,Revolut,Reddit
mqoka9a,1kf6lw7,Moving my main account and salary to revolut. Will be transferring about €40k. Will this be a problem?,Almost certainly. Get a proper bank,EasySea5,1,2025-05-05 11:02:33,Revolut,Reddit
mqokjq1,1kf6lw7,Moving my main account and salary to revolut. Will be transferring about €40k. Will this be a problem?,"If the money is legit, it wont be a problem. It might be put on hold, so if you need money for whatever reason, don’t send it all.",AdInevitable7289,1,2025-05-05 11:05:05,Revolut,Reddit
mqol15n,1kf6lw7,Moving my main account and salary to revolut. Will be transferring about €40k. Will this be a problem?,"Been a customer since the beginning of Revolut. 
I do all my normal and business banking there. 

I do have a few other accounts in case of emergency. 
(Would have this before Revolut as well) 

But in all my years I haven't had a single question raised, not a single penny held... 

Just like every bank they will require proof of funds, but even that is unlikely if it comes from a bank account in a EU normal country with your name on there... 

Lots of people like to complain about things that are just normal KYC... I work in finance as well... We kyc hundreds of people daily which is also fine as long as your not doing anything illegal or sketchy right. 💪

It is just how banking works as we can be heavily fined for aiding in money laundering and indirectly financing terrorism 😅",ComprehensiveSort401,1,2025-05-05 11:09:40,Revolut,Reddit
mqoohit,1kf6lw7,Moving my main account and salary to revolut. Will be transferring about €40k. Will this be a problem?,Don’t they’ve restricted my account for no fucking reason and have been giving vague non answers for over two weeks,Calm-Ad391,1,2025-05-05 11:41:05,Revolut,Reddit
mqoqlva,1kf6lw7,Moving my main account and salary to revolut. Will be transferring about €40k. Will this be a problem?,Shouldn’t be a problem I moved my salary and far larger amount deposited. Just had to show payslip all sorted in 15 mins,Particular_Olive_904,1,2025-05-05 11:58:48,Revolut,Reddit
mqoqxfn,1kf6lw7,Moving my main account and salary to revolut. Will be transferring about €40k. Will this be a problem?,They'll likely block your account for a good while. No idea why you would place so much trust in revolut,TheUser_1,1,2025-05-05 12:01:27,Revolut,Reddit
mqovbmg,1kf6lw7,Moving my main account and salary to revolut. Will be transferring about €40k. Will this be a problem?,dont do it man.,RandomBlokeFromMars,1,2025-05-05 12:35:43,Revolut,Reddit
mqozcti,1kf6lw7,Moving my main account and salary to revolut. Will be transferring about €40k. Will this be a problem?,"It's crazy that people are actually scared to send their money to this bank. It shows how Revolut is fucking up. I've created new accounts in regular banks online many times in the past with the sole purpose of moving all of my savings to the new account to get a better rate for a few months, and then did it again a few months later. It was never a problem whatsoever.",nimbledoor,1,2025-05-05 13:04:40,Revolut,Reddit
mqozfwk,1kf6lw7,Moving my main account and salary to revolut. Will be transferring about €40k. Will this be a problem?,"Don't do it ..You might regret it..

Use Revolot only as back up",sub_RedditTor,1,2025-05-05 13:05:15,Revolut,Reddit
mqp17dc,1kf6lw7,Moving my main account and salary to revolut. Will be transferring about €40k. Will this be a problem?,"My transaction was held when it was €500 dude, I would absolutely do it in parts of say €5k or €10k just to make sure you can pay for stuff while they hold the transaction. The transaction will absolutely be put on hold according to EU anti money laundering laws",B4DR1998,1,2025-05-05 13:17:28,Revolut,Reddit
mqp18qf,1kf6lw7,Moving my main account and salary to revolut. Will be transferring about €40k. Will this be a problem?,"They holder my €400 for 2 months, so....",alex118905,1,2025-05-05 13:17:43,Revolut,Reddit
mqp1rku,1kf6lw7,Moving my main account and salary to revolut. Will be transferring about €40k. Will this be a problem?,"From what most have said, you should not have revolut as your main account.  And there is really no reason to do that unless tax evasion, in which case glhf.",HealerOnly,1,2025-05-05 13:21:16,Revolut,Reddit
mqp2xko,1kf6lw7,Moving my main account and salary to revolut. Will be transferring about €40k. Will this be a problem?,DON'T DO IT. Stay away from Revolut. It's only for small deposits and expensed,Peter90146,1,2025-05-05 13:29:06,Revolut,Reddit
mqp2ze9,1kf6lw7,Moving my main account and salary to revolut. Will be transferring about €40k. Will this be a problem?,Don’t do it,Professional_Day8274,1,2025-05-05 13:29:26,Revolut,Reddit
mqp9y20,1kf6lw7,Moving my main account and salary to revolut. Will be transferring about €40k. Will this be a problem?,"Nobody knows. I have done much bigger transfers without ever triggering anything but it was from EU bank in my name. Generally speaking people that have problems don't understand banking. 

100% random example:
The shell company payment processor of [random crypto exchange] in Malta is not a bank because it has an Iban... And getting even a small amount can trigger money laundering.",No_Criticism_9545,1,2025-05-05 14:13:28,Revolut,Reddit
mqpdzph,1kf6lw7,Moving my main account and salary to revolut. Will be transferring about €40k. Will this be a problem?,Don’t,jacobsnemesis,1,2025-05-05 14:36:52,Revolut,Reddit
mqpezyh,1kf6lw7,Moving my main account and salary to revolut. Will be transferring about €40k. Will this be a problem?,"that is what I don't like about revolut, there is always fear of something. What if I send 2k to my father? or I move 300€ to a crypto exchange?

All of these are legit and I do it without fear in my traditional bank",sephiman,1,2025-05-05 14:42:27,Revolut,Reddit
mqpojtv,1kf6lw7,Moving my main account and salary to revolut. Will be transferring about €40k. Will this be a problem?,"Salary should be fine. I have moved 7k€ before and it was OK.
In your place I would defenitelly not spend 40k€ right away and prepare for slight chance (but high impact) of your account getting locked.
Keep enough money on another bank account (traditional or free like N26) to survive in case your account gets locked.",Aggravating_Reality1,1,2025-05-05 15:33:06,Revolut,Reddit
mqpz1ba,1kf6lw7,Moving my main account and salary to revolut. Will be transferring about €40k. Will this be a problem?,"OP: Link your bank to Revolut first via the app, it takes couple minutes. After that, your other bank account is deemed trusted as they do a quick auto-check of your statements to see where the money came from over time. Then you can do the transfer from within Revolut (or from your other bank app). I linked mine with Revolut and made large transfers w/o issues. You can always unlink your bank account later.

The angry posts on this forum are mostly from the % of unhappy customers, if AIB, BOI, PTSB etc. had their Reddit forums they’d be full of similar issues also and you’d be under similar impression those banks are not trustworthy. No one goes on public forum if their bank is working fine. 99% of posts would be like ”Hi fellas, no issues last month, just checking in, thanks!”",doggo-52,1,2025-05-05 16:25:21,Revolut,Reddit
mqqjbws,1kf6lw7,Moving my main account and salary to revolut. Will be transferring about €40k. Will this be a problem?,Or contact them before transferring that amount,sekiyi,1,2025-05-05 18:04:56,Revolut,Reddit
mqqlu1i,1kf6lw7,Moving my main account and salary to revolut. Will be transferring about €40k. Will this be a problem?,"Revolut is a BAD choice. As I understand, they do not have a full banking license in the UK. Si many negative comments should make you very wary about entrusting your savings and salary to them.",ccorax9,1,2025-05-05 18:16:53,Revolut,Reddit
mxsii67,1lb6pyk,Is my mum screwed? She’s 59 and no pension or savings,Participation in this post is limited to users who have sufficient karma in /r/ukpersonalfinance. See [this post](https://www.reddit.com/r/UKPersonalFinance/comments/12mys82/trialling_new_process_comments_restricted_to_ukpf/) for more information.,ukpf-helper,1,2025-06-14 20:41:00,UKPersonalFinance,Reddit
mxq680i,1lb6pyk,Is my mum screwed? She’s 59 and no pension or savings,"Is her business locked to London or can she move and take it with her?

Because moving somewhere a lot cheaper and taking in £40k a year would transform her ability to save.",Gaius__Augustus,285,2025-06-14 12:50:45,UKPersonalFinance,Reddit
mxq8r24,1lb6pyk,Is my mum screwed? She’s 59 and no pension or savings,Go and check her national insurance record and see if you can pay any back years to get her up to full stamp.,parkway_parkway,48,2025-06-14 13:09:21,UKPersonalFinance,Reddit
mxq8ekg,1lb6pyk,Is my mum screwed? She’s 59 and no pension or savings,"Sadly the situation is that she may be better off on pension credit with no savings rather than having a meagre pension. I had to do the calc recently for my mother in law as I was going to set up a pension for her. Determined there was no point.
However it is important you check out her state pension position and determine if it is worth making extra contributions so she gets a full one.
www.gov.uk/check-national-insurance-record",Magg0t_2021,56,2025-06-14 13:06:50,UKPersonalFinance,Reddit
mxq92iz,1lb6pyk,Is my mum screwed? She’s 59 and no pension or savings,Has she checked how many NI years she has? Buying years could be the best investment if she doesn't have enough.,StealthyUltralisk,22,2025-06-14 13:11:36,UKPersonalFinance,Reddit
mxqgqae,1lb6pyk,Is my mum screwed? She’s 59 and no pension or savings,"Hi OP, I also have self employed mum who is a therapist in London, she has little in pension plans and her plan is to keep working until she is much older, which is doable in a profession where clients come to your home to have conversations. State pension age will be 68 in a few years, but something that is not well known is that if you delay claiming your State Pension after you reach that age, it increases by just under 5.8% every year after your retirement age.
https://www.gov.uk/deferring-state-pension/what-you-get

She can check her national insurance record online and make payments to 'fill up' any previous years she didn't make the full contribution, up to I think perhaps 10-15 years ago. Current max state pension is £230.25 per week which is £11,973 per year. If she delays by 7 years to age 75, she can get something in the range of £16.8k per year, if she had a full NI record to begin with. It's not amazing, but it is a strategy open to older people.

Also you keep mentioning getting a SIPP, but it may be more prudent to have a couple of different pension types so it's not all in investments. Diversification may be safer when retirement age is close.",tieflingteeth,13,2025-06-14 14:03:53,UKPersonalFinance,Reddit
mxslyh5,1lb6pyk,Is my mum screwed? She’s 59 and no pension or savings,"She might be best off not saving - a small private pension will probably mean she won't get pension credit, asking with its associated benefits.",Hot_Job6182,5,2025-06-14 20:59:59,UKPersonalFinance,Reddit
mxqmqrw,1lb6pyk,Is my mum screwed? She’s 59 and no pension or savings,"First thing is to build up an emergency fund if she doesn’t yet have one, especially if her disability may get worse, and she may need to stop work earlier than 65/66.

She could put it in an easy access ISA or highest interest savings account she can find, and try to build up 6 months worth of salary, ie 20k.

Sounds very simplistic, but sometimes the answer is a simple one.",Coca_lite,4,2025-06-14 14:41:36,UKPersonalFinance,Reddit
mxrqxef,1lb6pyk,Is my mum screwed? She’s 59 and no pension or savings,"If she's like to move she's qualify for the seaside and country scheme which helps people over 55 move out of London. 

https://www.london.gov.uk/programmes-strategies/housing-and-land/council-and-social-housing/seaside-and-country-homes-scheme

Might be a cheaper option for her. But choose carefully as some of the places are far from a station.",whyfruitflies,3,2025-06-14 18:15:22,UKPersonalFinance,Reddit
mxrwtd6,1lb6pyk,Is my mum screwed? She’s 59 and no pension or savings,"If she has literally no savings, step 1 should be to build up at least a few grand emergency fund in and instant access account. If she's self employed, she'll need £s to cover expenses if say she's ill for a couple of months and can't work",sorewrist272,4,2025-06-14 18:44:46,UKPersonalFinance,Reddit
mxsferf,1lb6pyk,Is my mum screwed? She’s 59 and no pension or savings,First thing is to check her NI contributions for state pension. Then you can plan for private pension.,Eggtastico,3,2025-06-14 20:23:48,UKPersonalFinance,Reddit
mxq6yfh,1lb6pyk,Is my mum screwed? She’s 59 and no pension or savings,She can Just claim pension credit if she doesn't have enough pension eligibility,Fluid-Economist8150,6,2025-06-14 12:56:11,UKPersonalFinance,Reddit
mxrdbct,1lb6pyk,Is my mum screwed? She’s 59 and no pension or savings,"Not screwed you and your sibling are unfortunately, unless your willing to let her end up homeless.",IntentionAdmirable89,6,2025-06-14 17:04:42,UKPersonalFinance,Reddit
mxqv3wv,1lb6pyk,Is my mum screwed? She’s 59 and no pension or savings,"£420 a month if you could achieve (with an average return of 8%) about £58k over 8 years. This is compounded with the £420 paid in each month but doesn't factor in that the pip will increase each year.

£58k buys an annuity of (depends on rates at time of purchase)

£4060 a year @ 7%
but only
£2900 a year @ 5%

You would have to compare that to other scenarios such as pension credit etc.",Connect-County-2435,2,2025-06-14 15:29:07,UKPersonalFinance,Reddit
mxrc9v9,1lb6pyk,Is my mum screwed? She’s 59 and no pension or savings,Why don’t you and your sister help ?,Icy_Dig7580,2,2025-06-14 16:59:17,UKPersonalFinance,Reddit
mxw4g3h,1lb6pyk,Is my mum screwed? She’s 59 and no pension or savings,"Would she be entitled to pension credit if she stopped working? With no house or assets and no pension or working history.  She may be better off just returning to benefits at retirement.

Just don’t save in a way that would make her ineligible for means tested benefits.

Be careful, you may make her worse off.  Just make sure she’s out of all debt and has a minimal emergency fund.",jtuk99,2,2025-06-15 12:16:23,UKPersonalFinance,Reddit
mxq7da4,1lb6pyk,Is my mum screwed? She’s 59 and no pension or savings,"I worked in Pensions and Insurance for two decades. First off, I just want to say your mum sounds like an incredible person, bringing up two kids on her own with little support is no small feat. The fact that you're asking these questions shows she did a fantastic job.

Unfortunately, the harsh reality is that your mum’s situation isn’t uncommon, and it’s a reflection of where the system has left many people. Over the last 20 years, the unspoken truth in financial circles has been that people like your mum, hardworking, responsible, but without the chance to save, are expected to work until they either physically can’t or are looked after by their children. That might sound brutal, but it's a reality many are heading towards.

And it's not getting any better. With the rise of AI and automation, there’s a growing sense in the industry that even jobs requiring intelligence and skill are being phased out. The traditional promises of work-hard-and-retire-well are breaking down, and unless someone has private wealth or a strong pension, the state safety net doesn’t stretch far.

The best ""pension"" your mum may have is the support of her family, you. That’s a tough thing to write, because I know you’re likely trying to get yourself on your feet too. But it's the reality facing a lot of people our age and our parents' age. It's going to take planning, a bit of sacrifice, and solidarity to get through it.",chronicnerv,7,2025-06-14 12:59:15,UKPersonalFinance,Reddit
mxra25s,1lb6pyk,Is my mum screwed? She’s 59 and no pension or savings,"Unpopular suggestion: she could right-to-buy her council house ASAP. as it's probably worth £500,000+ and she's probably entitled to a discount in the region of 50%. She has to wait 5 years (??) before selling, but then she could move out of London to an area with a lower cost of living. 

Need to be a bit careful though, because she probably shouldn't buy it if she wants to stay in London - that council tenancy is valuable because it's cheap rent and very secure.",strolls,3,2025-06-14 16:47:52,UKPersonalFinance,Reddit
mxq7eg7,1lb6pyk,Is my mum screwed? She’s 59 and no pension or savings,"If she was on benefits a lot of those contribute to the state pension. So she will have some ""basic"" allowance.

If she is still on benefits she will most likely still qualify for some benefits (my auntie does) and some sort of pension credit.

Depends if current government and future carry on cutting everything further and further.",Ok_Chipmunk_7066,2,2025-06-14 12:59:28,UKPersonalFinance,Reddit
mxqrsaf,1lb6pyk,Is my mum screwed? She’s 59 and no pension or savings,Could she down size her social housing. Many councils at least used to pay if someone downsized I presume in areas with high waiting lists probably still do,LongSolid5240,2,2025-06-14 15:10:50,UKPersonalFinance,Reddit
mxs5msp,1lb6pyk,Is my mum screwed? She’s 59 and no pension or savings,"The taxpayer shouldn't be paying for private investments, especially when she is earning 35-40k.
There are plenty more who are suffering and worse off than that",Special_Software_631,1,2025-06-14 19:30:50,UKPersonalFinance,Reddit
mxt1mau,1lb6pyk,Is my mum screwed? She’s 59 and no pension or savings,"Why retire? Does she want to? Does she have to?
 She has a self employed business she can take or leave as many clients as she wants.. she not bound by employer politics.
Fair enough her health may not be 100% but id say she was in a better position than many.
Personally made my peace with working to death.. the way things are going.",badbeardmus,1,2025-06-14 22:24:26,UKPersonalFinance,Reddit
mxvp6ii,1lb6pyk,Is my mum screwed? She’s 59 and no pension or savings,"Just a note because you spoke of inheritance, generally £6,000 in savings could stop her disability benefit.",spacemonkey_1981,1,2025-06-15 09:47:44,UKPersonalFinance,Reddit
my9j4xx,1lb6pyk,Is my mum screwed? She’s 59 and no pension or savings,"I agree with others that she should check her NI records and buy any missing years to make sure that she can get a full state pension.

In retirement she may still qualify for help with her housing costs and council tax , o top of her state pension - I think youcan have savings of £6,000-£10,000 and still qualify.

  
It might be worth running the numbers through the beneffits calculator at Turn2US or EntitledTo so see whether having a small amount savings or having a small private pension is likely to be the better choice for her

IF she can save £100 a week for the next 5 years that would give her a pension pot of about £26K,plus the growth and the extra money added back becaue of the tax savings -however, she'd then need to declare the income from that so her entitlement ot benefits such as housing benefit and council tax benefit would be affected. 

She might be better off putting the money, or some of it,  into an ISA ,to provide her with a bit of a cushion of svings, close to or below the savings limit for benefits eligibility",ProfessorYaffle1,1,2025-06-17 14:59:23,UKPersonalFinance,Reddit
mxs4jjw,1lb6pyk,Is my mum screwed? She’s 59 and no pension or savings,Benefits should not be used to invest for someone's retirement.,Special_Software_631,2,2025-06-14 19:25:02,UKPersonalFinance,Reddit
mxq56lq,1lb6pyk,Is my mum screwed? She’s 59 and no pension or savings,"Hi /u/lou-lou1, based on your post the following pages from our wiki may be relevant:

* https://ukpersonal.finance/lump-sum/
* https://ukpersonal.finance/pensions/


____
 ^(These suggestions are based on keywords, if they missed the mark please report this comment.)

If someone has provided you with helpful advice, you (as the person who made the post) can award them a point by including `!thanks` in a reply to them. Points are shown as the user flair by their username.",ukpf-helper,1,2025-06-14 12:42:56,UKPersonalFinance,Reddit
mxqe3bs,1lb6pyk,Is my mum screwed? She’s 59 and no pension or savings,Is your mum using an account for her business? If not an accountant could make sure she is as tax efficient as possible.,snakeshake1337,1,2025-06-14 13:46:36,UKPersonalFinance,Reddit
mxqyuiq,1lb6pyk,Is my mum screwed? She’s 59 and no pension or savings,She can get pension credit. Once you are of pensionable age in UK you are guaranteed a good amount of money from the government for the rest of your life,saberking321,1,2025-06-14 15:49:12,UKPersonalFinance,Reddit
mxr3obv,1lb6pyk,Is my mum screwed? She’s 59 and no pension or savings,"People who rent will always find it harder to retire.
Major outgoings would be rent without any other bills.
So currently she would need to find on average 12k per year just for rent.
Sorry to say but in her current position she will never retire.",reallyisthatwatitis,1,2025-06-14 16:14:48,UKPersonalFinance,Reddit
mxs89dm,1lb6pyk,Is my mum screwed? She’s 59 and no pension or savings,The payment is for the extra cost of living due to a disability.  Not for i haven't paid into a pension for years and now starting,Special_Software_631,0,2025-06-14 19:44:57,UKPersonalFinance,Reddit
mxqkdym,1lb6pyk,Is my mum screwed? She’s 59 and no pension or savings,"First question is why is she living in London? Even if she's reliant on cheap council housing and disability benefits, she would live a much better life up north and actually be able to save.",trenhard,-3,2025-06-14 14:27:02,UKPersonalFinance,Reddit
mxsoepf,1lb6pyk,Is my mum screwed? She’s 59 and no pension or savings,"No point. I'm won't be the one complaining in a few years when they can't get a Dr's, NHS appointment in few years",Special_Software_631,-2,2025-06-14 21:13:26,UKPersonalFinance,Reddit
nax6r7s,1n0wejj,Rejected by 3 banks trying to open a current account?!,Participation in this post is limited to users who have sufficient karma in /r/ukpersonalfinance. See [this post](https://www.reddit.com/r/UKPersonalFinance/comments/12mys82/trialling_new_process_comments_restricted_to_ukpf/) for more information.,ukpf-helper,1,2025-08-27 11:09:51,UKPersonalFinance,Reddit
naucgzz,1n0wejj,Rejected by 3 banks trying to open a current account?!,You should submit a DSAR to Cifas to see if you have a marker.,cloud__19,365,2025-08-26 22:56:00,UKPersonalFinance,Reddit
naurosh,1n0wejj,Rejected by 3 banks trying to open a current account?!,"You may not want to, but if you pay for Monzo plus or Perks you get a much higher withdrawal limit. Might be easier if that's the primary reason for the second account.",DepthVisible2425,30,2025-08-27 00:19:35,UKPersonalFinance,Reddit
nawmxxc,1n0wejj,Rejected by 3 banks trying to open a current account?!,"I can see in your post history that you’re getting debt collection letters at your address for an old occupier, so that in conjunction with you - presumably - having moved in the last 12 months is probably the cause. 

You need to ensure you’re on the voters register and then you need to contact the source of the outstanding debt and demonstrate that they defaultee no longer lives there and the default should not be registered against the address. 

At the moment, you’re applying, they’re checking and the address is flagging a substantial defaulted debt. It’s easier to just say no than enter into a conversation seeking to clarify the situation.",SmartPipe3882,104,2025-08-27 08:00:31,UKPersonalFinance,Reddit
nau8mna,1n0wejj,Rejected by 3 banks trying to open a current account?!,"Any reason you avoid the 'big 4' banks?

Edit to add: If monzo is the current bank, what were previously used? You may be able to open an account with a bank you have history with.",xwell320,94,2025-08-26 22:36:26,UKPersonalFinance,Reddit
nawdu0e,1n0wejj,Rejected by 3 banks trying to open a current account?!,"People rightly noting CIFAS as a potential cause. You might also be thin file with one or more credit reference agencies, they use these to run a quick ID check and if the credit agency doesn't have you on file it's an automatic decline. 

Sometimes it can be worth contacting the banks directly to see if they have another way of manually doing ID checks.

You can also sign up to get your credit score at ClearScore who provide scores from Equifax, CreditKarma who use TransUnion or Experian directly for free which should give you an idea of who thinks you exist. You can contact the agencies from there too to help them update their records. 

Source - Equifax think I don't exist despite having a mortgage, 2-3 credit cards, 5 bank accounts and been on the electoral roll in the same flat for &gt;10 years.",outdoorsyAF101,15,2025-08-27 06:36:43,UKPersonalFinance,Reddit
nauggrb,1n0wejj,Rejected by 3 banks trying to open a current account?!,Are you registered to vote?,gt94sss2,23,2025-08-26 23:17:12,UKPersonalFinance,Reddit
nau9y3v,1n0wejj,Rejected by 3 banks trying to open a current account?!,"CIFAS marker, perhaps?",ClaidArremer,21,2025-08-26 22:43:04,UKPersonalFinance,Reddit
naweqap,1n0wejj,Rejected by 3 banks trying to open a current account?!,"Sounds like a fraud marker. Either you’ve done fraud or someone’s stolen your identity to do fraud. No, you’ll never be told by the banks. You can send a data request from CIFAS to see if you have one though.",Milam1996,12,2025-08-27 06:44:40,UKPersonalFinance,Reddit
nawf55x,1n0wejj,Rejected by 3 banks trying to open a current account?!,Who is your mortgage with? They should let you open a bank account.,TheGrimbarian,4,2025-08-27 06:48:21,UKPersonalFinance,Reddit
nayuw7x,1n0wejj,Rejected by 3 banks trying to open a current account?!,"I had a similar issue a year or two ago and it turned out it was because I recently opened a savings account elsewhere and for some reason banks don't like you opening multiple accounts in a short space of time, so I had to wait 6 months to finally open a new account.",ffdqbof,5,2025-08-27 16:56:03,UKPersonalFinance,Reddit
nawkha6,1n0wejj,Rejected by 3 banks trying to open a current account?!,Nationwide and Natwest both have basic accounts that bankrupt people can open,JollyMatlot,3,2025-08-27 07:37:38,UKPersonalFinance,Reddit
nauvych,1n0wejj,Rejected by 3 banks trying to open a current account?!,"Are you registered to Vote?  
Do you still live at home?  
  -- Or more to the point, Are the Bills/Utilitys in your name?  
Are you a cash only spender or do you use credit cards?",LeKepanga,5,2025-08-27 00:43:28,UKPersonalFinance,Reddit
nawqlc7,1n0wejj,Rejected by 3 banks trying to open a current account?!,Go with something low tier like Halifax to begin with… I always used to have problems with the likes of Santander or any American-owned bank for whatever reason,Glass_Chip7254,2,2025-08-27 08:35:36,UKPersonalFinance,Reddit
nax0mbf,1n0wejj,Rejected by 3 banks trying to open a current account?!,"Did you tick the overdraft option during application? That reputedly makes them look harder at you as it makes it a credit application with more regulation. 

Some say it pays to open savings accounts with banks well before asking for a current account with them. 

Being on their books - possibly in particular with ISAs where you lodge your NI number - has been said to help smooth the ID side of the process. They Know Their Customer in advance. They also trust your address and know you have funds. 

As for the mail regarding the previous occupant, it's not impossible someone is making credit applications quoting that address. It's only an offence to open mail if your intent is fraud.",Rrrkos,2,2025-08-27 10:13:31,UKPersonalFinance,Reddit
naxu90w,1n0wejj,Rejected by 3 banks trying to open a current account?!,"Hey 

Some of these banks have a restriction placed by FCA on onboarding new client. So mostly this can be their issue rather than yours.

I am confident that this is true about one of these banks as I work there . And from reading between the lines from news I can pretty confidently say that another bank also has this restriction",boy_oh_boy,2,2025-08-27 13:52:43,UKPersonalFinance,Reddit
navpdhu,1n0wejj,Rejected by 3 banks trying to open a current account?!,Book an appointment and go to an actual branch to open one. It is a pain but maybe they can tell you where it gets stuck.,No-Introduction7779,2,2025-08-27 03:35:45,UKPersonalFinance,Reddit
natq859,1n0wejj,Rejected by 3 banks trying to open a current account?!,"
Hi /u/InfaSyn, based on your post the following pages from our wiki may be relevant:


 - https://ukpersonal.finance/credit-ratings/


____

 ^(These suggestions are based on keywords, if they missed the mark please report this comment.)


If someone has provided you with helpful advice, you (as the person who made the post) can award them a point by including `!thanks` in a reply to them. Points are shown as the user flair by their username.",ukpf-helper,1,2025-08-26 21:08:52,UKPersonalFinance,Reddit
nawlls1,1n0wejj,Rejected by 3 banks trying to open a current account?!,"Go to Nationwide. Also their credit card has zero fees on European payments. (Tested personally in Euro, Danish kroner, Swiss franc and Polish zloty )",woyteck,1,2025-08-27 07:48:03,UKPersonalFinance,Reddit
nawmc0n,1n0wejj,Rejected by 3 banks trying to open a current account?!,Try some new bank current accounts such as Zopa Biscuit or LHV,Warm_Door_347,1,2025-08-27 07:54:49,UKPersonalFinance,Reddit
nawmf5d,1n0wejj,Rejected by 3 banks trying to open a current account?!,try a high street bank not online only bank,Scragglymonk,1,2025-08-27 07:55:38,UKPersonalFinance,Reddit
nawxmow,1n0wejj,Rejected by 3 banks trying to open a current account?!,"Have you considered opening a basic account for now with a high street bank, as they are far easier to get approved for, use that sensibly for a couple of months then request they upgrade it to a current account, if you are already a customer in good standing it is far more likely to be actioned than a new application.",Still_Wrap4910,1,2025-08-27 09:44:31,UKPersonalFinance,Reddit
nax0isv,1n0wejj,Rejected by 3 banks trying to open a current account?!,"You can easily open up a Basic Bank Account with no overdraft or interest nonsense. Takes 8 mins approx to fill out form online, card arrives in approx a week + usual banking stuff via app. 


https://www.co-operativebank.co.uk/products/bank-accounts/basic-bank-account/",Knight-GB,1,2025-08-27 10:12:35,UKPersonalFinance,Reddit
nax3neh,1n0wejj,Rejected by 3 banks trying to open a current account?!,Can you not apply with whichever bank your mortgage is with?,JiveBunny,1,2025-08-27 10:42:31,UKPersonalFinance,Reddit
naxevu1,1n0wejj,Rejected by 3 banks trying to open a current account?!,"If it's a current account that you're looking to open, most banks expect you to pay your salary or a minimum of say £1,500 / month into it so they can actually make some profit from it. Are you sure you're not just failing to meet these criteria. For foreign spending, why not just use Revolut as it's just a topup account and so anybody can open one.",ShortGuitar7207,1,2025-08-27 12:14:15,UKPersonalFinance,Reddit
naxhta4,1n0wejj,Rejected by 3 banks trying to open a current account?!,"Doesn’t solve your current account issue, but have you considered a credit card for spending abroad?

There’s a Barclaycard one that offers free cash withdrawals up to £500 per day (including fee free foreign withdrawals) as long as you pay it off in full each month.

https://www.moneysavingexpert.com/credit-cards/travel-credit-cards/#top",jolie_j,1,2025-08-27 12:35:06,UKPersonalFinance,Reddit
naxixia,1n0wejj,Rejected by 3 banks trying to open a current account?!,"I'm in much the same position as you. I am quite happy with Monzo as my ""main"" bank and Revolut for foreign travel.",furrybeast2001,1,2025-08-27 12:42:51,UKPersonalFinance,Reddit
naxkm39,1n0wejj,Rejected by 3 banks trying to open a current account?!,"Just to add to HSBC, they have a Global Money Account that works similar to Chase and Revoluts...",seifmeister,1,2025-08-27 12:54:03,UKPersonalFinance,Reddit
nb5ng16,1n0wejj,Rejected by 3 banks trying to open a current account?!,"According to the website, Monzo only allows €200 a month for *free*. You can take out more if you need to and ok with the charge.

A work around to the problem could be a pre payment card. I used Caxton a few years back. You do an online bank transfer when you're getting short on the card and can then make withdrawals like a normal ATM card in those countries.",IainMCool,1,2025-08-28 17:18:55,UKPersonalFinance,Reddit
nawi2e0,1n0wejj,Rejected by 3 banks trying to open a current account?!,Pay for Monzo perks. 600 allowance over 30 days and the 7 pound cost pays for itself in free Gregg's coffees.,GoldSealHash,2,2025-08-27 07:15:02,UKPersonalFinance,Reddit
nawj8vv,1n0wejj,Rejected by 3 banks trying to open a current account?!,"You should definitely check Cifas for any fraud markers but something similar has happened to me before and it couldn’t be explained.

I was rejected by Starling and First Direct with perfect credit and no debt except mortgage. Checked Cifas, nothing. Tried Monzo and was accepted, have been with them since which is about 3 years now",adxmdev,1,2025-08-27 07:26:01,UKPersonalFinance,Reddit
nawm6wf,1n0wejj,Rejected by 3 banks trying to open a current account?!,Get a Revolut card or similar and use that when traveling?,GT_Pork,0,2025-08-27 07:53:30,UKPersonalFinance,Reddit
nawu4vw,1n0wejj,Rejected by 3 banks trying to open a current account?!,Get a wise account,SpecialModusOperandi,0,2025-08-27 09:10:10,UKPersonalFinance,Reddit
no970p8,1ots2dq,My honest take after 2 years using Revolut as my main bank,"Everything goes well till it does not. I personally don’t have an issue but I tried creating an account for my mother but I couldn’t get through the verification process even after chatting with support the whole day, gave up and moved on. Support was also not helpful, felt like they just copy pasta their scripts and answer so late. Would be more comfortable if they had phone call support",desproyer,51,2025-11-11 09:20:02,Revolut,Reddit
no98f3n,1ots2dq,My honest take after 2 years using Revolut as my main bank,"I know what u r doing there!!
Nice try Revolut!! 😂",richiedamien,40,2025-11-11 09:35:00,Revolut,Reddit
no6t4fx,1ots2dq,My honest take after 2 years using Revolut as my main bank,Same here :I use my revolut account for all day to day business and I keep the majority of my savings in the account for the last 4 years. The fees for international transfers and the exchange rates are a life saver for me as I earn money in CZK but spend most of that in AED. Compared to my Czech bank both exchange rates and fees for international transfers easily pay for the metal subscription.,ctbdp02,29,2025-11-10 22:59:34,Revolut,Reddit
no82vti,1ots2dq,My honest take after 2 years using Revolut as my main bank,Well usually here we can see complains only but we are forgetting that this is loud minority. When everything is cool you do not think about posting it,Ok-Revolution-8608,26,2025-11-11 03:32:58,Revolut,Reddit
no94set,1ots2dq,My honest take after 2 years using Revolut as my main bank,Me when I ai,stemota,5,2025-11-11 08:56:14,Revolut,Reddit
nobvr05,1ots2dq,My honest take after 2 years using Revolut as my main bank,"Client since 2018, Metal for 4 years now and full bank for 2. No issues whatsoever but I do have to agree that the AI Chatbot is bad and also the support feels like sometimes has no power to help, just gives a bad vibe when in touch with support. But yeah, great bank overall, really happy.",Available-Ebb5286,6,2025-11-11 19:14:38,Revolut,Reddit
no94n8n,1ots2dq,My honest take after 2 years using Revolut as my main bank,"5 long em dashes in one post really don't scream ""trust me""",Acrobatic_Alps5309,13,2025-11-11 08:54:45,Revolut,Reddit
no86qv7,1ots2dq,My honest take after 2 years using Revolut as my main bank,Same for me. All good on metal for years now.,vega_9,7,2025-11-11 03:57:29,Revolut,Reddit
no9660b,1ots2dq,My honest take after 2 years using Revolut as my main bank,Insurance which pays 2000 Euros in 2 days from Revolut ? Can other customers confirm ?,Tulex,3,2025-11-11 09:10:52,Revolut,Reddit
no9p0y4,1ots2dq,My honest take after 2 years using Revolut as my main bank,"Yeah revolut has been my main bank since 2019. Works perfectly fine. Never had any issues, I had to make a proof of funds once. They were super chill about it.",KywPT,3,2025-11-11 12:11:30,Revolut,Reddit
nof9712,1ots2dq,My honest take after 2 years using Revolut as my main bank,"Isn't 300k risky? You're only insured up to 100k. If Revolut becomes insolvent, you'll lose 2/3 of your money. 

This is not wise.",MyEgoDiesAtTheEnd,2,2025-11-12 08:01:49,Revolut,Reddit
no98n2s,1ots2dq,My honest take after 2 years using Revolut as my main bank,"The car rental company charged you €1900 for denting the door! That sounds like a way over inflated repair price. Doesn’t your regular car insurance in France already fully cover you on rentals? Or didn’t the car rental company offer full insurance coverage for an added cost? 

Revoluts partner Xcover only offers €2000 in coverage. What happens if another car or multiple cars are involved in an accident with you and your rental car has massive damage or beyond repair, or what happens if your car gets stolen?? You would be responsible for the rest of the money minus the €2000? Doesn’t sound like good insurance coverage at all, especially when the rental company charged you €1900 for a dent in the door. About 3 times the actual repair cost. 

I’m from the US and my regular car insurance covers me fully on rentals anytime I travel, I also have multiple credit cards that if used to pay for the rental will give full insurance coverage as well. Which means I would pay nothing, no matter what happens. That’s called good coverage.. 


.",CarliniFotograf,1,2025-11-11 09:37:21,Revolut,Reddit
no9crys,1ots2dq,My honest take after 2 years using Revolut as my main bank,"Thanks for your testimony. 
I have been with Revolut since 2019 more or less and this year I switched to the Metal plan. I would like to use the Revolut account as my main account so as to close the other one to which I have my salary credited. 
But unfortunately, today I can't use Revolut as my main account because I live in Italy and in 2019 there was no Italian branch yet so I still have the LT IBAN, I would need the IT IBAN but even though I use the account every day, I have the metal plan, there's still no sign of switching to the IT IBAN.",DoDj88,1,2025-11-11 10:19:56,Revolut,Reddit
no9f4ty,1ots2dq,My honest take after 2 years using Revolut as my main bank,"Big disadvantage of Révolution The application on Huawei AppGallery and not up to date, many of us HUAWEI users are unable to use Révolution in the main bank Révolution should make a partnership with HUAWEI better",Omsgarou,1,2025-11-11 10:43:30,Revolut,Reddit
no9gxob,1ots2dq,My honest take after 2 years using Revolut as my main bank,"Damn making a transfer of 100k€ never in my life after reading all the comments from people who had their accounts blocked for “verification”. As a reminder, Revolut, even if it is very good, it is not a bank and it remains the minimum for customer relations (normal, it cannot be free or almost free and have agencies with thick carpets to reassure you).

In short, Revolut for small outstandings yes but not for 100k. For me it won't be more than 5 to 10k€ with them.",0xAlx,1,2025-11-11 11:00:48,Revolut,Reddit
no9irnr,1ots2dq,My honest take after 2 years using Revolut as my main bank,"I personally worry about the customer support, had to do a chargeback and the process was awful and never actually went though - however i know the metal plans give you a better level of support. I just top up every week and use it for spending, a few subscriptions etc",gcampb41,1,2025-11-11 11:18:07,Revolut,Reddit
no9q30d,1ots2dq,My honest take after 2 years using Revolut as my main bank,You're crazy to have that much money on revolut wish you the best thoguh,Helpful-Staff9562,1,2025-11-11 12:19:42,Revolut,Reddit
no9x3pw,1ots2dq,My honest take after 2 years using Revolut as my main bank,"My question is, when they say that you can cancel a travel for any reason, it's really for any reason?",clerigopt,1,2025-11-11 13:08:59,Revolut,Reddit
no9xcjl,1ots2dq,My honest take after 2 years using Revolut as my main bank,How much % per year your earn on your €300k vaults?,amindahou,1,2025-11-11 13:10:33,Revolut,Reddit
noa01gx,1ots2dq,My honest take after 2 years using Revolut as my main bank,"I’m also French, and your review tombe à pic, because I was considering using Revolut Ultra as my main account in France and for international travel (I already have other accounts in Switzerland). Would it be possible to DM you about the real-life privileges?",BLKKTARGUS,1,2025-11-11 13:27:23,Revolut,Reddit
noabzrq,1ots2dq,My honest take after 2 years using Revolut as my main bank,"nice fake review,no way the claim works this fast


I tried one time ,15 days to have a anwser to tell me no without any reason",noext,1,2025-11-11 14:37:54,Revolut,Reddit
nobhzzr,1ots2dq,My honest take after 2 years using Revolut as my main bank,Genuine question. Does the support become any better in ultra?,Wrong_Low5367,1,2025-11-11 18:08:06,Revolut,Reddit
nocapk9,1ots2dq,My honest take after 2 years using Revolut as my main bank,300 K? I never ever would do that. Exceeding the deposit insurance of 100K. Always splitting the risk.,nickfake1605,1,2025-11-11 20:30:49,Revolut,Reddit
noo5qcn,1ots2dq,My honest take after 2 years using Revolut as my main bank,If you are french then it is explained.,Expensive_Cabinet_17,1,2025-11-13 18:09:51,Revolut,Reddit
nooc62l,1ots2dq,My honest take after 2 years using Revolut as my main bank,"Ok..
How about us the majority??
You know… real people,real folk",Doidoi21,1,2025-11-13 18:40:13,Revolut,Reddit
noorej9,1ots2dq,My honest take after 2 years using Revolut as my main bank,"I had a clear scam and they had the name and bank details of the scammer. Still
Wouldn’t refund me. 🤬 apart from that pretty ouch everything else has been ok with the exception of the removing services that were previously included on my paid level.",Ok_Finding207,1,2025-11-13 19:55:24,Revolut,Reddit
nov142x,1ots2dq,My honest take after 2 years using Revolut as my main bank,"I just got my account unblocked today. Took me over two months to deal with it. Been using for years, however this will be the reason to leave.",Better-Suspect-1048,1,2025-11-14 19:42:52,Revolut,Reddit
npn8azw,1ots2dq,My honest take after 2 years using Revolut as my main bank,"20 JOURS QUE JE SUIS BLOQUE POUR UNE SIMPLE VERIFICATION DE DOCUMENTS ENVOYé DEPUIS LE 4 NOVEMVRE !!!!! VOUS BLOQUEZ TOUTE UNE FAMILLE ET SUR LE CHAT TOUJOURS LES MEMES MESSAGES COMME QUOI VOUS ETES DESSUS ETC MAIS RIEN N EST FAIT, C EST UNE HONTE REVOLUT !!!!!!! SI RIEN N EST FAIT AUJD UNE PLAINTE VA ETRE DEPOSé",Low-Mountain-2022,1,2025-11-19 09:52:58,Revolut,Reddit
npn8fth,1ots2dq,My honest take after 2 years using Revolut as my main bank,"20 JOURS QUE JE SUIS BLOQUE POUR UNE SIMPLE VERIFICATION DE DOCUMENTS ENVOYé DEPUIS LE 4 NOVEMVRE !!!!! VOUS BLOQUEZ TOUTE UNE FAMILLE ET SUR LE CHAT TOUJOURS LES MEMES MESSAGES COMME QUOI VOUS ETES DESSUS ETC MAIS RIEN N EST FAIT, C EST UNE HONTE REVOLUT !!!!!!! SI RIEN N EST FAIT AUJD UNE PLAINTE VA ETRE DEPOSé",Low-Mountain-2022,1,2025-11-19 09:54:21,Revolut,Reddit
npuoy2f,1ots2dq,My honest take after 2 years using Revolut as my main bank,"Cuidado si operas con este proveedor de servicios en bolsa. Sobre todo CFDs.  
Los valores que muestras se actualizan mientras no sea a tu favor. Cuando se mueve el mercado y necesitas agilidad te muestra valores que no son, te vende por precio fuera de mercado, mas caro, y falla mucho los stop loss..  
Cuidado porque aunque no es un Market Maker, quien esta detras y con quien trabaja si..es como un intermediario, no compras en bolsa, compras a un intermediario que puede que no compre ese precio en bolsa..por eso, si tu ganas ellos pierden, y si tu pierdes ellos ganan. Quizas por eso tantos impedimentos para operar con agilidad.",AdagioWeird9929,1,2025-11-20 14:55:14,Revolut,Reddit
nq8zder,1ots2dq,My honest take after 2 years using Revolut as my main bank,"I have been getting declined for adding money. I don’t have the metal account. I called my bank. It says Revolut was providing an old address, which I had already updated thru’ account details. Any place that I can call to get this resolved?",No-Company-8974,1,2025-11-22 20:35:08,Revolut,Reddit
nqchlkh,1ots2dq,My honest take after 2 years using Revolut as my main bank,"Good one. Nobody in their right mind uses Revolut as their main account, there's no chance I'd risk having my investments held with them or my salary paid into it, their support sucks hard.",QFFlyer,1,2025-11-23 12:13:46,Revolut,Reddit
ns1tqwt,1ots2dq,My honest take after 2 years using Revolut as my main bank,I never had any issue and only needed help one time. Their chat was very efficient and straightforward. But always keep a backup.,Sure-Guest1588,1,2025-12-03 11:39:10,Revolut,Reddit
o0gf9ly,1ots2dq,My honest take after 2 years using Revolut as my main bank,"My opinion is positive regarding the services offered by Revolut, both in terms of banking and investment management. That said, there's a crucial detail that people often overlook, and which can be a significant problem: the stock market investment portion cannot be linked to a joint account. This means that, in the event of the account holder's death, the investments cannot be directly transferred to the heirs or to a partner in a marital property regime. Revolut's system, upon notification of the account holder's death, requires the sale of the shares at the current market price, which could result in a substantial financial loss for the heirs if the share price has fallen. This is a serious issue and should be carefully considered.",PAPAFRITI77,1,2026-01-19 10:45:51,Revolut,Reddit
no8vy20,1ots2dq,My honest take after 2 years using Revolut as my main bank,"I like using dashes when I write, but unless it's in Word, it's never turned into an em dash.


Also, very good English for a French speaker! 👍",Particular_Wealth_58,0,2025-11-11 07:25:15,Revolut,Reddit
no999px,1ots2dq,My honest take after 2 years using Revolut as my main bank,"me too! great experience, way better than a normal bank amd excellent for international people",skreestrumpf,1,2025-11-11 09:44:00,Revolut,Reddit
no6unjj,1ots2dq,My honest take after 2 years using Revolut as my main bank,Buy yourself a lottery ticket now lol.,yohussin,-7,2025-11-10 23:08:34,Revolut,Reddit
no8gtxa,1ots2dq,My honest take after 2 years using Revolut as my main bank,More chatgpt. People are so lazy now,nub991,-4,2025-11-11 05:08:07,Revolut,Reddit
no8qyap,1ots2dq,My honest take after 2 years using Revolut as my main bank,Why would you keep more than 100k in any single bank?,harubax,-5,2025-11-11 06:36:43,Revolut,Reddit
no7g7it,1ots2dq,My honest take after 2 years using Revolut as my main bank,I thought the maximum they allowed in savings is 100k?,Available-Talk-7161,-7,2025-11-11 01:17:45,Revolut,Reddit
mpx0d9t,1kbse16,Revolut Mobile Plans,There's not a chance they'll get into the physical sim market. Will cost too much,Available-Talk-7161,92,2025-04-30 22:57:13,Revolut,Reddit
mpxehmt,1kbse16,Revolut Mobile Plans,Unfortunately for UK and Germany only,meshoo12,31,2025-05-01 00:15:46,Revolut,Reddit
mpz4mgt,1kbse16,Revolut Mobile Plans,What AML procedures will block me from calling my mum?,MrKansuler,23,2025-05-01 06:59:53,Revolut,Reddit
mpx726a,1kbse16,Revolut Mobile Plans,It clearly states NO PHYSICAL CARD.,Ok-Perspective-4694,12,2025-04-30 23:34:00,Revolut,Reddit
mpzuaa7,1kbse16,Revolut Mobile Plans,"""Sorry, your phone number has been suspended while we verify information about the origin of your calls, this will take one to three business days"".",benonatree,10,2025-05-01 11:25:54,Revolut,Reddit
mpxx8jx,1kbse16,Revolut Mobile Plans,"uk account but spend most of my time in europe &amp; carib, would be nice to have an option that allows me less data in uk but more in france for instance",Odd_Lettuce_786,3,2025-05-01 02:02:40,Revolut,Reddit
mpz78f5,1kbse16,Revolut Mobile Plans,"This will never work in France, way too expensive",SomeoneREALONE,3,2025-05-01 07:25:00,Revolut,Reddit
mpxe4uw,1kbse16,Revolut Mobile Plans,I saw that but not sure if that is good or not,Exotic-Parking9235,2,2025-05-01 00:13:47,Revolut,Reddit
mpz3mtm,1kbse16,Revolut Mobile Plans,"Where's the catch.  Tooo good to be true.

Edit . The thing you're all missing is  data collection..

You are the product",sub_RedditTor,1,2025-05-01 06:50:41,Revolut,Reddit
mpz9c2z,1kbse16,Revolut Mobile Plans,https://esim.me/ would be one of the ways to solve the problem. Not cheap though.,derloos,1,2025-05-01 07:45:49,Revolut,Reddit
mpzi1ag,1kbse16,Revolut Mobile Plans,I was using their global esims in UAE and it was extremely slow,nithinnm123,1,2025-05-01 09:17:32,Revolut,Reddit
mpzjru8,1kbse16,Revolut Mobile Plans,Where can I find this?! It looks really interesting to me,Qeron2,1,2025-05-01 09:36:55,Revolut,Reddit
mpzkt1m,1kbse16,Revolut Mobile Plans,Let’s see what network they use.,dotunmo,1,2025-05-01 09:48:12,Revolut,Reddit
mpztygx,1kbse16,Revolut Mobile Plans,Actually not bad but I’ll need to upgrade my phone to a dual eSIM as we often use airalo when travelling to nonEU/nonUSA. Good to consider.,samirshah,1,2025-05-01 11:22:50,Revolut,Reddit
mq0073o,1kbse16,Revolut Mobile Plans,Good news now you’ll wake up with not only your bank account restricted but your phone will be randomly too now! /s,basketballkilla,1,2025-05-01 12:16:32,Revolut,Reddit
mq02qiz,1kbse16,Revolut Mobile Plans,With the way they are going they can easily blocked your account for no reason because of their safety policy and it will be difficult to trust them. I’m sorry I won’t be moving to Revolut mobile any time soon,fetish82,1,2025-05-01 12:35:48,Revolut,Reddit
mq07i8y,1kbse16,Revolut Mobile Plans,Like most of the services Revolut are expanding into this is not good value when compared to the existing competition,ramirezdoeverything,1,2025-05-01 13:09:28,Revolut,Reddit
mq0d8hp,1kbse16,Revolut Mobile Plans,I'm defo gona go with this when it's available,Several_Amphibian_19,1,2025-05-01 13:47:08,Revolut,Reddit
mq0f4i4,1kbse16,Revolut Mobile Plans,Very very expressive mate !! 🥳👎,Local-Sky-864,1,2025-05-01 13:58:45,Revolut,Reddit
mq11g2d,1kbse16,Revolut Mobile Plans,Only in UK? Is it planned for the rest of Europe?,Against4,1,2025-05-01 15:57:36,Revolut,Reddit
mq2w7ia,1kbse16,Revolut Mobile Plans,Sounds not so nice.,Independent_Angle818,1,2025-05-01 21:22:11,Revolut,Reddit
mq5fvqt,1kbse16,Revolut Mobile Plans,"Meanwhile, i have unlimited internet 5g and minutes for 3 euro from Vodafone Romania. Indeed, with physical sim but who cares.",fan-TOMA,1,2025-05-02 06:41:13,Revolut,Reddit
mq5s9go,1kbse16,Revolut Mobile Plans,The roaming is US ?…That could be a game changer ?,dazzadazza77,1,2025-05-02 08:43:09,Revolut,Reddit
mq6pxpq,1kbse16,Revolut Mobile Plans,"Will it be as scammy as all other their “products”?

Like one day you casually discover that one of the features (receiving calls) were cancelled 2 months ago without any notice.",AppropriateShoulder,1,2025-05-02 13:36:27,Revolut,Reddit
mq78ug4,1kbse16,Revolut Mobile Plans,Anyone know if they support eSIM for smartwatches?,yeahhhhhhhhhhhh2,1,2025-05-02 15:20:31,Revolut,Reddit
mq7loov,1kbse16,Revolut Mobile Plans,Please come to Croatia next. With offer like this most of customers would switch.,dv8819,1,2025-05-02 16:22:00,Revolut,Reddit
mq8ferq,1kbse16,Revolut Mobile Plans,"Genuinely, what happens if your account gets closed - do you lose your phone line too?",DackNBills878,1,2025-05-02 18:42:07,Revolut,Reddit
mq8x2ul,1kbse16,Revolut Mobile Plans,This is a really good deal,superiner,1,2025-05-02 20:07:43,Revolut,Reddit
mqdzhal,1kbse16,Revolut Mobile Plans,"FYI if you read their actual blog the £12.50 is just an introductory price, they'll likely raise it very soon to actually not lose money from this, better stick with Smarty for rock bottom prices. ",Separate-Ad-2234,1,2025-05-03 16:52:07,Revolut,Reddit
mqj4xl9,1kbse16,Revolut Mobile Plans,I need EU style unlimited Internet ,ParkSad6096,1,2025-05-04 14:15:37,Revolut,Reddit
mqkpyrl,1kbse16,Revolut Mobile Plans,That’s a banging deal tbf,data90x,1,2025-05-04 19:15:48,Revolut,Reddit
mr1x3bb,1kbse16,Revolut Mobile Plans,"The US roaming is the most appealing part of this. I spend a lot of time there and its hard to find a UK mobile plan that offers US roaming.

What does concern me is that the £12.50 does appear to be an ""INTRODUCTORY OFFER"", so what will be the price when the offer ends?

Also does anyone know which UK network it will be using?",Stunning_Highway9356,1,2025-05-07 13:16:37,Revolut,Reddit
mxrg4ja,1kbse16,Revolut Mobile Plans,Does anyone know when this will start from?,Spirited-Ad1799,1,2025-06-14 17:19:21,Revolut,Reddit
n53ts1f,1kbse16,Revolut Mobile Plans,So when are they starting ?,Spirited-Ad1799,1,2025-07-25 16:51:03,Revolut,Reddit
n77h02q,1kbse16,Revolut Mobile Plans,"Any news on this … it’s been 3 months since announcement. ‘Later in the year’ .. as in Sept, Dec ?

Give us a clue….. 

I don’t see why they could not do physical SIM’s in the same way Lebara, Lyca and Sky do as MVNO’s, though the option of eSIM’s would make it easier for those that can (gripe with with Lebara).

(Last I travelled to USA I just bought a $12.50 Lyca US monthly no contract eSIM to cover me … was simple and painless) and charged it to my $dollar Revolut debit card.",No_Seat443,1,2025-08-06 11:29:31,Revolut,Reddit
mpz8zlc,1kbse16,Revolut Mobile Plans,"Unlimited calls, SMS, 30GB internet and 100 minutes abroad for £7.95 with Lebara. I'll pass.",ami_run,1,2025-05-01 07:42:25,Revolut,Reddit
mpz8ycv,1kbse16,Revolut Mobile Plans,Imagine they lock your bank and sim 💀 fuck revolut they should of lost their banking license years ago,LesserEgo,0,2025-05-01 07:42:05,Revolut,Reddit
mq1000a,1kbse16,Revolut Mobile Plans,"Very few devices in the UK actually support esim. Esim support is extremely sporadic so if they don't support physical sins they are shooting themselves in the foot. 

Also doesn't say what network they are hitch hiking on, I'm guessing it's three so it's going to be crap anyway as their 4g network is so overloaded you're lucky if you can get 1mbps. Their 5g isn't bad but coverage is poor.",Eraldorh,-1,2025-05-01 15:50:26,Revolut,Reddit
mpy5b8v,1kbse16,Revolut Mobile Plans,"The prices aren't even competitive
Might as well get a Lebara sim (if you have Vodafone coverage) and just pay for their roaming outside of EU+China+India if you're not going to bother to get a sim locally",sherbie-the-mare,-2,2025-05-01 02:49:46,Revolut,Reddit
mpxz2q0,1kbse16,Revolut Mobile Plans,"Sorry but for 10 monies there are much better deals!
And it's esim... That works on about ten phones of whom people use maybe 2",RestaurantTurbulent7,-10,2025-05-01 02:13:17,Revolut,Reddit
mto42q2,1ksjwlp,"Separating from GF, have a house",Participation in this post is limited to users who have sufficient karma in /r/ukpersonalfinance. See [this post](https://www.reddit.com/r/UKPersonalFinance/comments/12mys82/trialling_new_process_comments_restricted_to_ukpf/) for more information.,ukpf-helper,1,2025-05-22 16:23:09,UKPersonalFinance,Reddit
mtm46mz,1ksjwlp,"Separating from GF, have a house","Renting a small flat somewhere trendy and fun for 6 months while you figure out what to do is going to be damn sight cheaper that the legal fees, stamp duty and costs of buying and potentially selling soon if you plans change. 

  
I'd focus on untangling the current situation first, give yourself some space and focus on the future with a positive mindset. You're buying time and freedom if you rent, it's not the same as being stuck in the rental trap because you have no money. 

Good luck.",Laughing-Goose,503,2025-05-22 07:43:59,UKPersonalFinance,Reddit
mtm68ik,1ksjwlp,"Separating from GF, have a house","Not financial advice but just to comment on, “That dream is ruined”. 

It might feel like it now but it’s not ruined, you’re just on a different path now. Your dream of a big house in the country will come…just might take a little longer than you initially thought. 

You’re 26 on very good money. Life will look very different in a years time so keep the dream alive.",Satch2305,192,2025-05-22 08:03:33,UKPersonalFinance,Reddit
mtm9p7c,1ksjwlp,"Separating from GF, have a house","I'd sell the house immediately and even if she'd change mind I'd never get back together. She does not love you. After moving out cut all contact, being friends with her will only keep your wound fresh forever.",Dapper_Morning_9670,25,2025-05-22 08:38:27,UKPersonalFinance,Reddit
mtm3fsa,1ksjwlp,"Separating from GF, have a house","Ok first of all. Don’t be friends, it doesn’t work.

50/50? No that’s not right either. If it’s you doing all of the work, that needs to be taken into consideration. Is she paying 50 percent of the material costs? You need to look at this mate, it seems like you are getting mugged off, your hard word is potentially putting 1000s more into her pocket.

Take the time time for yourself, do things for yourself, learn to have fun and be on your own for a while as you haven’t done that since you were a teenager. You are in the prime of your life right now, so don’t feel you have to get into a relationship straight away.

I reiterate the point, you need to learn to be happy on your own for a while, it will take some adjusting but will end with you being a more secure, well rounded man.

Hopefully she will change her mind? Mate she’s already made her mind up, don’t allow yourself to be a safety net for her, find your own way in the world and have more self respect.",OldCaptain3987,295,2025-05-22 07:36:52,UKPersonalFinance,Reddit
mtm3xb0,1ksjwlp,"Separating from GF, have a house","Tbh you sound like you are doing so well in life it sounds like you should be the one dishing out advice! Seriously through, congratulations on staying so level headed through this. It's a rubbish thing to go through and that's not easy to do, so seriously well done.

You mentioned you are willing to move, and that that may affect the job, as in it sounded like you could be willing to leave it. If it is a skill in demand  (that you believe you could quite easily come back to) I'd recommend doing the same thing as your ex. You've both been in a long relationship, and even if it was fantastic, this is a good opportunity to go and spend time having fun with yourself (no, no stop thinking that redditors, you know who you are). Get some travelling in, do courses you've been putting off. That's a good chunk of cash you'll have and the property market is kinda wild right now. That money may be better sitting earning interest in some clever investments whilst you go distract yourself from what will be an undeniably hard time once the final tie is severed (the house), and you've just finished a period of hard work (renovating the house and working). 

After a few months your perspective may change and you can think about where you may wanna move to after having done some ""finding yourself"" of your own, coming back to cash which has sat in safe/smart (depending on how confident an investor you are) investments. 

Anyway, well done and keep up the good work. It's a trying time, but it sounds like you're gonna be one of the people who comes out better on the other side and I hope you guys both do. 

Sorry for the essay but I'm procrastinating from going for a morning bike ride in chilly Scotland.",Designer_Trash_8057,23,2025-05-22 07:41:32,UKPersonalFinance,Reddit
mtmapur,1ksjwlp,"Separating from GF, have a house","Sorry but why are you doing the house up then splitting it 50/50? Do you know how much renovations cost these days? 

I would either be looking at selling the house immediately or if possibly buying her out (assuming you want the house here.)

Don't be a mug.",spacetimebear,32,2025-05-22 08:48:48,UKPersonalFinance,Reddit
mtm4fsk,1ksjwlp,"Separating from GF, have a house","So, I’ll answer your question rather than criticise the separation agreement you’ve stated you’re happy with. Radical I know.  
I would buy again, you know what you’re doing. Don’t think about the new partner before they exist. When they do, and if you decide to move in together, they won’t automatically gain any rights to the house, but I would consider a written agreement if you’re going to be there a while and they are contributing.  
I’m sure your head will be clearer once you’re through this “grief” stage. Good luck to you, you’re doing incredibly well for your age and it sounds like it’s down to your own hard work so keep it up.",bishibashi,19,2025-05-22 07:46:23,UKPersonalFinance,Reddit
mtmdgk2,1ksjwlp,"Separating from GF, have a house","Having been in this situation myself a couple of years ago, I agree with most of the comments here - don't fix the house up yourself - if it *needs* work, get a professional in and split costs 50/50. Make sure she's paying her half of the mortgage until it's sold even if she isn't living there too.

Make sure any shared bills are being split 50/50, and make sure any shared assets are being paid for at market rate too.

If you're splitting assets and waiting until the house is sold before recieving payment, make sure you have agreed a price, and have the agreement in writing",Sudden_Leadership800,6,2025-05-22 09:17:00,UKPersonalFinance,Reddit
mtmbfmm,1ksjwlp,"Separating from GF, have a house",did the ex pay 50% of the mortgage and contribute 50% of the deposit? or is it all in your name?,Particular-Effect-83,4,2025-05-22 08:56:04,UKPersonalFinance,Reddit
mtmc5yz,1ksjwlp,"Separating from GF, have a house",You are 26... You just start to live your life. Many peoples are no even in your position.,keta_ro,5,2025-05-22 09:03:35,UKPersonalFinance,Reddit
mtmjmt8,1ksjwlp,"Separating from GF, have a house","Buy her out of the house. Then, remortgage the house on an interest-only buy-to-let. Rent the house out for some extra income while you decide what you want to do.",TestTEST0099900,4,2025-05-22 10:21:23,UKPersonalFinance,Reddit
mtm3t5r,1ksjwlp,"Separating from GF, have a house","How long do you have left on your mortgage?  What equity do you currently have and what are your monthly (combined) payments?

If you are solely going to be finishing the renovations, you could request a valuation now and buy her out of the current property at its current value, then any additional value created by the work you are doing would be to your benefit. 

If you are considering moving away, it may not be financially savvy to commit to another house purchase, nor would it be to rent. Staying in your current property would likely be the most financially beneficial thing to do, especially if you could acquire some additional equity with the works you need to complete.",No_Distribution_9348,11,2025-05-22 07:40:26,UKPersonalFinance,Reddit
mtm9rnc,1ksjwlp,"Separating from GF, have a house","Buy again, you cannot wait in a rental for a new partner to come along and buy with.  It will take years for you to build enough trust in someone else, to be able to buy a house jointly with.

So get on with it, get yourself a secure home. The sooner you can move out and on, the better - It will also keep you busy finding a new place and buying it.

9 years is a long time, especially at the young age of 17-26 to be in a relationship.

You were not fully expecting this, so you will need time to rebuild yourself and your identity, to find out who you are as a single person.  Try and buy a place near a gym and some social activities to give you more options, it will keep you busy whilst you fully get over the relationship.  Just on the outskirts of a busy area you can walk in too, but is quiet enough to get some peace.

Don't be friends with ex's, and charge her for the share of the work you will do going forward until you finish it and sell it (so not 50/50 split).

Enjoy travelling and carry on doing your own thing, keep flipping those properties.  You are obviously good at it, so use that skill.  Someone new will come along, just get yourself together for when they do.

Just so you know how the future could look:

I did exactly the same thing I mention above at 24, I still own that flat 20 years later it is rented out now.  I am married, but the flat has always stayed in my own name - It's my ""just incase policy"".   I had a really good time at that flat though, fond memories,  I met my future wife 1 year after buying it.

Best of Luck",Propstooyou,8,2025-05-22 08:39:08,UKPersonalFinance,Reddit
mtmak92,1ksjwlp,"Separating from GF, have a house","You’re not going to be friends with her. She has already checked out emotionally. As soon as she gets 50% of your house you won’t see her for dust. That’s why she’s being nice to you and pretending it’s amicable, because she’s probably already spoken to a solicitor and already been told that as you’re not married she can’t make the same kind of claim against your assets as she could if you were. So she needs you to give them up willingly.

Work out what she has contributed to the mortgage, and renovation costs up to the point she leaves, get a valuation of the house now (with work unfinished), and offer her a couple of thousand more than the total to buy her out. Then let a solicitor handle it (essential!). Offering her slightly more will make it extremely difficult for her to claim any other costs against you, and will probably make this (and her) go away sooner.

Don’t be taken for a ride here. You seem like a really pleasant chap but it does read as if you’re about to get exploited.",elrip161,23,2025-05-22 08:47:14,UKPersonalFinance,Reddit
mtm7cdd,1ksjwlp,"Separating from GF, have a house","I was in almost exactly this situation, although it was me who decided to leave. 

I did minor work to the house to get building control sign off, I then sold it unfinished. You won’t lose as much as you think and there’ll likely be someone who has ideas of what they want to do with it that is happy to take it on. Once you factor in your time and you shouldering 100% of the cost, ask yourself if it is worth it. Get an estate agent around to value it as it is and give an opinion on the finished value. 

Another option is to get someone in to do the work and split the cost of that 50/50 with your ex-partner. 

I rented for just over a year, interest rates were low and I did end up losing money I would have made on property appreciation. However after spending so much time renovating the shared property and the stress of the ordeal, it was nice to not have to worry about anything and it made the sale easier. Broken cooker, boiler etc was the landlord’s problem rather than mine and I don’t regret taking the financial hit for the lack of stress. 

I also picked the wrong area to rent, had a bought I would have had to go through the hassle of selling up. Renting gave me the opportunity to properly assess my new life on my own and where I wanted to be. I then bought another fixer upper in a better area after my downtime and recouped my losses from renting and then some.

My new partner moved in with me while she rented out her place for a pretty penny, she paid me a rent that we were both happy with and once I’d finished my renovations we went off and bought somewhere else together.",Futhamucker1,7,2025-05-22 08:14:32,UKPersonalFinance,Reddit
mtmo08l,1ksjwlp,"Separating from GF, have a house","Buy her out now, you’re doing all the work, why should she make money from it, then rent rooms out and enjoy it until you decide what you want next",Pleasant-Station-723,3,2025-05-22 11:04:19,UKPersonalFinance,Reddit
mtmpodm,1ksjwlp,"Separating from GF, have a house",Is your ex still paying half the mortgage is she paying for half the renovation costs and your labour,Flaky_Ad9388,3,2025-05-22 11:19:40,UKPersonalFinance,Reddit
mtm69jy,1ksjwlp,"Separating from GF, have a house","I was in a similar situation, I negotiated a higher proportion of the equity as I had paid for materials and spent my time renovating.

I went on to buy another property with a pretty tiny mortgage, cheap living, life on my own terms, no regrets! Far cheaper than renting and the renovations i'm doing on this place will add a tidy bit of value. 

Godspeed",brprk,6,2025-05-22 08:03:49,UKPersonalFinance,Reddit
mtmgyz3,1ksjwlp,"Separating from GF, have a house","Get this agreement in writing as it's now a business arrangement not a relationship. 
Depending where you live I would buy a two bed terrace in a nice area with a small mortgage, do it up and then if you want to go travelling you can rent it out.

There are plenty more fish in the sea and at 26 with money in your pocket the world's your oyster my friend. Hit the gym, that always helps after a break up, get some new threads and hit up friends.

A lot of people would bite your arm off to be in your position and its better you find out now than when your in your mid 30s as it's much harder",Spezsuckshorses,2,2025-05-22 09:53:50,UKPersonalFinance,Reddit
mtmiajh,1ksjwlp,"Separating from GF, have a house",no advice just wanted to say op you are doing a great job at life. Earning well and invested in the right areas. At least you won’t be broke and single.,Significant-Spend271,2,2025-05-22 10:07:31,UKPersonalFinance,Reddit
mtmm75t,1ksjwlp,"Separating from GF, have a house","Buy a big family house
Rent it out
Rent a small flat for yourself for now.

Then you may be able to pocket a few every month",MaxRaven,2,2025-05-22 10:47:08,UKPersonalFinance,Reddit
mtmnt42,1ksjwlp,"Separating from GF, have a house",How much would it cost you to buy her out of that current house?,Virtual_Actuator1158,2,2025-05-22 11:02:25,UKPersonalFinance,Reddit
mtmr3bd,1ksjwlp,"Separating from GF, have a house",May I ask what type of industry/job you are working in? Very good career though,ApprehensiveCreme606,2,2025-05-22 11:32:21,UKPersonalFinance,Reddit
mto1l29,1ksjwlp,"Separating from GF, have a house","This is a pointless question at this point - you have 6 or 12 months to think about it, and review your relationship with yourself and what you want to do with your life. 

The answer is up to you, but the answer you give in 6 or 12 months may not be the same as the one you'd give today. So it's ok to think about this, but it'd be foolish to believe that you've come to a conclusion today. 

The idea that you should never rent is absolute fucking nonsense through, and you should get that idea right out of your head. I really recommend you read every book on the personal finance shelf of the local library, maybe starting with *[Your Money or Your Life](https://www.amazon.co.uk/dp/0143115766)*

These memes about ""paying the landlord's mortgage"" is like saying you should never eat out because you can make the same food at home - you can see from the number of restaurants on Britain's high streets and the success of delivery services that no-one takes that idea seriously. And, no, you're right, it's not *exactly* the same - most people should own their own homes but renting is a choice, it's certainly fine for a year or two, and the landlord is providing you with a service that you're paying for (just like the restauranteur).",strolls,2,2025-05-22 16:11:07,UKPersonalFinance,Reddit
mtm6por,1ksjwlp,"Separating from GF, have a house","Whoa, you need to take a step back. She's moved on already and will no doubt be seeing other men very shortly.

https://discover.hubpages.com/relationships/Your-Special-Someone-says-I-need-to-find-myself-What-does-this-really-mean-Is-the-relationship-over

I would ~

1. Confirm that you both own the property on the land registry. 

2. Sell the property immediately. It'll take 4-5 months to sell. 

3. Go your separate ways. 

You don't need to give her anything more than she's due today. Doing more work yourself, but giving away 50% of that increase just makes the pain harder...

Cut and run on this fella...it's a sinking ship of emotion. Take an extended holiday to Thailand or so to recover.",-info-sec-,10,2025-05-22 08:08:17,UKPersonalFinance,Reddit
mtocphm,1ksjwlp,"Separating from GF, have a house","She wants to play the field a bit  maybe, see if there are better blokes out there than you ( in regards to money, stability ,sex) ?

Consider it ""over"" , stay away AND move on.  You seem very level headed. Look after yourself.

Never get ""friend zoned"", just move on and forget.

From the outside looking in:- she is after a better option than you.

That would be unacceptable in my book and would also be the end of the relationship. END. Nothing else, no contact. Nothing. Move on.",Karnak-Horizon,3,2025-05-22 17:04:25,UKPersonalFinance,Reddit
mtm8i11,1ksjwlp,"Separating from GF, have a house","I’d buy another place alone and never move anyone in. I learned the hard way what happens when you buy with someone so just buy alone and date and stay at their house some nights, and they stay at yours some nights",RuthlessRemix,3,2025-05-22 08:26:04,UKPersonalFinance,Reddit
mtm76ze,1ksjwlp,"Separating from GF, have a house","Sounds like you're getting taken for a ride here. What does she contribute to the house? Sounds like you're going to spend 6 months of grafting to basically give her something of higher value down the line. Why? Is she even on the mortgage? She may not really be eligible for anything.

Sorry to be blunt but her breakup reason sounds very much like ""I'm fucking other people""",urtcheese,5,2025-05-22 08:13:05,UKPersonalFinance,Reddit
mtm2d70,1ksjwlp,"Separating from GF, have a house","Hi /u/Apprehensive_Dust723, based on your post the following pages from our wiki may be relevant:

* https://ukpersonal.finance/budgeting/


____
 ^(These suggestions are based on keywords, if they missed the mark please report this comment.)

If someone has provided you with helpful advice, you (as the person who made the post) can award them a point by including `!thanks` in a reply to them. Points are shown as the user flair by their username.",ukpf-helper,1,2025-05-22 07:26:36,UKPersonalFinance,Reddit
mtmbb5a,1ksjwlp,"Separating from GF, have a house","Buying Vs renting is only really cheaper if you live there for a few years because of all the sunk costs. 

26-30 is the perfect age to meet someone and settle down. Give yourself the best set of possibilities by renting something small for a year or so in a city / busy town.

You're earning great money and you've got savings. Shitty situation but you're better fixed for it than 99% of people would be. Throw yourself into fun (and health / fitness if possible...) and you will come out of this better than you went in - trust me, I did the same thing 10 years ago!",BritChap42,1,2025-05-22 08:54:50,UKPersonalFinance,Reddit
mtnlzen,1ksjwlp,"Separating from GF, have a house","I can understand being ok with doing the renovations yourself even if you end up contributing a bit more to the final value of the property, it's a few grand at most.

But I do think others are correct to ask who owns the house currently. It's understandable how you feel now, but at least think about the worst case. If you have bought the house yourself, or paid the vast majority of the mortgage, how will you feel if you she gets half the value and uses it to buy a house with a new partner in year?",tvmachus,1,2025-05-22 14:53:32,UKPersonalFinance,Reddit
mtno95l,1ksjwlp,"Separating from GF, have a house",Could you buy your gf out the house now?,Downtown_Tale_2018,1,2025-05-22 15:05:23,UKPersonalFinance,Reddit
mtpao2b,1ksjwlp,"Separating from GF, have a house",Sounds like 1 year travelling SE Asia is in order when the house sells. I was 27 when I first went.,angryratman,1,2025-05-22 19:46:31,UKPersonalFinance,Reddit
mtzd0jf,1ksjwlp,"Separating from GF, have a house","Women don’t make a decision like this without someone else already on the scene it’s called “monkey branching”. She already has someone interested in her that she wants to persue the option of - so don’t be surprised if she’s with someone new within a few months or at least dating again.

I agree with what others have replied. You need to look after yourself here. Being “friends” sounds all well and good but regardless you won’t hear from her and she’ll be out of your life completely within 6 months so there’s no point in sacrificing yourself for that. 

Decide what’s the quickest way of resolving the house situation and get out. That may mean someone else finishing the work. Buy her out and stay if you want, sell and move somewhere but she’ll never be the same person she was before this came out and your relationship if you get back together won’t last. It’s done.",Rahaney,0,2025-05-24 10:21:47,UKPersonalFinance,Reddit
mtm3twx,1ksjwlp,"Separating from GF, have a house","Rent. 100% rent. First of all the trade off rent vs buy may not be as clear cut as you think. It can be cheaper to rent than to buy. Second, if you buy, you’ll be in a chain, making selling your current house more difficult/stressful. Third, why tie yourself to a place when you have little reasons to? What if you find a new job somewhere else? Or a new partner who doesn’t want to live there? I tend to think that buying only ever makes sense if you have all your other life questions figured out.",sunmat02,1,2025-05-22 07:40:38,UKPersonalFinance,Reddit
mtm3fif,1ksjwlp,"Separating from GF, have a house",Who paid for the mortgage on the house you are living in now?,snakeshake1337,1,2025-05-22 07:36:48,UKPersonalFinance,Reddit
mtprb93,1ksjwlp,"Separating from GF, have a house","Buy alone.

She wants to find herself is code for she wants to fuck around and experiment btw",Rough-Sprinkles2343,1,2025-05-22 21:07:46,UKPersonalFinance,Reddit
mtmo4e2,1ksjwlp,"Separating from GF, have a house",You are not friends 😑,No-Dimension-3945,0,2025-05-22 11:05:23,UKPersonalFinance,Reddit
mtmhpu3,1ksjwlp,"Separating from GF, have a house","This girl sounds extremely toxic like so many others, please be careful",ApprehensiveDark3000,-5,2025-05-22 10:01:31,UKPersonalFinance,Reddit
n0hu3q1,1lnq3e0,Revolut just locked me out,"They are blocking phones with unlocked bootloader (Google is also faulty here, with their latest integrity checks)",Banished_Privateer,17,2025-06-30 01:10:16,Revolut,Reddit
n0i1wle,1lnq3e0,Revolut just locked me out,Got this as well.  Was getting wages paid in for the quicker payment but switched over to Monzo instead.,MatsyLR,4,2025-06-30 01:59:10,Revolut,Reddit
n0l36m3,1lnq3e0,Revolut just locked me out,"Same problem, in the morning was working fine, now it is not, no update, no thing.

Although I am using Lineage OS, but this shouldn't be a problem...",dumb_and_idjit,3,2025-06-30 15:46:15,Revolut,Reddit
n0r7ye1,1lnq3e0,Revolut just locked me out,"https://preview.redd.it/j1dj8a78m9af1.jpeg?width=1080&amp;format=pjpg&amp;auto=webp&amp;s=9c7f16a96f86911b2f917957c91be088e2511bd2

After years of using 🤔🤔🤔",ARXITHOTESTIKAL,3,2025-07-01 14:32:19,Revolut,Reddit
n0hcxml,1lnq3e0,Revolut just locked me out,"«all my money is in there» - well, your card, real or virtual, is not blocked, and there’s still a web version of the app",pepper1805,15,2025-06-29 23:27:29,Revolut,Reddit
n0kjrme,1lnq3e0,Revolut just locked me out,What devide do you have and have you changed any settings like region where you live ..?,sub_RedditTor,2,2025-06-30 14:02:01,Revolut,Reddit
n0nc3cz,1lnq3e0,Revolut just locked me out,Same here. This already happen a couple of months ago and was fixed in an update of Revolut or Lineage,Pi_mant,2,2025-06-30 22:13:53,Revolut,Reddit
n0hr6xo,1lnq3e0,Revolut just locked me out,Problem with the beta if you're in it.,Melodic-Control-2655,2,2025-06-30 00:52:16,Revolut,Reddit
n0j6seq,1lnq3e0,Revolut just locked me out,"I'm not sure how to add extra information in the initial post, but it's a Xiaomi Redmi note 8 pro. It's my older brother's previous phone. I made a factory reset when I got it. And revolut has been completely fine until now. I can't use the web version because it needs confirmation from the app. At this point I just want to login and transfer my money to another bank. I'm not going to use revolut again after this nonsense.",SimilarPickle5266,2,2025-06-30 06:53:10,Revolut,Reddit
n0jn4ta,1lnq3e0,Revolut just locked me out,Revolut is starting to feel like PayPal in 2005,Empty_Confidence_187,1,2025-06-30 09:33:54,Revolut,Reddit
n0k22xw,1lnq3e0,Revolut just locked me out,"Same thing here, I'm currently running Xiaomi.eu and got locked out. My phone does not have an official EU ROM to run since it's a Chinese model... And since I don't want to run any Chinese OS with a lot of bloatware I go with xiaomi.eu... everything works except revolut...",nobrega57,1,2025-06-30 11:57:50,Revolut,Reddit
n0kff5r,1lnq3e0,Revolut just locked me out,"UPDATE: Thank you all for your help and comments. I unfortunately wasn't able to find a solution. I opened a bank account with Wise instead. I downloaded the revolut app on my brother's phone and took the money out of Revolut. I'll inform my employer to change my banking details. Wise seems to work just fine.  This is a shame really, I like Revolut and I didn't want to have to change banks. Regardless, thank you all for your advice.",SimilarPickle5266,1,2025-06-30 13:35:03,Revolut,Reddit
n0mnrtj,1lnq3e0,Revolut just locked me out,"Have the same issue with my oneplus-nord-2t, thinking of switching to Wise also. Conversation with support didn't fix the issue. 
Used Revolut for several years.
Wise did warn me about rooting, but suggests to acknowledge the risks and proceed.",djrem3000,1,2025-06-30 20:15:05,Revolut,Reddit
n0nnm64,1lnq3e0,Revolut just locked me out,"Yes, thus is both annoying and retarded. Should be a way to opt out of it. Ppl who root their phone, on average are much more tech savvy and know what they are doing compared than average ppl. It is also sick that this is even legal. Imagine if this would happen on your computer? You can use your internet bank if you are admin on your laptop. Hope this shit gets illigal soon.",gsusgur,1,2025-06-30 23:13:13,Revolut,Reddit
n0rh6ua,1lnq3e0,Revolut just locked me out,"Revolut keep pulling this nonsense.

Used to have a rooted phone and had nothing but trouble with Revolut on it, while all other banking apps worked fine.

Now it refuses to open even on an unrooted phone.  Doesn't even say what it thinks is wrong with it.

Seriously, just randomly locking out access to your account with no option to bypass should be illegal.

I think it's time to cancel my Metal and switch to a different bank.  This one is actively hostile to its customers.",NamelessVoice,1,2025-07-01 15:20:56,Revolut,Reddit
n0s1lww,1lnq3e0,Revolut just locked me out,It happened before yet after a few days it was back live again... Thanks for the reply much respect,ARXITHOTESTIKAL,1,2025-07-01 16:57:23,Revolut,Reddit
n10i2fn,1lnq3e0,Revolut just locked me out,"The Revolut subcontractors doing their Android app are using some very shoddy libraries and techniques to check for 'device integrity'.

And unsurprisingly fairly buggy too.",alextakacs,1,2025-07-02 22:13:38,Revolut,Reddit
n13omif,1lnq3e0,Revolut just locked me out,"There is no solution to this.  
A lot of major banks did this in the past aswell to me, forcing me to stay oem-spec with my new phones.

You gotta deal with it sadly, over time i expect more and more will turn this route.",clonehunterz,1,2025-07-03 11:18:58,Revolut,Reddit
n18ay3k,1lnq3e0,Revolut just locked me out,yeah in not gonna be told what phone I can or can't have by a fucking banking app. As soon as I get access again in closing my account ,Gorblonzo,1,2025-07-04 02:18:29,Revolut,Reddit
n1clmzd,1lnq3e0,Revolut just locked me out,"Hi! We're sorry to hear about the issue you are facing with the app. We've reached out to you via DMs. Please get back to us there, so that we can look into this for you. Thank you.",RevolutSupport,1,2025-07-04 19:36:55,Revolut,Reddit
n1cwi4t,1lnq3e0,Revolut just locked me out,"https://preview.redd.it/qbz3ymevtwaf1.jpeg?width=1080&amp;format=pjpg&amp;auto=webp&amp;s=cb4213a9ffe57ab1e9d5153f1d3aad43e947f086

Same here. But I can't update my Xiaomi Mi 14 Pro. And I have no idea where to get an official firmware. Does de Global Version of Hyper OS from Xiaomi works? Is it a official firmware since it's not 100% android? I don't think this is a security issue it's another trade war between china and US.... And in Europe we just want to use Revolut. What a shame......",franciscappola,1,2025-07-04 20:36:08,Revolut,Reddit
n1ixi0t,1lnq3e0,Revolut just locked me out,"Well, my phone has bootloader unlocked because I am working in IT,mine apk from official Bank is working just fine. I am thinking of switching to Wise then if Revolut won't work... Sadly...",LowLate6566,1,2025-07-05 21:20:41,Revolut,Reddit
n1jlaqj,1lnq3e0,Revolut just locked me out,"I'm facing the same issue !! (French account) And it's impossible to access.

I've already send you a message, @Revolut which is your solution???",jul_95,1,2025-07-05 23:35:37,Revolut,Reddit
n20benj,1lnq3e0,Revolut just locked me out,"Close your accounts brothers, united we stand. Ruck fevolut",kktkxbb,1,2025-07-08 17:14:29,Revolut,Reddit
ndw48a8,1lnq3e0,Revolut just locked me out,J'ai eu le même problème aujourd'hui mais j'ai un asus ROG phone 8 et je suis a l'étranger je sais pas quoi faire,yurikomiko,1,2025-09-12 22:45:53,Revolut,Reddit
nfkq9kf,1lnq3e0,Revolut just locked me out,Happened to me as well a few months back after a year of using it on a rooted device (LineageOS). For me the consequence is clear: I'm not using Revolut.,Death_By_Cake,1,2025-09-22 11:29:18,Revolut,Reddit
n0i3tnh,1lnq3e0,Revolut just locked me out,Since today also have problems.. my device isnt supported anymore what should i do? I know there is a web app but it often ask for the app confirmations for doing some operations... pls any help would be appreciated,Astraliumus,1,2025-06-30 02:11:09,Revolut,Reddit
n0rozuk,1lnq3e0,Revolut just locked me out,"Yeah, it's ridiculous. I don't want to use the Google ROM because of how much spyware is in it, and the app worked fine until this morning. I only found out as I wanted to pay at a supermarket. If this keeps up people will just have to switch banks. My phone isn't even rooted!",Entity_101104,1,2025-07-01 15:59:13,Revolut,Reddit
n0h5ghg,1lnq3e0,Revolut just locked me out,What type of phone is it?,Available-Talk-7161,0,2025-06-29 22:45:00,Revolut,Reddit
n0iz9gd,1lnq3e0,Revolut just locked me out,"Just use a stock phone, problem solved",New_Dragonfruit2736,-4,2025-06-30 05:48:05,Revolut,Reddit
n0hb9qh,1lnq3e0,Revolut just locked me out,As it should be..,No-Occasion97,-8,2025-06-29 23:17:52,Revolut,Reddit
n0ipii1,1lnq3e0,Revolut just locked me out,Just get an iPhone. lol,CaptSwayze,-8,2025-06-30 04:33:32,Revolut,Reddit
n0jrjii,1lnq3e0,Revolut just locked me out,See this is why you don’t fuck with the bootloader ….,TrancyGoose,-4,2025-06-30 10:19:08,Revolut,Reddit
n0h47qy,1lnq3e0,Revolut just locked me out,"Apple rooted device ?

Not secure therefore lock out",Is_Mise_Edd,-16,2025-06-29 22:38:14,Revolut,Reddit
mylzz1g,1lf7pow,Withdraw 10k from revolut account,Did the seller demand cash only?,lordbunnington8,9,2025-06-19 11:58:00,Revolut,Reddit
mymhx5b,1lf7pow,Withdraw 10k from revolut account,Don't pay by cash. Look for a buyer that will take revolut,Typical_me_1111,8,2025-06-19 13:59:31,Revolut,Reddit
mym3uzg,1lf7pow,Withdraw 10k from revolut account,"No you don’t “need” to. In every EU country, transaction bigger than few thousand euros must happen via bank transfer. Especially when buying a car.",Thisismyotheracc420,11,2025-06-19 12:27:55,Revolut,Reddit
mym1vuo,1lf7pow,Withdraw 10k from revolut account,"It might raise a suspicious considering you received money from a different source other than your account (one of your relatives, as you said..)",JoBernardin,5,2025-06-19 12:12:55,Revolut,Reddit
mynjguo,1lf7pow,Withdraw 10k from revolut account,"Check your daily limits, and stay with the limit. In alternative reality you have no reason to feel concerned about what you are going to do - but unfortunately reality is different. 

To minimize the risk of an unpleasant situation, withdraw the money across three four days. 

As far as paying in cash, that is entirely your choice, nothing wrong with that as long as you verify the seller, at least on the basic level, and obtain some sort of payment confirmation. 

If paying cash is his choice, you are in position to negotiate the price further. 

People deal with cash on a daily basis, always have been and always will. 

Check the VIN number, ensure the vehicle is legit, and seal the deal.",ChestStriking9899,3,2025-06-19 17:10:49,Revolut,Reddit
mypbcvs,1lf7pow,Withdraw 10k from revolut account,"I am more concerned you have only one account, and it's revolut. Your risk appetite is very high mate",Inevitable-Hat3118,3,2025-06-19 22:30:31,Revolut,Reddit
myrvasr,1lf7pow,Withdraw 10k from revolut account,"Imagine using a bank and being scared of withdrawing your own money. Holy shit. Why tf do you ""use"" this bank??",badman66666,3,2025-06-20 08:31:53,Revolut,Reddit
mymcjmf,1lf7pow,Withdraw 10k from revolut account,The fact banks have this much control over our own cash ALREADY should terrifying people about CBDC's!!! 💯,Pristine_Outcome5611,6,2025-06-19 13:26:53,Revolut,Reddit
mym0sqk,1lf7pow,Withdraw 10k from revolut account,"I think if anything your account would be frozen because the algorithm might think your account is being drained by a malicious third party.

If your account was not put into review when the money went in, you should be fine and have passed KYC.",RCOO_,2,2025-06-19 12:04:29,Revolut,Reddit
mym2to7,1lf7pow,Withdraw 10k from revolut account,"I'd go and open another account in your country for the purposes of having a physical bank location and transfer that money over to that bank account. Be Transparent and tell them that you'd like to use the account to withdraw money physically from the bank and what are the limits. Don't withdraw this amount of money from an ATM and actually just do it from the bank.

You could also reach out to support in Revolut to see if they could extend your limit for a 1 time or even ask them about the process.",JustSkillfull,2,2025-06-19 12:20:05,Revolut,Reddit
mym349r,1lf7pow,Withdraw 10k from revolut account,Just ask their in app support.,DCzy7,2,2025-06-19 12:22:19,Revolut,Reddit
myvqen6,1lf7pow,Withdraw 10k from revolut account,"I can practically guarantee that this is a stolen vehicle.

Have you run a check on this vehicle?",Loose_Student_6247,2,2025-06-20 22:09:57,Revolut,Reddit
mym4rg1,1lf7pow,Withdraw 10k from revolut account,Walk away. But another car.,Tatler-Jack,3,2025-06-19 12:34:31,Revolut,Reddit
mym3mt9,1lf7pow,Withdraw 10k from revolut account,"I would talk to support and explain to them in advance what you want to do, why you want to do it, and how you plan to do it.

The other option would be to send the money via transfer to your relative (who's card has been used to top up the account), and withdraw the money from their account.",kergefarkas42,1,2025-06-19 12:26:12,Revolut,Reddit
mym48b3,1lf7pow,Withdraw 10k from revolut account,Did you say you have topped up your account using someone else's card? (A relative),Available-Talk-7161,1,2025-06-19 12:30:38,Revolut,Reddit
mym6goz,1lf7pow,Withdraw 10k from revolut account,"On April 24th 2024, because of money laundering, the European Parliament approved, followed by the Council in May 2024, a uniform policy of cash payments for all EU countries. The new cash limit is fixed at 10 000 euros and will provide uniformity across all EU nations.",Better-Waltz-2026,1,2025-06-19 12:46:38,Revolut,Reddit
mymd9l3,1lf7pow,Withdraw 10k from revolut account,"I had similar situation (lesser amount \~5k EUR), and it was all fine, though fees for ATM withdrawals could buy me a couple of beers ;\_;",nortonec,1,2025-06-19 13:31:29,Revolut,Reddit
mymizox,1lf7pow,Withdraw 10k from revolut account,My college couldnt register car in Netherlands cuz bought it with cash....$$$,dwaraz,1,2025-06-19 14:05:45,Revolut,Reddit
mymku3m,1lf7pow,Withdraw 10k from revolut account,It will eat you in fees 2% on standard,Upset-Rule3937,1,2025-06-19 14:16:17,Revolut,Reddit
mympvbp,1lf7pow,Withdraw 10k from revolut account,"Why would the account be frozen? Does their T&amp;C say you can't withdraw €10k, as long as you're within the daily withdraw limits? What is it, €2k per day? Then you can simply withdraw €2k per day and get your €10k in 5 days. It's your money after all coming from your employer as salary. Revolut has nothing against withdrawing it as cash, except for the daily withdrawal limits.",Cagliari77,1,2025-06-19 14:44:31,Revolut,Reddit
myn0b8g,1lf7pow,Withdraw 10k from revolut account,"I don't think you can, it's only like 600 a month or so... If you need that sum, only a real bank could in Europe",Rm2Thaddeus,1,2025-06-19 15:38:07,Revolut,Reddit
myn0yon,1lf7pow,Withdraw 10k from revolut account,"Do not do it, it will trigger AML flags and your account will be frozen or even banned from Revolut, forever.",AnshJP,1,2025-06-19 15:41:17,Revolut,Reddit
myn1pbd,1lf7pow,Withdraw 10k from revolut account,If you withdraw that sum in cash (even in multiple smaller amount) there is a serious risk that you will be flagged. Large cash transactions are usually a bad idea. If the seller only accept cash on such an amount it should be a red flag. You might want to pass.,ddabdul0910,1,2025-06-19 15:44:53,Revolut,Reddit
myn57ba,1lf7pow,Withdraw 10k from revolut account,"&gt; I am planning to withdraw the money in small parts like 2k at every 2-3 days.  

Ehm... *why?*  

&gt; Has someone withdraw money like this?  

You mean withdrawed at an ATM? Where I live there's no way the local ATM could provide that much money without being empty.  

&gt; Do you think it is safe?  


Depends where you live but in Belgium I would be *really* surprised to hear somebody needs a 1k cash reserve, let alone 10k.  


And Revolut has an ATM withdrawl limit of 200 on standard, so you'll have to add fees.  

&gt; I don t have any other account at another bank.  

*facepalms*  

I don't want to look smug, but I think most of us would move the money to a local bank account then call the bank for arrange such withdrawl in an office.  


Not only because such amount *is* justifing somebody to look at that situation, but because that's a non-negligible amount of money to manipulate.  ",laplongejr,1,2025-06-19 16:01:52,Revolut,Reddit
myn5i39,1lf7pow,Withdraw 10k from revolut account,"I don’t get it. If you don’t have any other account at another bank, how do you plan to withdraw?",macsoft123,1,2025-06-19 16:03:21,Revolut,Reddit
myobq2v,1lf7pow,Withdraw 10k from revolut account,"Get the Ultra Plan, then it wouldn't be a problem. Also consult with support.",FamiliarContract4854,1,2025-06-19 19:31:56,Revolut,Reddit
myol5ib,1lf7pow,Withdraw 10k from revolut account,i see you like to live dangerously. have at least another account at another bank.,RandomBlokeFromMars,1,2025-06-19 20:22:32,Revolut,Reddit
myrldek,1lf7pow,Withdraw 10k from revolut account,Stop spreading false news on “scam” or “tax fraud” while selling cars for cash.,RestComfortable500,1,2025-06-20 07:00:36,Revolut,Reddit
mytbbkj,1lf7pow,Withdraw 10k from revolut account,5K per month withdrawal in cash. So plan it at the end of the month.,StatisticianIcy2712,1,2025-06-20 15:05:35,Revolut,Reddit
myyd78d,1lf7pow,Withdraw 10k from revolut account,"I just withdrew €55,000 without any issues. While I understand that some people using Revolut may run into problems, I tend to believe that, in most cases, those who get caught are likely involved in something illegal.",Xugudu,1,2025-06-21 09:04:54,Revolut,Reddit
mz4jmms,1lf7pow,Withdraw 10k from revolut account,Message revolut support chat and ask them?,Obvious-Bear6360,1,2025-06-22 10:15:36,Revolut,Reddit
mzd3xaq,1lf7pow,Withdraw 10k from revolut account,"So you have a limit that is free to withdraw once past that limit you have to pay 2% fee on the amount you withdraw I withdrawn €1,800 200 of it was free and for the €1,600 I had to pay a €29 fee all together",Fast_Move1299,1,2025-06-23 18:27:52,Revolut,Reddit
mym11tp,1lf7pow,Withdraw 10k from revolut account,That's called structuring. It can also be flagged and get your account frozen/banned.,Imaginary_Virus19,1,2025-06-19 12:06:27,Revolut,Reddit
mym13lz,1lf7pow,Withdraw 10k from revolut account,"I heard a real story of a friend of my father's who is old and doesn't use bank cards. He was trying to buy car using cash (legitimately earned/saved, no fraud and had full proofs of all).

First problem: Banks DON'T HAVE CASH nowadays. He had to order the cash so he could withdraw that big of an amount.

Once he finally got the cash he couldn't get the car since car deals etc. are known to be used for illicit purposes like money laundering, so they refused to take the cash (since ""nobody"" uses cash for legitimate purposes anymore 🤷‍♂️)

So lesson here: You probably can't get the cash easily and when you do, you can't buy the car with cash",Janzu93,1,2025-06-19 12:06:51,Revolut,Reddit
mymkktw,1lf7pow,Withdraw 10k from revolut account,"Seller don't have to pay taxes for selling his car, if anything it's beneficial to him to be a bank transfer instead of cash since he can use this amount as income to buy other things, let's say a different car.

If someone benefits from this it's you since you can hide this car transaction from your tax authorities and don't have to explain, potentially, how you earned this money and/or pay tax since you might not had the income on previous years to justify the amount you are using for this car payment.

Seller is either setting you up to steal your money and throw you in the sea, rocks attached, or your story is full of shit and you are the one that wants to make sure this transaction stays hidden from the tax authorities, for whatever reason. Chances are, overwhelmingly, that it's the later.",Legitimate_Cry_5194,1,2025-06-19 14:14:49,Revolut,Reddit
mymur5x,1lf7pow,Withdraw 10k from revolut account,The car is a scam,Bullsapiens,1,2025-06-19 15:10:32,Revolut,Reddit
myn0jii,1lf7pow,Withdraw 10k from revolut account,"What fck is all these useless answers? The question is fck very simple. If I were yo,  I would withdraw 2 or 3 K each day",InspectorFar3506,0,2025-06-19 15:39:14,Revolut,Reddit
mmp61ka,1jxbpja,Revolut holds my €13k - Guide how to get your money back,"Interesting how long it will take for this to be removed :D

On another hand, would EU Small Claims for crypto as well?",Tiasokam,53,2025-04-12 08:32:33,Revolut,Reddit
mmr4r47,1jxbpja,Revolut holds my €13k - Guide how to get your money back,"On Thursday, April 10, Revolut returned the €15,000 that it had blocked for me on February 3. He did it just as he had carried out the blockade, without explanations, without any justification, in an absolutely arbitrary and unfair way. It has meant more than two months of suffering for me. I hope they close their business, they are a bunch of unpresentable people.",LEZABROD1,9,2025-04-12 17:16:01,Revolut,Reddit
mmpn665,1jxbpja,Revolut holds my €13k - Guide how to get your money back,"in other words, still weeks of waiting, no solution really, but at least it feels like you are taking some action, the best solution is not to use Revolut in the first place, I learned that lesson when they froze 25k for 3 weeks",Electrical_Chard3255,19,2025-04-12 11:31:40,Revolut,Reddit
mmpxuqm,1jxbpja,Revolut holds my €13k - Guide how to get your money back,"revolut is now reliable for sums larger than 2-3000€, yeah it could work but it also could block you for months for no reason. spread the money in several bank accounts.",Top_Sheepherder_7610,4,2025-04-12 13:04:24,Revolut,Reddit
mmqy7w6,1jxbpja,Revolut holds my €13k - Guide how to get your money back,I never hold more than 100€ in revolut. It's a scam company that has some neat features I like,spez_eats_my_dick,10,2025-04-12 16:42:06,Revolut,Reddit
mmp73aa,1jxbpja,Revolut holds my €13k - Guide how to get your money back,"&gt;• If you’re in the EU: CSSF (Luxembourg)

Wrong. It is Bank of Lithuania [https://www.lb.lt/en/](https://www.lb.lt/en/)

&gt;

&gt;5. Public pressure

It is worth nothing.

&gt;

&gt;File a case via the European Small Claims Procedure: [https://europa.eu/youreurope/business/dealing-with-customers/solving-disputes/european-small-claims-procedure/index\_en.htm](https://europa.eu/youreurope/business/dealing-with-customers/solving-disputes/european-small-claims-procedure/index_en.htm)

Furthermore, it also won't work as you have to prove your claim, and you can't, as they don't owe you anything.

&gt; Revolut typically replies within 15 business days • The maximum legal timeframe is 20 business days

So, this is also wrong, Revolut gives you 15 days, and the legal maximum varies and Revolut will answer you in 35 business days maximum

So it is a misleading post.

  
If you had such a situation. In short:

1, get help, ask for ETA  
2, if they did not finish for the ETA raise a formal complaint, please make sure this got acknowledged  
3, Wait \_maximum\_ 35 business days   
4, Go to the regulator (Bank of Lithuania) and wait until it rules out.

Parallel, you can start Small Claims (won't work) or a Court case but as you won't have anything in your hands, the case will be dismissed.   
You can get back all your money with an interest. Most important, don't hold your money in one account with a single bank.",willyhun,16,2025-04-12 08:43:21,Revolut,Reddit
mmrqe22,1jxbpja,Revolut holds my €13k - Guide how to get your money back,It is taking years,mo_coder_,3,2025-04-12 19:06:30,Revolut,Reddit
mmppwlg,1jxbpja,Revolut holds my €13k - Guide how to get your money back,"Or you could use normal bank, visit their branch and get it resolved immediately..",OkTry9715,4,2025-04-12 11:57:57,Revolut,Reddit
mmpiqqv,1jxbpja,Revolut holds my €13k - Guide how to get your money back,"Since you had this happen a lot and across multiple banks. Might the issue be with you?

In my 37 years on this earth I never had an acciunt locked with any bank.

I agree that Revolut should be faster. But they don't just nilly willy close or restrict accounts.",DescentinPerversion,8,2025-04-12 10:45:51,Revolut,Reddit
mmpo272,1jxbpja,Revolut holds my €13k - Guide how to get your money back,"I had this last week, just had to submit proof of income, soon as i uploaded it restrictions were lifted",AdhesivenessFlat7666,2,2025-04-12 11:40:34,Revolut,Reddit
mmq0z5a,1jxbpja,Revolut holds my €13k - Guide how to get your money back,What happened? Why they restricted your acc?,yesitsmehg,2,2025-04-12 13:27:33,Revolut,Reddit
mmq4caz,1jxbpja,Revolut holds my €13k - Guide how to get your money back,"Very good, but there may be a compulsory step before going to EU small cases, like filling a complaint on their website. I would check this.",Tulex,2,2025-04-12 13:51:09,Revolut,Reddit
mmvu9bg,1jxbpja,Revolut holds my €13k - Guide how to get your money back,Your account is restricted when you do dodgy stuff. Just don't do that and it will be fine. I've been using them for years with hundreds of thousands and it's totally fine.,heroickoala,2,2025-04-13 13:14:59,Revolut,Reddit
mmw7dsr,1jxbpja,Revolut holds my €13k - Guide how to get your money back,Why do they freeze or block your account?,Ok-Diamond1614,2,2025-04-13 14:44:09,Revolut,Reddit
mmwxteh,1jxbpja,Revolut holds my €13k - Guide how to get your money back,Great post. Very informative. Thank you.,ohhsnaptrap,2,2025-04-13 17:06:30,Revolut,Reddit
mmxaeeb,1jxbpja,Revolut holds my €13k - Guide how to get your money back,Aaaaand this is why I closed my Revolut account and never looked back.,IstvanKun,2,2025-04-13 18:11:45,Revolut,Reddit
mn4c52d,1jxbpja,Revolut holds my €13k - Guide how to get your money back,thank foook I'm with a traditional bank and had zero issues in 35 odd years,RebelGrin,2,2025-04-14 21:16:05,Revolut,Reddit
mnax9ac,1jxbpja,Revolut holds my €13k - Guide how to get your money back,"Anti money laundering check.
They got sanctioned and are doing a few of those. 
I'd change bank regardless",InternationalMud7634,2,2025-04-15 22:23:13,Revolut,Reddit
mmp8iwj,1jxbpja,Revolut holds my €13k - Guide how to get your money back,Mind-blowing how so many people manage to block their own accounts 😆😆😲😲,RepulsiveAmphibian15,5,2025-04-12 08:57:49,Revolut,Reddit
mmpixs0,1jxbpja,Revolut holds my €13k - Guide how to get your money back,"I don’t know how you end up having your account blocked. I got 40k on it never had a problem. Recently I transferred quite important sums (50k+) and also never got a problem.

Why or how did you end up getting blocked?",-Leelith-,4,2025-04-12 10:47:56,Revolut,Reddit
mmqf7ls,1jxbpja,Revolut holds my €13k - Guide how to get your money back,they are scam all people money,BrothersGroup188,2,2025-04-12 14:58:20,Revolut,Reddit
mmpjzk1,1jxbpja,Revolut holds my €13k - Guide how to get your money back,Basically it is a great guide on why not to use Revolut.,New_Dragonfruit2736,3,2025-04-12 10:58:49,Revolut,Reddit
mmphtkm,1jxbpja,Revolut holds my €13k - Guide how to get your money back,boycott revolut,Kingoflumbridge123,1,2025-04-12 10:36:01,Revolut,Reddit
mms9pes,1jxbpja,Revolut holds my €13k - Guide how to get your money back,"I heard horror stories about revolut but personally never had issues 
Most ive transferred was 8k from binance to revolut, no problem",AlesantroCorticeli,1,2025-04-12 20:53:00,Revolut,Reddit
mmwnsqf,1jxbpja,Revolut holds my €13k - Guide how to get your money back,"There was a time when it was your money and your responsibility. Nobody restricted access to your own money.

Now people are getting used to regular interferences and do not realize the control they have lost.",kommissar_schnabel,1,2025-04-13 16:14:14,Revolut,Reddit
mmyrj0u,1jxbpja,Revolut holds my €13k - Guide how to get your money back,Thank you for sharing this information,Alternative-Taste543,1,2025-04-13 22:54:50,Revolut,Reddit
mmz3ck3,1jxbpja,Revolut holds my €13k - Guide how to get your money back,Just a mess. I can’t trust all these new banks for anything other than a very simple checking account.,WWWWWWWWWWWWWWWWVWVW,1,2025-04-14 00:03:32,Revolut,Reddit
mn1mgtp,1jxbpja,Revolut holds my €13k - Guide how to get your money back,Lotta people in here not knowing how digital banks work and it shows,MysteriousReason3442,1,2025-04-14 12:31:18,Revolut,Reddit
mn1tymr,1jxbpja,Revolut holds my €13k - Guide how to get your money back,"Revolut costumer support is very bad, made me go crazy many times",PickAJarPhuket,1,2025-04-14 13:26:05,Revolut,Reddit
mn85ihj,1jxbpja,Revolut holds my €13k - Guide how to get your money back,"Check the small print of all banks and most of them state, that when you deposit your funds those funds become the banks funds and if they want to keep the funds they can, they do not have to do anything for you if they don't want to. All banks are ponzi schemes! I used to work for one!",Digitechnomad,1,2025-04-15 13:57:05,Revolut,Reddit
mn9jxo6,1jxbpja,Revolut holds my €13k - Guide how to get your money back,Thanks!,HomeWorth1250,1,2025-04-15 18:17:40,Revolut,Reddit
mospsm3,1jxbpja,Revolut holds my €13k - Guide how to get your money back,"Banks can hold your money if they see something suspicious. If your money ends up with OFAC for some reason then good luck....there's nothing a bank can do, they won't even know what's the status of their investigation",Efficient_Bench_1559,1,2025-04-24 15:46:51,Revolut,Reddit
mmpbiqm,1jxbpja,Revolut holds my €13k - Guide how to get your money back,Tell Revolut YOUR MONEY IS IMPORTANT TO YOU,PropertyResident2269,-1,2025-04-12 09:28:50,Revolut,Reddit
mmscrz8,1jxbpja,Revolut holds my €13k - Guide how to get your money back,"Revolut withholding big sums of money without a reason , a tale as old as time.

You lot will never learn.",offence,0,2025-04-12 21:10:03,Revolut,Reddit
mmq3s55,1jxbpja,Revolut holds my €13k - Guide how to get your money back,"Hi! We know your account status might seem confusing, but sometimes we need to take extra steps to make sure our customers’ accounts are kept safe.

For more info, you can check out this FAQ in our Help Centre: https://help.revolut.com/help/profile-and-plan/security-and-personal-data/my-account-is-locked/why-is-my-account-locked/.

Let's continue this conversation in your DMs. We’ll be glad to help you there!",RevolutSupport,-7,2025-04-12 13:47:21,Revolut,Reddit
ni1eftv,1nzdcbr,Revolut as main account - anything to worry about?,"I have Revolut as my main account and have done for probably 3+ years at this point (Spain). Works like a charm. Never had even the slightest issue and Revolut have actually helped me out a lot when I wasn’t getting refunds from various merchants. 

That said, I would always recommend (even if Revolut wasn’t one of them) that you have two bank accounts. Not necessarily to have money in both (depends on if you’re able to and how you track your personal finances), but just have another open, just in case. In my personal situation, while I would obviously be concerned if my Revolut account got blocked for whatever reason, I have solutions both in that I have another bank account with some money (and where I can redirect my salary, should that be necessary) and also my partner has her money in a completely different bank entirely, so we wouldn’t ever not be able to pay for food or anything.

A lot of people that post their stories about Revolut blocking their accounts then end up explaining that they were doing mildly suspicious stuff. Not necessarily illegal stuff by any means, but moving €100k in 20 different payments is weird and pretty much any bank would block your account while they investigated. Other banks have physical locations you can go to, and that’s what some people prefer because they can yell at someone, but it isn’t Revolut being a terrible bank by any means.

All in all, I’m very happy with the service with Revolut and I definitely recommend it to people. The average person doesn’t have anything to worry about, I don’t think.",fxdvm,48,2025-10-06 10:08:55,Revolut,Reddit
ni1czgz,1nzdcbr,Revolut as main account - anything to worry about?,No problem at all … would anyways always have a backup account with a different bank and also keep cash in said 2nd account….,Andi_Reddit,25,2025-10-06 09:53:39,Revolut,Reddit
ni1cs92,1nzdcbr,Revolut as main account - anything to worry about?,"Been using Revolut as my main account for past 3 years. Very common in the country I live in at the moment. I get my salary to Revolut and I haven't had any issues.

As long as your income is legit, not doing shady transfers to your 💊 dealer etc. You're fine. If they ask documents, send them in immediately. Any bank can freeze your money for AML or similar investigations. For example Our family's bank account got freezed when we sold our house. And it was regular national Bank. We needed to show them the paperwork of selling house and the funds were released.",_kairosclerosis_,12,2025-10-06 09:51:36,Revolut,Reddit
ni1agun,1nzdcbr,Revolut as main account - anything to worry about?,You know that some people have problems. Nobody here can guruantee you anything and assure you will be fine. You take the risks.,TomCormack,4,2025-10-06 09:27:06,Revolut,Reddit
ni1gp32,1nzdcbr,Revolut as main account - anything to worry about?,"You can have it frozen for any reason or no reason and not able to access money for weeks or months.

If you can live with that, go ahead. At least have one or two other accounts like Monzo, Wise, etc.",InformationNew66,4,2025-10-06 10:32:34,Revolut,Reddit
ni1kl4d,1nzdcbr,Revolut as main account - anything to worry about?,You’re fine. I mean are you sending crypto or gambling. Are you transferring funds to/from Wazikistan? Those are usually big reasons to get investigated.,MaisJeNePeuxPas,3,2025-10-06 11:10:30,Revolut,Reddit
ni1gxqq,1nzdcbr,Revolut as main account - anything to worry about?,"Opened an account in May, all was good.  Now many emails and in app message about security, have scanned driving licence a few times now.  Same message, and cannot pay into acc from same bank I used in May.  Was good for the ""Disposable Visa Card""   now I will have to ditch the  account.",Due-Band-1860,3,2025-10-06 10:35:02,Revolut,Reddit
ni1kaqe,1nzdcbr,Revolut as main account - anything to worry about?,You can’t open a local bank account? Your vague reason about being forced to use Revolut should be the cause for concern.,IvanStarokapustin,3,2025-10-06 11:07:50,Revolut,Reddit
ni1r6wu,1nzdcbr,Revolut as main account - anything to worry about?,"Since a few weeks i have lost access to my revolut account because they dont support my phone version anymore. It came at a terrible timing right when i had to pay rent and while i am in a different country alone for the next half year. There is no other way for me to access my bank account to make payments because to access it on different devices i need to grant permission through the app on my phone, which i cant open. I even tried to get a family member in my home country to access my bank account to pay rent but even that is not possible because they need my identification papers. It really put me in the shit and i still dont have access to it. So at the moment i am very upset with revolut.",Mindless-Wafer1616,3,2025-10-06 12:06:44,Revolut,Reddit
ni1a5ry,1nzdcbr,Revolut as main account - anything to worry about?,"I used to advise everyone I knew to just move everything to revolut. You could not find a bigger cheerleader than me for it, I kept saying it will kill many banks due to how well it works. But then they froze $332,000 transfer to a company I have paid already many times in the past and 3 weeks later still no information what is happening. What is the biggest concern, there is no phone number to call, nobody to speak to. You must only write in their chat where 12 “agents” give the same rewritten answer to wait. This is their attitude to me with millions in my personal and company accounts. Imagine what their priority to you will be. Whatever you do, make sure you can handle months of frozen funds by revolut with no recourse",slutgarden,10,2025-10-06 09:23:52,Revolut,Reddit
ni1d7eb,1nzdcbr,Revolut as main account - anything to worry about?,"It is just as bad as every other bank, the main difference is support. If you want to just pop into a branch and try and get help you cant do that. But anytime I have been into a branch, they just call the help line any way and hand me a phone. 

At least with rev, I don't have to drive across town, line up and then get crappy remote support. I can get crappy support from bed.",bedel99,4,2025-10-06 09:55:54,Revolut,Reddit
ni1ra3m,1nzdcbr,Revolut as main account - anything to worry about?,"I've been using Revolut for a long time without any problems. Some users may show abnormalities that lead to bans. I can recommend it to you. I also have an account at C24 Bank, which is also great and problem-free!!!LG",holgerwak68,2,2025-10-06 12:07:26,Revolut,Reddit
ni22s2t,1nzdcbr,Revolut as main account - anything to worry about?,"Assuming you have a steady flow, no crypto, no betting, no links (even remotely) with Russia you should be fine.
But always, always keep a secondary account.",alextakacs,2,2025-10-06 13:27:11,Revolut,Reddit
ni22yx8,1nzdcbr,Revolut as main account - anything to worry about?,Don\`t do btc or any crypto related stuff with revolut.,razvanciuy,2,2025-10-06 13:28:23,Revolut,Reddit
ni27qf1,1nzdcbr,Revolut as main account - anything to worry about?,"Been a customer of Revolut in the UK for several years and in the last 3 years it's been my primary bank account.  Salary goes in there and all my DD's, rent and STO's clear from it.  Never any issues.

  
They queried an incoming loan deposit once of £5k that I took out, but once I answered the source of funds the money was released within 20 minutes.",Miserable-Entry1429,2,2025-10-06 13:57:20,Revolut,Reddit
ni44qvf,1nzdcbr,Revolut as main account - anything to worry about?,"Someone broke into my house and stole my card, before I found out, the thief started using it, I blocked the card and asked for a refund with the police report. 


Revolut denied any refund despite the law, I asked for advice in this sub and everyone started shaming me and saying it was my fault and that Revolut has no obligations to refund. 


They did but I had to formally complain to my central bank to force them to do so.



Their support is nonexistent if you have any serious problem, they just reply you with a prewritten script and do nothing else and this sub is astroturfed.


If your account ever gets flagged for any reason they'll lock your money for weeks and potentially months, you can read multiple horror stories online. 


- I would heavily recommend you not to use it as a main account unless maybe you are a teenager with very little money and no income.


- Do not trust the Revolut fanboys (or worse) here.


- As soon as you have an issue start taking photos and proofs you communicated with their support which will ignore you, the app prevents you from taking screenshots so you must take photos, they will be useful to prove to the authorities that they kept ignoring you.


- Be ready to escalate everything to the proper authorities in your country as soon as something happens.",newcountrynewaccount,2,2025-10-06 19:44:21,Revolut,Reddit
ni19yzy,1nzdcbr,Revolut as main account - anything to worry about?,Don't. Use a different as a nation account and transfer money to revolut for payments,davidemo89,6,2025-10-06 09:21:48,Revolut,Reddit
ni1cvdi,1nzdcbr,Revolut as main account - anything to worry about?,"Just scroll in this reddit, every day people get locked, accounts frozen without reason and Revolut doesn't do anything for weeks. You won't reach anyone, you're just screwed. So in your own interest DON'T!",selimovd,3,2025-10-06 09:52:30,Revolut,Reddit
ni1f0y5,1nzdcbr,Revolut as main account - anything to worry about?,"Used as main account for a while, no issues",mikxe1,1,2025-10-06 10:15:03,Revolut,Reddit
ni1gp04,1nzdcbr,Revolut as main account - anything to worry about?,"From my experience everything is going well with Revolut as a main bank account. I use Revolut as my main account for at least 5 years. However, I always diversify my savings and I keep another bank account. You will see other posts and comments telling story of accoun blocked, but how many people have issues compared to the total number of clients?
As already said there is a risk with Revolut but as much as other banks. Having a phone call with human or having a face-to-face with a manager is not better service from my own experience with “normal” bank. If a bank have to report you for suspicious money laundering for example the bank can’t tell you ( in the UK) and will block your account. My guess there is a bit more risk with Revolut as a neo bank they have to prove more than others traditional bank. Also as one of the key points of Revolut or other neo bank (N26, wise…) is how easy is to open an account and started managing savings, shares, transfer money in different currency … which is more likely to attract criminals. 
Overall you can use Revolut as a main bank account but be aware of the limitations (no cheque, cash withdrawal limitations…) and some risk being a online banking only but as much as traditional banks have also their own limitations (low saving rate, no reward policy, ...) with also risk of your account being blocked.
Asked yourself what is the added value of Revolut is compared to a traditional bank (multi-currency account, easy access to shares, organising your money in pockets…)",Gateau_mer_75,1,2025-10-06 10:32:33,Revolut,Reddit
ni1jm6t,1nzdcbr,Revolut as main account - anything to worry about?,"Nothing at all fof £65,000 in mine no worries at all only when it first went in I had to verify it took few hours",HarHenGeoAma62818,1,2025-10-06 11:01:22,Revolut,Reddit
ni1mc8r,1nzdcbr,Revolut as main account - anything to worry about?,"Revolut is my main, but I use others too. Just don’t screw yourself by using the Crypto feature on Revolut.",zero_sevenn,1,2025-10-06 11:26:36,Revolut,Reddit
ni1q39d,1nzdcbr,Revolut as main account - anything to worry about?,What about getting credit for a House with only revolut acc? In Netherlands for example?,Dull_Ad7465,1,2025-10-06 11:58:10,Revolut,Reddit
ni1q6dn,1nzdcbr,Revolut as main account - anything to worry about?,It's fine unless nothing out the ordinary happens!,benh97,1,2025-10-06 11:58:50,Revolut,Reddit
ni1rpje,1nzdcbr,Revolut as main account - anything to worry about?,"I’ve had Revolut as my main account for the past 4 years. No issues whatsoever, they are very smooth and everything. I move well over €200k a year on there with no issues",SofaSurfer9,1,2025-10-06 12:10:45,Revolut,Reddit
ni1xnei,1nzdcbr,Revolut as main account - anything to worry about?,"So much to worry about but also could be fine. Can you risk it? If you use rev yoi need another acc somewhere to keep some.money in case rev freezes your acc for some reason and for unspecified time frame.

Why would one use rev insted of local banks?",unevoljitelj,1,2025-10-06 12:53:28,Revolut,Reddit
ni1xprc,1nzdcbr,Revolut as main account - anything to worry about?,I’ve used it to receive my Dutch salary and never had issues,emdigi,1,2025-10-06 12:53:55,Revolut,Reddit
ni21qwc,1nzdcbr,Revolut as main account - anything to worry about?,In US they don't have option for online check deposits and some payments won't let me buy because it recognizes as prepaid card. So I have backup for this.,howdog55,1,2025-10-06 13:20:35,Revolut,Reddit
ni26yn9,1nzdcbr,Revolut as main account - anything to worry about?,I use Revolut as my second account for last few years. Haven't had an issue with them so far but plan to use as main account in few years from now. Always wise to have a few accounts n the go as it's best practice.,Typical_me_1111,1,2025-10-06 13:52:50,Revolut,Reddit
ni2voht,1nzdcbr,Revolut as main account - anything to worry about?,Just .. don't.,Sheetmusicman94,1,2025-10-06 16:03:56,Revolut,Reddit
ni36ldw,1nzdcbr,Revolut as main account - anything to worry about?,"Revolut is a good main account, I’ve been using it that way for about five years. But as I’ve said many times on this subreddit: never keep all your money in one bank, whether it’s Revolut or not.

A lot of people are complaining about Revolut lately, but I’ve had issues with the so called ""big old banks"" myself. About five years ago, I was traveling in Asia and my traditional bank account was frozen ""for security reasons"" because I was accessing it far from my home country.

I contacted the bank via email, provided all necessary details, and do you know what they told me?  
""You need to visit one of our branches with your documents.""  
The nearest branch was 10k km away. When I explained I was in Asia, they told me to **fly back home**, unfreeze the account in person, and then return to Asia.

That was the moment I truly appreciated having a Revolut account and more importantly, that I **hadn’t kept all my money in one place**.

  
**Edit:** About 3-4 months after I got back home, I received a call from this ""big old bank."" They offered me their new card, which they claimed was great for travelers and said their bank was better than Revolut. I was *this* close to telling them to go f\*\*\* themselves, but instead, I just closed my account and left it at that.",gold_fish_in_hell,1,2025-10-06 16:56:37,Revolut,Reddit
ni5f7ig,1nzdcbr,Revolut as main account - anything to worry about?,"No problem as long it’s a bank - registered bank - and has money protection by FCA (or similar in your country). 
Rest really depends on benefits too",Necessary_Resist9996,1,2025-10-06 23:39:58,Revolut,Reddit
ni5pcpk,1nzdcbr,Revolut as main account - anything to worry about?,"Yes i Recommend Revolut to everyone!!

Revolut has the smoothest Online Banking and most user friendliest online Banking.

I have been using them for over 1 year now as a Primary Salary Account and i touched zero issues, everything went quick and smooth.

Paying worked everywhere via card and also via Google pay.

Transfers from both sides also worked quick and with non issues,sometimes i did 6k+ transfers and it worked with zero issues.

My Salary also went without any issues,my salary came so much quicker then other Banks i used :)

I just have 1 negative point to say about Revolut.
-If i just wanna pay a bill or something else,i have first to save the recipient,i do really need put the name and surname save it and then make a payment,thats really disgusting hahaha.

Revolut highly recommendation from me :)",Aatrox24,1,2025-10-07 00:37:49,Revolut,Reddit
ni7d36u,1nzdcbr,Revolut as main account - anything to worry about?,"I wouldn’t risk it. But that’s my personal opinion. 

I use Revolut only for online shopping and when travelling so I can easily convert into local currency",Fine-Confusion-5827,1,2025-10-07 07:24:43,Revolut,Reddit
ni7gg4p,1nzdcbr,Revolut as main account - anything to worry about?,"I've used it for years with basically no problems but I do very basic stuff, i.e. receiving the salary and my day to day spending. I have been wondering the same, but it honestly works well now. 

As others have said, keep a secondary account somewhere else in case 1) the revolut one is blocked and takes too long 2) someone does not accept revolut (it happened to me while trying to hire a car)",Former-Meringue7250,1,2025-10-07 07:57:29,Revolut,Reddit
ni7pcg0,1nzdcbr,Revolut as main account - anything to worry about?,Dd,sexetru,1,2025-10-07 09:29:34,Revolut,Reddit
ni7se6x,1nzdcbr,Revolut as main account - anything to worry about?,"My colleagues use it as their main account. Reason is they get their salary earlier than us who is not using Revolut as main bank.

It is alright but depends on your country. I am located in Ireland and having a local bank account benefit for me is in the future if I need a mortgage its better to have the local bank.

But maybe it might change in the future since Revolut is offering a lot of products as time goes on. Lime now they offer loans, credit card and such. 🙂",Uscire,1,2025-10-07 10:01:24,Revolut,Reddit
ni7wb0i,1nzdcbr,Revolut as main account - anything to worry about?,"Mine got blocked

https://preview.redd.it/eeolg24buntf1.jpeg?width=1320&amp;format=pjpg&amp;auto=webp&amp;s=78e4f1896c3fbf050117a872c155b4748846eab2

Everything i had in there i had to sell it take the loses and move on revolut to me is crap",HaakLT,1,2025-10-07 10:42:02,Revolut,Reddit
ni8jpfp,1nzdcbr,Revolut as main account - anything to worry about?,No,vekypula,1,2025-10-07 13:43:12,Revolut,Reddit
niah8il,1nzdcbr,Revolut as main account - anything to worry about?,"Just use it and be sensible. 

Lobbing 4 x your stated income and transferring 3000 quid to your friend in Uzbekistan right after your friend in Romford sent you 800 is going to make you look dodgy to the bank and make you look stupid to us.",VolCata,1,2025-10-07 19:34:19,Revolut,Reddit
nibrvfs,1nzdcbr,Revolut as main account - anything to worry about?,"Locked out of my account since switching over to a new phone.
The 'face scan' and 'ID check' keep on failing while all is fine.
CSA's aren't helpful at all helping me regain access.

So nope, never.

Never had that crap with any descent enough other bank.
Revolut doesn't offer any regular web interface to login without the ID or face crap, it just locks you out if it's stupid AI doesn't recog. you.

Besides that, never had issues at all.",Terrible_Charge_8910,1,2025-10-07 23:35:03,Revolut,Reddit
nie5nti,1nzdcbr,Revolut as main account - anything to worry about?,"Sadly, with my mortage I don't risk doing that for a loooong time :(  

&gt; I’m not talking about anything shady, just a real employer.  

Genuine question : why do you state that as a given pre-requesite?  
A lot of complaints from people is because Revolut assumes shadiness from genuine things.  
There are people where Revolut *returned the salary*, by thinking the employer was shady.  

&gt; I’m starting to worry that one day I might end up without access to any of my money.   

Well, for starters what if your phone breaks? My card reader broke and I couldn't reach my main bank anymore. Revolut help a lot during that week.",laplongejr,1,2025-10-08 10:12:48,Revolut,Reddit
nieg907,1nzdcbr,Revolut as main account - anything to worry about?,"Whoever is planning to use Revolut as their main account, always make sure to also have another bank account and payment card that allow you to survive for two months minimum in case there are any challenges with the main account.",Red_n_Rusty,1,2025-10-08 11:52:32,Revolut,Reddit
nihd6vw,1nzdcbr,Revolut as main account - anything to worry about?,Always have a main bank such as hsbc ect as theses banks you never know with them,Mace2311279,1,2025-10-08 21:14:29,Revolut,Reddit
nil2izi,1nzdcbr,Revolut as main account - anything to worry about?,"Works great, until for some reason you cannot log in anymore and then Helpdesk sends you in loops without solving anything. There is nobody to reach out to… you end up communicating with a standard email that suggests you take certain steps that aren’t relevant for your issue. 
I’m glad that I didn’t use it for my salary…. No access for more than a week already",LeadingOk2421,1,2025-10-09 13:22:42,Revolut,Reddit
nipxit7,1nzdcbr,Revolut as main account - anything to worry about?,"yes , next question",splitbrainhack,1,2025-10-10 05:24:15,Revolut,Reddit
nisfw97,1nzdcbr,Revolut as main account - anything to worry about?,"I use metal for private and revo business for my business income. I get audited every year and yes it sucks, yes it's slow and yes the AML department is incompetent. But overall it works, no shady business so i get cleared every year. Revo business is to expensive for my liking to plan to switch in January when i don't need to convert my euro income to local currencies anymore.",aureliuszeno,1,2025-10-10 16:40:17,Revolut,Reddit
nisywrq,1nzdcbr,Revolut as main account - anything to worry about?,"yes, you have to worry because at some point they will close your account for no reason, but they let you to transfer the funds",zenkibanana,1,2025-10-10 18:13:20,Revolut,Reddit
nitmh9j,1nzdcbr,Revolut as main account - anything to worry about?,"It's just bullshit, I came back, it's going very well, it's no longer a liar",Gullible_Remote_9660,1,2025-10-10 20:10:47,Revolut,Reddit
nix4pc2,1nzdcbr,Revolut as main account - anything to worry about?,The post literally above this is revolt blocking someone’s main account.,Beartato4772,1,2025-10-11 11:35:27,Revolut,Reddit
n3ffh13,1m19e3p,Revolut Stole my Money,"The Financial Ombudsman will not take your case without a deadlock letter from Revolut. You need to raise an Official Complaint with Revolut. Once you have the result of that, if you are still unhappy, then go to the Ombudsman. The details of this whole process are covered on the website [here](https://www.revolut.com/legal/complaints-policy/). You have to exhaust all possible ways of resolving the issue with Revolut before going to the Ombudsman.",SirDinadin,23,2025-07-16 12:29:43,Revolut,Reddit
n3fj8tf,1m19e3p,Revolut Stole my Money,"A reverted payment wouldn't always show as received money from someone, if it was held it might not even show on the statement it'll just be added back to the account as it would have been held as pending, and then just cancelled.

But you say he sent £500 and that you were able to keep £250, which makes no sense. They cannot and would not split a transaction in half, something isn't adding up with your claim here.",Jazzlike_Quiet9941,14,2025-07-16 12:55:44,Revolut,Reddit
n3kyatt,1m19e3p,Revolut Stole my Money,It's always money mules that complain about closed accounts.,PmMeYourMug,19,2025-07-17 06:43:24,Revolut,Reddit
n3m34vx,1m19e3p,Revolut Stole my Money,"I only joined in may, im already thinking of closing the account. The constant notifications are a real pain in the arse and now I keep hearing sh**ty stories about them :/",mrfrye88,4,2025-07-17 12:38:10,Revolut,Reddit
n3nuley,1m19e3p,Revolut Stole my Money,I wanted Revolut to explain a transaction. All they said to me is that they need more information. I have no idea where my money went. This bank need looking into.,Parking-Pass2434,3,2025-07-17 17:58:56,Revolut,Reddit
n3lb7re,1m19e3p,Revolut Stole my Money,"i had my £20,000 house deposit in my revolut account and had absolutely 0 issues",mrs-alexturner,5,2025-07-17 08:35:50,Revolut,Reddit
n3sx6p0,1m19e3p,Revolut Stole my Money,Well I only just created the account and wasnt expecting a notification every pissing hour 🤣,mrfrye88,2,2025-07-18 13:12:14,Revolut,Reddit
n3lk84n,1m19e3p,Revolut Stole my Money,"Sounds like it might be a similar situation to what I went through. It's likely a reverse charge.

Have you sold anything to the value of £250 in the past month? If you have, make copies of the transactions details, including the person(s) you sold to and proof that they got what you sold. It'll be useful to the Ombudsman.

Revolut won't tell you the name of the person but they should be able to show you the transfer note of it going back to the persons bank. It won't have their name on it but it should have the banks name. That bank is unlikely to help you but it might help you narrow the transaction down.

Anyways, the Ombudsman should help you. I had a good experience with them.",Rusty-Knife,1,2025-07-17 10:01:35,Revolut,Reddit
n3lyq8g,1m19e3p,Revolut Stole my Money,Wtf,Intelligent_Layer934,1,2025-07-17 12:06:36,Revolut,Reddit
n3m8ayp,1m19e3p,Revolut Stole my Money,This title is like groundhog day in my notifications bar on my phone. Every day seeing this in the dropdown menu,Fruit_Fountain,1,2025-07-17 13:11:29,Revolut,Reddit
n3ma419,1m19e3p,Revolut Stole my Money,Original sender can be any of the people who recently sent you money. So check among the family members and friends you said that sent you money. Ask those who sent £250 as they cannot reverse more or less than what was sent.,moistandwarm1,1,2025-07-17 13:22:26,Revolut,Reddit
n3stx49,1m19e3p,Revolut Stole my Money,"You can do a GDPR data request, this way you'll have all transaction records, and maybe even the reason why your account was blocked.
I seriously doubt that they stole your money, most likely you just didnt figure out yet where it went.",Touliloupo,1,2025-07-18 12:51:06,Revolut,Reddit
n3uhjvo,1m19e3p,Revolut Stole my Money,Cash is key !!,Numerous-Drawer-3459,1,2025-07-18 17:54:36,Revolut,Reddit
n3v0xoe,1m19e3p,Revolut Stole my Money,"I'm afraid I can't offer much help beyond confirming that this issue is happening in other countries with Revolut as well. I experienced the same problem with an account in Spain. In fact, this practice has been widely reported there and is currently under investigation by the European Central Bank. Revolut provides almost no customer support, making it very difficult to reach anyone and resolve these kinds of issues.

My advice: if you have the option, it's best to move away from Revolut and keep calling them and sening them emails. Report in Linked, Reddit, X  and all the social networks you have available with a picture of your transacction. The marketing department will raise a red flag and perhaps you will receive your money.",carlosriven,1,2025-07-18 19:25:35,Revolut,Reddit
n3vok5f,1m19e3p,Revolut Stole my Money,"FYI if they suspect you are doing fraud they are legally not allowed to tell you or give away any details that might indicate their suspicion to you.

Most of the fraud detection systems are automated so if it flagged your account for some reason they’d have to look into it, freeze your account etc and not tell you anything because they’d be legally in trouble if they told you. They might be liable for tipping you off even if you weren’t actually doing fraud I believe.

Things that might raise a flag are an account dormant for a long time suddenly becoming active. Lots of unexpected small transactions, sudden big transactions etc, payments to strange countries or companies etc.",1youngshine,1,2025-07-18 21:21:57,Revolut,Reddit
n3vyzx0,1m19e3p,Revolut Stole my Money,Hi,NoRatio6169,1,2025-07-18 22:13:51,Revolut,Reddit
n3yw6ti,1m19e3p,Revolut Stole my Money,Pasidomėk ir pabandyk nueit į 'Genčių ratą' :),forewell_,1,2025-07-19 10:39:02,Revolut,Reddit
n3zzg6a,1m19e3p,Revolut Stole my Money,H,Academic_Smell_8326,1,2025-07-19 15:16:55,Revolut,Reddit
n4040cf,1m19e3p,Revolut Stole my Money,Follow,Pierman999999,1,2025-07-19 15:41:13,Revolut,Reddit
n407qle,1m19e3p,Revolut Stole my Money,Było to takie było to tak szczegółowy wyciąg bankowy z ostatniego miesiąca że dokładnie było widać szczegółowo kto robił jakie transakcje kto przelewa pieniądze gdzie ja wysyłałam pieniądze mogłam nawet przeglądając ten wyciąg sama usuwać niektóre transakcje na moim koncie typu jak robiłam jakieś drobne przelewy na przykład do mojej córki która była wpisana w odbiorcach automatycznie na moim koncie bankowym w revolucie jako po prostu już automatyczny żeby nie szukać nie wpisywać za każdym razem danych osobowych tak nie spodziewałam się tego ponieważ żadnym innym banku nie ma czegoś takiego w żadnym innym banku nie spotkałam się z czymś takim że przeglądając wyciąg bankowy mogłam na przykład którąś transakcję gdzieś usunąć gdzieś schować gdzieś ukryć a tutaj jednak w tym właśnie w revolucie jest to możliwe i jest to wszystko do znalezienia proponowałabym zalogować się na revoluta na komputerze ponieważ komórka nie wszystkie ma opcje szczegółowych ustawień tak jak na przykład komputer może być tak że logując się do swojego banku w revolucie na komputerze będzie pani miała więcej opcji dotyczące tej właśnie transakcji nawet jeżeli klienci revolut by pracownicy przepraszam revoluta tłumaczył się że połowa pieniędzy powróciła do pierwszej pierwotnego klienta który robił pani przelew tak No to widziałaby pani co nas na swoim koncie widziałaby pani datę widziałaby pani godzinę i dokładnie imię nazwisko tak jak pani widziała dany kuzyna który robił pani pierwszy przelew na kwotę funtów tak możliwe że jedyne co może być pani poszkodowana że wzięli jakąś minimalną dosłownie opłatę za po prostu zrobione przelew w innej walucie jeżeli Pani nie zgłaszała że będzie pani też prowadzić konto na przykład nie tylko w jednej przykładowej tam nie wiem w złotówce ale też w innych walutach pozagranicznych tak nie jest to też taka duża kwota żeby Bóg wie ile Bank sobie naliczał jakiś tam dodatkowych procentowych opłat nawet jeżeli Pani nie pomyślała A może kiedyś będę potrzebowała w innej walucie i założę sobie z automatu po prostu podwójne konto bo to wtedy wiadomo jak się ma w swojej walucie tak regionalnej i i zgłasza się dodatkową walutę tak jak ja mam na przykład w złotówkach i w euro no to nie jest jakaś dodatkowa opłata i nie płacę przez to jakiś dodatkowych podwójnych pieniędzy za prowadzenie konta tak także jest to jest to do znalezienia troszkę jest to czasochłonne mam nadzieję że uda się pani dojść do tego szczegółowego wyciągu w tej chwili tak z głowy nie jestem w stanie pani krok po kroku powiedzieć gdzie to trzeba szukać ale podejrzewam że jak pani tak po kolei po kolei w ustawieniach będzie sobie po prostu wchodziła w każdą opcję w każdy temat to pani do tego dojdzie życzę powodzenia i oby się pani udało odzyskać te te pieniądze jedyny minus w rewolucie est taki taki że po prostu no wiadomo jest to bank od niedawna on dopiero się rozszerza dopiero wprowadza dodatkowe lub doskonalenia dla klienta żeby było łatwiej prościej po prostu operować kontem i żeby klient był zadowolony że ich usług i nie odchodził od nich do innego banku nie ma informacji na koncie jeżeli jest że blokada komornicza bądź jakiekolwiek inne zadłużenia czy to z urzędu czy państwowe czy jakiekolwiek inne nie mówię że tak akurat będzie w pani przypadku podejrzewam że z biegiem czasu będzie to również widoczne No bo tak jak od niedawna wprowadzili też płatność blikiem co jest bardzo dużym ułatwieniem dla mnie jednej osoby wiadomo tak to się rozszerzają się z blikiem że za chwilę będą przelewy na numer telefonu BLIK w tej chwili tego jeszcze nie ma także no podejrzewam że nawet jeżeli by pani miała jakieś tam zadłużenia czy coś no to wiedziałaby pani że mogłoby to na to pójść i dlatego gdzieś tam te pieniądze zostawał automatycznie pobrane bo komornik na przykład poinformował nie mówię że tak jest nie tylko sugeruje że może gdzieś tam taka sytuacja też mieć miejsce i wtedy Bank nawet jak się dzwoni na infolinię nie przekazuje informacji szczegółowych jaki to jest komornik przykładowo i jakie jego dane są tylko w najlepszym wypadku i to tylko od ich dobrej woli zależy imię nazwisko komornika i z jakiego miasta nic więcej nie powiedzą bo się bronią danymi osobowymi bo wiadomo w naszych polskich bankach no są takie powiadomienia osobno w rubryce wiadomości powiadomienia także została nałożona blokada komornicza od jakiego komornika sygnatura komornicza i tak dalej i tak dalej tak no revolut tego nie ma życzę powodzenia miejmy nadzieję że pani odzyska te pieniądze wiadomo no nie jest to duża kwota ale mimo wszystko pieniądz to jest pieniądz wszystkiego dobrego.,kajdakajda85,1,2025-07-19 16:00:41,Revolut,Reddit
n44cqj6,1m19e3p,Revolut Stole my Money,Revolut it’s the best Bank in the world 🏛️🏛️,Slight_Ad5625,1,2025-07-20 06:40:31,Revolut,Reddit
n44qv0y,1m19e3p,Revolut Stole my Money,You need just waiting this process still will be doing around 3-6 months,Zlatimladiy88,1,2025-07-20 08:48:41,Revolut,Reddit
n454zk8,1m19e3p,Revolut Stole my Money,"Sounds like “I send you crypto, you send me Revolut” case. MONEY LAUNDERING. Case closed. Go to courts if you want",tomsarik,1,2025-07-20 11:06:53,Revolut,Reddit
n45bhcc,1m19e3p,Revolut Stole my Money,"I believe Revolut is part of a massive scheme that does these sorts of things on a small scale(small amounts $), and try to stay under the radar. I had an incident with Trust Wallet app, except it was $50k worth of BTC. I followed the transactions but it was distributed across MULTIPLE other wallets.. We MUST bring as much attention to matters like this as we can.. I’m sure MANY other people have experienced the same thing but didn’t shedu light on it. This PARASITIC, lawless in your face, protected by big organizations, SHOULDN’T be acceptable and those associated in such behavior should be held accountable, looked into, bring ALL OTHERS connected to them and hold them in contempt at the harshest degree.. People working their asses off until scum corporations can easily scoop it up and give you the middle finger. Nope. There’s a lootttt more businesses doing the same BS.",PandaGlobal9348,1,2025-07-20 12:07:06,Revolut,Reddit
n4fl08q,1m19e3p,Revolut Stole my Money,"Must have did something dodgy , or maybe subscribed to or had something charged to that account that was pending its highly unlikely that they'd steal a small £250 when they have clients whom have hundreds of thousands and millions of dollars, if that was the case they wouldn't waste time with £250 that's like spare change to them personally id check my transaction history, and secondly why would you get your cousin to send money to your revolut account and not your normal bank account because it takes an hour to arrive when you could have sent it to your local bank which would have been quicker since you and sender are in the same city, unless your bank is a joint account with your husband and he would see the persons name on the transaction who he knows is probably not your cousin but a colleague or friend of his and would put 2 and 2 together I like revolut its handy asf I use it for things like top up crypto, buying and selling plus I get all the benefits of the subscriptions they offer with premium which if I bought these subscriptions single I'd be dishing out money but with premium I'm basically getting it free revolut is good I've had no issues to date and love that I have a card that has my designer signature ",Foreign_Bar_2280,1,2025-07-22 00:30:03,Revolut,Reddit
nu938nd,1m19e3p,Revolut Stole my Money,"Revolut doesnt steal your money just by closing your account and sending your money back- they also like to steal it while you make legit transaction and not send it to the recipient. They are keeping my money like that for 1 month now. You can check it on this thread:


https://www.reddit.com/r/Revolut/comments/1plkq13/beware_of_revolut_keeping_your_money/",Slow_World9796,1,2025-12-16 00:36:33,Revolut,Reddit
n3fzceu,1m19e3p,Revolut Stole my Money,You're not alone. I ditched them too for the exact same thing ,TheUser_1,2,2025-07-16 14:30:44,Revolut,Reddit
n3falb9,1m19e3p,Revolut Stole my Money,You have to provide actual details? Where are you based and where is the account domiciled? To what country are you sending the money?,IvanStarokapustin,1,2025-07-16 11:53:03,Revolut,Reddit
n3hx67e,1m19e3p,Revolut Stole my Money,I read monkey,PreparationFinal1689,0,2025-07-16 20:19:44,Revolut,Reddit
n3lu06c,1m19e3p,Revolut Stole my Money,Operation chokepoint 2.0,AdImpressive5490,0,2025-07-17 11:29:56,Revolut,Reddit
n3s0kz1,1m19e3p,Revolut Stole my Money,"Well, they’ve just expanded their operations to Israel. Your money was promised to them 4000 years ago.",ammondo,0,2025-07-18 08:37:31,Revolut,Reddit
n3tk9sy,1m19e3p,Revolut Stole my Money,"They are the best bank ever had , never they will do it . I am sure either you have been hacked or it takes time to do it. Keep sending and talking to them . It is a very relabel   bank online.",Society507,0,2025-07-18 15:17:43,Revolut,Reddit
n3zgq04,1m19e3p,Revolut Stole my Money,Lier .. revolut will not scam never,CryptoMover92,0,2025-07-19 13:24:13,Revolut,Reddit
n3fmfox,1m19e3p,Revolut Stole my Money,"Hi! We're sorry to hear about your experience and appreciate you bringing this to our attention. We'd like to review your case in more detail, and we've sent you a DM to find out more.

As a regulated financial institution, we’re required to regularly review accounts to ensure compliance with evolving financial regulations. At Revolut, the security of our customers and adherence to these regulations across all the countries we operate in is our top priority. In some cases, this may lead to difficult decisions, such as account closures.

You can read more about why this may have happened in our Personal Terms: https://www.revolut.com/legal/terms/. In the meantime, there’s a DM from us in your inbox already.",RevolutSupport,-2,2025-07-16 13:16:15,Revolut,Reddit
n3gzhbf,1m19e3p,Revolut Stole my Money,"No, no, no, they can’t steal your money. Come on there’s paper trails for everything they’re not feeds.
bull8anks 
ps things take time to work with their rules and regulations. They do their 100% plus best I’m a great supporter of Revolut.
JB",Cold-Singer6439,-2,2025-07-16 17:46:24,Revolut,Reddit
mq1zapq,1kca322,"Revolut closed my account 16 days before deadline — after 3 years and €50/month ULTRA, while I was recovering from a car accident. No warning. No appeal.",Imagine paying 50 eur a month for a bank account,sselmia,97,2025-05-01 18:42:22,Revolut,Reddit
mq0yq2v,1kca322,"Revolut closed my account 16 days before deadline — after 3 years and €50/month ULTRA, while I was recovering from a car accident. No warning. No appeal.","You seem to have a history of bad experiences with revolut? After your last problem, I thought you would have found a new service?

https://www.reddit.com/r/Revolut/s/YP6O1EOJT0",Available-Talk-7161,61,2025-05-01 15:44:08,Revolut,Reddit
mq0yfai,1kca322,"Revolut closed my account 16 days before deadline — after 3 years and €50/month ULTRA, while I was recovering from a car accident. No warning. No appeal.",I had the same problem with revolut once. I uploaded the documents one day before the deadline and haven't received any confirmation or response to date. That was two months ago. Maybe try to contact them via social media.,Slow-Scientist-3330,6,2025-05-01 15:42:40,Revolut,Reddit
mq2dx5g,1kca322,"Revolut closed my account 16 days before deadline — after 3 years and €50/month ULTRA, while I was recovering from a car accident. No warning. No appeal.",Takes about ~3 minutes to upload proof of income / funds (That is if you can prove it).,panda_kc,12,2025-05-01 19:53:37,Revolut,Reddit
mq3uly2,1kca322,"Revolut closed my account 16 days before deadline — after 3 years and €50/month ULTRA, while I was recovering from a car accident. No warning. No appeal.",It this your fucking money or not?,pawelbajnosz,4,2025-05-02 00:24:24,Revolut,Reddit
mq5jf4m,1kca322,"Revolut closed my account 16 days before deadline — after 3 years and €50/month ULTRA, while I was recovering from a car accident. No warning. No appeal.","This is why you use revolut as a travel debit card, and even then only if you can't get a credit card for travel.

They're not a serious bank, for everyday banking.",Taken_Abroad_Book,6,2025-05-02 07:14:16,Revolut,Reddit
mqc5jv5,1kca322,"Revolut closed my account 16 days before deadline — after 3 years and €50/month ULTRA, while I was recovering from a car accident. No warning. No appeal.","Bro, they did not have ultra option 3 years ago. It became available last year. The max tier was metal",Careful-Lavishness42,3,2025-05-03 08:45:07,Revolut,Reddit
mq2gt4d,1kca322,"Revolut closed my account 16 days before deadline — after 3 years and €50/month ULTRA, while I was recovering from a car accident. No warning. No appeal.",This can happen with any banks. Banks are regulated and need to follow laws/regulations. If you don't provide what is needed then any bank can close your account,Efficient_Bench_1559,4,2025-05-01 20:07:52,Revolut,Reddit
mq63pvn,1kca322,"Revolut closed my account 16 days before deadline — after 3 years and €50/month ULTRA, while I was recovering from a car accident. No warning. No appeal.","Legally, they cannot simply close your account without providing notice, unless there are specific grounds outlined in the terms and conditions. If you believe the closure was unjustified, you can escalate the matter to the relevant financial regulator. The fact that you were paying for the account does not change your rights in this situation.",Sattva_Guy,2,2025-05-02 10:43:52,Revolut,Reddit
mq6qh9x,1kca322,"Revolut closed my account 16 days before deadline — after 3 years and €50/month ULTRA, while I was recovering from a car accident. No warning. No appeal.","Write them, truly hope they show sympathy to you and handle this properly. Otherwise this is really concerning indeed. I agree they need to be strict on AML topics, but they should show some humanity (and interest in their customers) and spend the time to review your situation.

Good luck and update us, I want to see how they handle this for my own decision if this company is trustworthy or not.",JalanRama,2,2025-05-02 13:39:50,Revolut,Reddit
mq91uoz,1kca322,"Revolut closed my account 16 days before deadline — after 3 years and €50/month ULTRA, while I was recovering from a car accident. No warning. No appeal.",For 600 Euros/year you can have an Amex platinum.,Tulex,2,2025-05-02 20:31:25,Revolut,Reddit
mq16ybm,1kca322,"Revolut closed my account 16 days before deadline — after 3 years and €50/month ULTRA, while I was recovering from a car accident. No warning. No appeal.",The only problem with revolut is that they have not yet reported you as a scammer to authorities.,QuipsterSavant,5,2025-05-01 16:24:33,Revolut,Reddit
mq117dx,1kca322,"Revolut closed my account 16 days before deadline — after 3 years and €50/month ULTRA, while I was recovering from a car accident. No warning. No appeal.",This happens with any bank. That is why you have 2 of them.,Japparbyn,3,2025-05-01 15:56:25,Revolut,Reddit
mq3ie6t,1kca322,"Revolut closed my account 16 days before deadline — after 3 years and €50/month ULTRA, while I was recovering from a car accident. No warning. No appeal.",“Is this how Revolut treats loyal customers who trusted them as their primary bank?” - yes. They are usless shits,IndependentResult304,2,2025-05-01 23:15:15,Revolut,Reddit
mq0wif2,1kca322,"Revolut closed my account 16 days before deadline — after 3 years and €50/month ULTRA, while I was recovering from a car accident. No warning. No appeal.",👀,roosoriginal,1,2025-05-01 15:33:07,Revolut,Reddit
mq60555,1kca322,"Revolut closed my account 16 days before deadline — after 3 years and €50/month ULTRA, while I was recovering from a car accident. No warning. No appeal.",Their customer support did not want to confirm if my IBAN is correct unless I re-verify my ID! Paying account verified for years with un-expired ID. ,upscaleHipster,1,2025-05-02 10:06:30,Revolut,Reddit
mq6myau,1kca322,"Revolut closed my account 16 days before deadline — after 3 years and €50/month ULTRA, while I was recovering from a car accident. No warning. No appeal.","This happened to me with Starling for absolutely no reason, no warning, no appeal, no nothing. I’ve actually changed to Revolut instead so hoping I don’t need to go through that again, it was a nightmare 😭",StefanB7,1,2025-05-02 13:17:29,Revolut,Reddit
mq74xvo,1kca322,"Revolut closed my account 16 days before deadline — after 3 years and €50/month ULTRA, while I was recovering from a car accident. No warning. No appeal.","That happened to me, and I haven’t used it since.",kedomonzter,1,2025-05-02 15:01:01,Revolut,Reddit
mq7fqs8,1kca322,"Revolut closed my account 16 days before deadline — after 3 years and €50/month ULTRA, while I was recovering from a car accident. No warning. No appeal.","Don’t go to Monzo either, they closed my account.",1zayn5,1,2025-05-02 15:53:50,Revolut,Reddit
mq7jqb8,1kca322,"Revolut closed my account 16 days before deadline — after 3 years and €50/month ULTRA, while I was recovering from a car accident. No warning. No appeal.","they do not close it down completely, first they close it for topping up from external bank accounts. Then if you still do not upload the necessary docs, then they close access after 6 months. Otherwise, you do continue using the account as it was before (once the docs are uploaded).
At least this is what happened to me for the tax ID document submission and I believe they gave me decent amount of time to provide them.
The same rules should apply to other docs as well.",Dangerous-Court9568,1,2025-05-02 16:12:49,Revolut,Reddit
mq7o9wk,1kca322,"Revolut closed my account 16 days before deadline — after 3 years and €50/month ULTRA, while I was recovering from a car accident. No warning. No appeal.","Currently happening to me sorta, I got 6 days to upload the documents and I can’t upload screen shots even though one of the options is ‘convos with friends and family about gifted money etc’ screenshot to explain where the phones are and what they’re for plus all of the receipts I’ve got for things that I’ve bought with my money because obviously I don’t know how to fucking clean that and it’s not the case anymore where you print out every single text not like every day, but I guess my dad did, makes sense all the extra things he used to do now lol. 10k has gone through my account in the last month which is an unusual amount of money for me but the funds are from a neighbour of bottom floor of my block of apartments, he hasn’t had both legs amputated, he has no way to get to cash machine or no carer well you did have a car but it happens to just be his girlfriend who wanted to give his money I didn’t realise you had so much and yes she could get her hands on a little bit and then fucked off and then he fired his social worker carers because they made him feel uncomfortable and I think he did that before his horrible ‘girlfriend carer’ made a runner with some of his cash because she had this massive hold over him and she managed to tell him to get rid of them. She also stole his card and his pin and had his key and when his new card arrived she stole that too, all in the space of about 3 weeks. So right now he sends me money for 1. His everyday essentials, 2. Money he asks me to withdraw, 3. Medication 3. Rent 4. All things that you would need -  I didn’t realise you have to PAY for ambulance rides Jesus I’m such a retard. If I lose the account I lose the account I’ll be gutted. That’s so many more expenses too like hrs just been given a disabled friendly flat from council swap i think and he’s had to fill it with furniture his old flat was a state. So I’ve got all the records for what I’ve bought, but some from marketplace on fb. So screenshots all I have. I’m gonna put it alll into aPDF or something",Scared_Brief3030,1,2025-05-02 16:34:14,Revolut,Reddit
mq7uy9a,1kca322,"Revolut closed my account 16 days before deadline — after 3 years and €50/month ULTRA, while I was recovering from a car accident. No warning. No appeal.",I'm really starting to trust Revolut if they are dumping this guy.,Kameowasaab,1,2025-05-02 17:05:45,Revolut,Reddit
mq8vvgs,1kca322,"Revolut closed my account 16 days before deadline — after 3 years and €50/month ULTRA, while I was recovering from a car accident. No warning. No appeal.","Yes it is, revolut do this very often. Never use it as main bank.",OkTry9715,1,2025-05-02 20:01:45,Revolut,Reddit
mqa1v8t,1kca322,"Revolut closed my account 16 days before deadline — after 3 years and €50/month ULTRA, while I was recovering from a car accident. No warning. No appeal.","I said it before, and I'll say it again:  Revolut is a f\*cking SCAM!",Humble_Golf_6056,1,2025-05-02 23:38:13,Revolut,Reddit
mqbwiup,1kca322,"Revolut closed my account 16 days before deadline — after 3 years and €50/month ULTRA, while I was recovering from a car accident. No warning. No appeal.",Hi there! We're sorry to hear that your experience with us has made you feel this way and that you've faced such issues with your account. We'd appreciate the opportunity to address your concerns directly. There's a DM from us so that we can review this further and assist. Thanks.,RevolutSupport,1,2025-05-03 07:14:24,Revolut,Reddit
mqcs2vu,1kca322,"Revolut closed my account 16 days before deadline — after 3 years and €50/month ULTRA, while I was recovering from a car accident. No warning. No appeal.",They are the worst. I bought some btc back then when it crashed because of covid. Then out of nowhere revolut blocked my account and wanted documents. No problem till here. But those **** (input whatever you want here) took the money from my crypto investments and put it back to cash. So i lost almost all the gain btc had in this time.,C11H13N02,1,2025-05-03 12:29:35,Revolut,Reddit
mqddzzl,1kca322,"Revolut closed my account 16 days before deadline — after 3 years and €50/month ULTRA, while I was recovering from a car accident. No warning. No appeal.","Yeah, there is absolutely more to this story as usual",BitSoMi,1,2025-05-03 14:57:18,Revolut,Reddit
mqmg4m7,1kca322,"Revolut closed my account 16 days before deadline — after 3 years and €50/month ULTRA, while I was recovering from a car accident. No warning. No appeal.",Revolut support sucks. They don’t give a 💩 about its customers. Customer support is very poor 🤷‍♂️,Guru-Muscle,1,2025-05-05 00:53:12,Revolut,Reddit
mqney7q,1kca322,"Revolut closed my account 16 days before deadline — after 3 years and €50/month ULTRA, while I was recovering from a car accident. No warning. No appeal.",I had exactly the same experience with Trade Republic,DesmondNav,1,2025-05-05 04:29:18,Revolut,Reddit
mqpwp43,1kca322,"Revolut closed my account 16 days before deadline — after 3 years and €50/month ULTRA, while I was recovering from a car accident. No warning. No appeal.",They did the same to me . All online banks are taking a piss they all do it monzo revolut etc. It happened to me with monzo and revolut,Odd_Team_6313,1,2025-05-05 16:13:46,Revolut,Reddit
mqqsjaa,1kca322,"Revolut closed my account 16 days before deadline — after 3 years and €50/month ULTRA, while I was recovering from a car accident. No warning. No appeal.",You trusted Revolut to use as a primary bank?,Fruit_Fountain,1,2025-05-05 18:48:32,Revolut,Reddit
mq2d2pb,1kca322,"Revolut closed my account 16 days before deadline — after 3 years and €50/month ULTRA, while I was recovering from a car accident. No warning. No appeal.",Use crypto,DigitaICriminal,1,2025-05-01 19:49:28,Revolut,Reddit
mq32h9m,1kca322,"Revolut closed my account 16 days before deadline — after 3 years and €50/month ULTRA, while I was recovering from a car accident. No warning. No appeal.",Absolutely ridiculous.. Why not downgrade the account and keep the customer .,sub_RedditTor,0,2025-05-01 21:52:14,Revolut,Reddit
mq10h7g,1kca322,"Revolut closed my account 16 days before deadline — after 3 years and €50/month ULTRA, while I was recovering from a car accident. No warning. No appeal.",Did they take your money ???? Or did they send a cheque to you ?,unhappycustomer82,-1,2025-05-01 15:52:47,Revolut,Reddit
mq4v2i3,1kca322,"Revolut closed my account 16 days before deadline — after 3 years and €50/month ULTRA, while I was recovering from a car accident. No warning. No appeal.",Seems like they are going on a scam streak,PresentLeading3102,-1,2025-05-02 04:01:41,Revolut,Reddit
n64txwi,1mdwekw,Revolut just doesn't work with any Xiaomi device,"I had similar problems with my old phone, funny thing is only way to resolve this is to actually unlock the bootloader, root the phone and add play integrity fixes from third parties.

There is bunch of posts on XDA Forum and other places on how to do this.

Trying to increase security this way only makes the app less accessible and forces users to use insecure methods to get around this unnecessary enforcement.",clarkinum,64,2025-07-31 10:13:54,Revolut,Reddit
n64vu1j,1mdwekw,Revolut just doesn't work with any Xiaomi device,"I understand you’re using the stock firmware, but did you unlock it at some point? 

Settings &gt; System Info &gt; Tap version until developer pop up 

Settings &gt; Developer Settings &gt; OEM Unlock

Im not sure why you would’ve if you’re running stock firmware and never intended to change it, but it could cause the device to read as insecure to some banking apps if you did. Otherwise aside from factory resetting and hoping that fixes something, I’m out of ideas.",hhyyllii,21,2025-07-31 10:31:55,Revolut,Reddit
n64sqnw,1mdwekw,Revolut just doesn't work with any Xiaomi device,I have a xiaomi phone and revolut works just fine,instaaionut,50,2025-07-31 10:02:21,Revolut,Reddit
n64s6ds,1mdwekw,Revolut just doesn't work with any Xiaomi device,Please do not blame Revolut for getting poor play integrity reports from your phone.,willyhun,42,2025-07-31 09:56:56,Revolut,Reddit
n64v1aa,1mdwekw,Revolut just doesn't work with any Xiaomi device,"I have no problems with my Xiaomi 13T pro.

I use the current global firmware version: 2.0.200.0.VMLMIM",Electronic-Chef-807,6,2025-07-31 10:24:24,Revolut,Reddit
n64s8me,1mdwekw,Revolut just doesn't work with any Xiaomi device,"Not this shite again..

This is really easy.

You want to use revolut. Revolut are a private company, they're not a freedom for all company or a government agency etc, if they don't like something about you or your device that you're accessing from, that's their perogative.",Available-Talk-7161,22,2025-07-31 09:57:32,Revolut,Reddit
n64x8hv,1mdwekw,Revolut just doesn't work with any Xiaomi device,"Hey, if you bought your Xiaomi in China you are stuck on a China ROM and there is nothing you can really do.... Thats why the phone was so cheap in china",Successful-Soft-1499,3,2025-07-31 10:44:57,Revolut,Reddit
n65stgc,1mdwekw,Revolut just doesn't work with any Xiaomi device,"https://preview.redd.it/je4bh9bon7gf1.png?width=1072&amp;format=png&amp;auto=webp&amp;s=851d0b18821a81da7988958b1be6f3180314b20f

I've no clue if you're having the same problem as I did - for me the app refused to update and in the play store it said that it doesn't exist for my device.

I fixed it 3 times like this - so i wrote it down for myself. Can't hurt to try. I have a Mi 14 Ultra.",andyet2900nj,3,2025-07-31 14:21:40,Revolut,Reddit
n6hzobs,1mdwekw,Revolut just doesn't work with any Xiaomi device,"I don't understand what the point of blocking rooted devices is. It's not like you can magically ""hack"" the app and give yourself infinite money.

One could argue that it could potentially steal your account info, but I doubt that's stored on the device, and should be requested from their servers every time you open the app. Plus, the PIN code should be used to encrypt the app's data.

If someone really wants to steal your account, they'd probably exploit some zero-day vulnerability, at which point it doesn't matter if you have rooted or not.

The same applies to Play Integrity, which they supposedly don't use though, but rather some company's proprietary library that does its own checks.",br0kenpixel_,3,2025-08-02 10:16:36,Revolut,Reddit
n64u6ue,1mdwekw,Revolut just doesn't work with any Xiaomi device,My wife has Xiaomi and Revolut works perfectly fine,Laqeith,4,2025-07-31 10:16:18,Revolut,Reddit
n65144t,1mdwekw,Revolut just doesn't work with any Xiaomi device,"Just reporting here I have a Mi 9 SE and my wife a Redmi 13 and both work without any issues at all. Just a regular APP. Maybe worth noting we bought the phones in Europe.
Got more family and friends with Xiaomi phones and they also all work.",tonecc,2,2025-07-31 11:19:10,Revolut,Reddit
n65cpf5,1mdwekw,Revolut just doesn't work with any Xiaomi device,"Can you confirm that under the ""Google Play / Settings / About Google Play / Play Protect certification"" you have ""Device is certified""? Xiaomi is well known for breaking Google certification with their OTA updates sometimes.",Alexious_sh,2,2025-07-31 12:46:48,Revolut,Reddit
n64sbnw,1mdwekw,Revolut just doesn't work with any Xiaomi device,"Xiaomi phones have had a lot of issues with Google Play Integrity, blame your manufacturer, not Revolut.",ReloadRedditLater,5,2025-07-31 09:58:20,Revolut,Reddit
n651fij,1mdwekw,Revolut just doesn't work with any Xiaomi device,Everyone I know has Xiaomi phones and it works great for years.,MrTenDollarMan-,2,2025-07-31 11:21:50,Revolut,Reddit
n6985bo,1mdwekw,Revolut just doesn't work with any Xiaomi device,How CAN Revolut have banking license of they do not offer at least web version of their banking? EU is corrupt shit.,OkTry9715,2,2025-08-01 00:17:35,Revolut,Reddit
n654r72,1mdwekw,Revolut just doesn't work with any Xiaomi device,"Me and my friends all have Xiaomi phones and Revolut works perfectly fine. Also you are extremely disrespectful in your writing, I wouldnt want to support you if you are acting like that.",RaenDropzZ,3,2025-07-31 11:49:07,Revolut,Reddit
n64vjf1,1mdwekw,Revolut just doesn't work with any Xiaomi device,I'm on Xiaomi as I type this and Revolut works perfectly fine.,Bulky_Wind_4356,1,2025-07-31 10:29:08,Revolut,Reddit
n64wlvr,1mdwekw,Revolut just doesn't work with any Xiaomi device,"Xiaomi 15 ultra here, works fine.",jacksonuk1988,1,2025-07-31 10:39:11,Revolut,Reddit
n64xpdh,1mdwekw,Revolut just doesn't work with any Xiaomi device,I habe xiaomi and never had issue with revolut,seaburgler,1,2025-07-31 10:49:12,Revolut,Reddit
n64xqhc,1mdwekw,Revolut just doesn't work with any Xiaomi device,"Hello, I have three Xiaomi Android devices from Android 13 to Android 16 and I have zero problems with Revolut. Nothing is modified firmware wise btw.

Have a good day.",stranded,1,2025-07-31 10:49:29,Revolut,Reddit
n64z6jm,1mdwekw,Revolut just doesn't work with any Xiaomi device,This is not revoluts fault they have a security standard that some phones don't meet it's really not there fault,SnooPickles7970,1,2025-07-31 11:02:21,Revolut,Reddit
n650coy,1mdwekw,Revolut just doesn't work with any Xiaomi device,Worked for me on my Poco X3 Pro and my current X7 Pro and my wife's Redmi Note 5,jaqian,1,2025-07-31 11:12:40,Revolut,Reddit
n657too,1mdwekw,Revolut just doesn't work with any Xiaomi device,What are you saying my last 2 phones were Xiaomi and revolut worked without issues,mushykindofbrick,1,2025-07-31 12:12:17,Revolut,Reddit
n658a91,1mdwekw,Revolut just doesn't work with any Xiaomi device,Works on mine xiaomi note 10.,harbour37,1,2025-07-31 12:15:41,Revolut,Reddit
n65agde,1mdwekw,Revolut just doesn't work with any Xiaomi device,Using a Redmi note 12 pro with revolut just fine,pistaachos,1,2025-07-31 12:31:18,Revolut,Reddit
n65ct3n,1mdwekw,Revolut just doesn't work with any Xiaomi device,I use my chinese Xiaomi 15 pro with revolut and have no issues,kglres,1,2025-07-31 12:47:30,Revolut,Reddit
n65h696,1mdwekw,Revolut just doesn't work with any Xiaomi device,"You modified something on your device, I have 3 Xiaomi and none of them have any problems, one of them is the 13 pro 5g plus.",SystemRPG,1,2025-07-31 13:15:09,Revolut,Reddit
n65ht16,1mdwekw,Revolut just doesn't work with any Xiaomi device,"Xiaomi 14, no problems",red__flag_,1,2025-07-31 13:18:57,Revolut,Reddit
n65ilfj,1mdwekw,Revolut just doesn't work with any Xiaomi device,They got no idea what they are talking about.,sub_RedditTor,1,2025-07-31 13:23:38,Revolut,Reddit
n66jq4e,1mdwekw,Revolut just doesn't work with any Xiaomi device,I'm using a Xiaomi device and Revolut has never failed for me lol,Zvenillam,1,2025-07-31 16:32:20,Revolut,Reddit
n676zf9,1mdwekw,Revolut just doesn't work with any Xiaomi device,Just get a proper phone.. no offense no chinese shit,Mysterious_Ebb_9570,1,2025-07-31 18:20:27,Revolut,Reddit
n67phrs,1mdwekw,Revolut just doesn't work with any Xiaomi device,Where did you buy the phone?,ITshneGG,1,2025-07-31 19:45:44,Revolut,Reddit
n6a5lkl,1mdwekw,Revolut just doesn't work with any Xiaomi device,"thats strange, i used to have one and never had an issue",Unbearableyt,1,2025-08-01 03:35:16,Revolut,Reddit
n6baakh,1mdwekw,Revolut just doesn't work with any Xiaomi device,"That's odd, I have a Xiaomi Mi 10 (probably gotten around 2019-2020 if I recall correctly) and my revolut has worked just the same since I got the app.",Emypony,1,2025-08-01 08:58:22,Revolut,Reddit
n6bed3o,1mdwekw,Revolut just doesn't work with any Xiaomi device,"My shitty phone was delivered with unlocked bootloader and is still under Android 13 with no update availaible... That's probably explain why Revolut blocks it.

I'm never buying Xiaomi again",Fluid_Climate_3588,1,2025-08-01 09:37:00,Revolut,Reddit
n6ckudp,1mdwekw,Revolut just doesn't work with any Xiaomi device,That's odd. I got two phones. One of them being a Redmi Note 13 Pro+ 5G. Revolut works without any issue here.,Felynka,1,2025-08-01 14:43:17,Revolut,Reddit
n6eop0i,1mdwekw,Revolut just doesn't work with any Xiaomi device,Xiaomi doesnt follow Android Dev Rules that’s why they use their own modified BIOS ..,Smooth_Register8242,1,2025-08-01 20:49:38,Revolut,Reddit
n6h5cs5,1mdwekw,Revolut just doesn't work with any Xiaomi device,It works perfectly fine for me in 7 years and 2 different Xiaomi phones,Legitimate_Cry_5194,1,2025-08-02 05:35:09,Revolut,Reddit
n6u1yrg,1mdwekw,Revolut just doesn't work with any Xiaomi device,"Poco x4 pro, redmi note 11 pro 5g and redmi note 10 pro in our house. All bought from mi uk and fine with all banking apps including revolut for years. Theyve all ran out of security updates also. Ive never heard of anyone having revolut issues with Xiaomi but most people here (Ireland) would buy UK models. Not global.",Odd_Jicama_8094,1,2025-08-04 08:56:38,Revolut,Reddit
nlzhsgl,1mdwekw,Revolut just doesn't work with any Xiaomi device,"I've just experienced this issue as well but the Revolut Business team guided me through the, very silly based on security, work around. If you can't add your physical card to your Google Wallet, you may be able to add a virtual Only card. To do that you need to:

\- sign on to Revolut Business (and be an admin account holder)

\- go to ""Cards"" then ""Add new card"" then ""create virtual card"" 

\- set that up however you want it then add the Virtual Only Card to your Google Wallet

you can still use the physical card And mobile contactless that way but the cards will have different long numbers",paprikapants,1,2025-10-29 10:44:53,Revolut,Reddit
n64u4lc,1mdwekw,Revolut just doesn't work with any Xiaomi device,Do people not realize that Xiaomi is chinese spyware?,badman66666,0,2025-07-31 10:15:40,Revolut,Reddit
n64z9kb,1mdwekw,Revolut just doesn't work with any Xiaomi device,"Actually i just realised that my shitty 1500€ phone has not got any update un 2 years. Il still on Android 13 MIUI 14.0.5 while i should be on Android 15 with HyperOS 2.0...

That might be the issue",Fluid_Climate_3588,1,2025-07-31 11:03:06,Revolut,Reddit
n64ta7m,1mdwekw,Revolut just doesn't work with any Xiaomi device,"Bro missed the sub, this ain't Revolut's problem my dude.",VigilanteRabbit,0,2025-07-31 10:07:34,Revolut,Reddit
n64toei,1mdwekw,Revolut just doesn't work with any Xiaomi device,"Hi there, we're sorry to hear that you feel this way with our service. We've previously sent some information regarding this matter via private message. If you have further questions or concerns that we can help you with, we kindly ask you to raise them via DM. We'll do our best to assist you. Thanks for understanding.",RevolutSupport,0,2025-07-31 10:11:21,Revolut,Reddit
n653k7x,1mdwekw,Revolut just doesn't work with any Xiaomi device,"1. Buys Chinese phone
2. Banking app does not work due to the phone being Chinese
3. Proceeds to blame the bank",Pols043,-1,2025-07-31 11:39:33,Revolut,Reddit
nuh881x,1polskq,Revolut Mobile plans available now in Poland and UK,"UK pricing is £12.50/1750points 
Unlimited UK data, calls and SMS
50gb roaming EU and USA 
100 roaming minutes and texts 
Nord VPN standard
Messaging pass (250mb to use while roaming on slowed data speeds to keep you connected)

Price rises to £14.99 in March 2026

Speeds mentioned 100mbps cap but mine happily sits over 140mbps so possibly just a deterrent for high users",Maximoo89,21,2025-12-17 07:57:42,Revolut,Reddit
nuhhzyo,1polskq,Revolut Mobile plans available now in Poland and UK,"Great, now if they ban your Revolut for nothing, you also lose your number",qpoz,50,2025-12-17 09:34:40,Revolut,Reddit
nugz20x,1polskq,Revolut Mobile plans available now in Poland and UK,"Any bundle/offer if you are suscribed to any plan? (Plus, metal, ultra)?",otniel77,8,2025-12-17 06:33:35,Revolut,Reddit
nug8mbm,1polskq,Revolut Mobile plans available now in Poland and UK,Seems like good prices in Poland at least. Would be nice to know if there are speed limits or just full access to the network.,Bright_Magazine_8136,10,2025-12-17 03:19:22,Revolut,Reddit
nugbrnq,1polskq,Revolut Mobile plans available now in Poland and UK,Interesting. When to Portugal?,ruyrybeyro,3,2025-12-17 03:39:23,Revolut,Reddit
nuh8h2k,1polskq,Revolut Mobile plans available now in Poland and UK,I didn’t know even existed,Junior_Bike7932,2,2025-12-17 08:00:06,Revolut,Reddit
nuhzpgd,1polskq,Revolut Mobile plans available now in Poland and UK,When is it coming to Croatia?,Wumbolo83,2,2025-12-17 12:12:40,Revolut,Reddit
nui3vce,1polskq,Revolut Mobile plans available now in Poland and UK,"What network do they piggyback off in the UK? I assume with the pricing, three or sorry, vodathree",iamthabeska,2,2025-12-17 12:42:58,Revolut,Reddit
nuiey3z,1polskq,Revolut Mobile plans available now in Poland and UK,"The newsroom says it’s launching in Germany in 2025 as well. Does this promise still hold true? 

[Revolut to launch Mobile Plans in a direct challenge to traditional network providers](https://www.revolut.com/de-DE/news/revolut_to_launch_mobile_plans_in_a_direct_challenge_to_traditional_network_providers/)",notlupo,2,2025-12-17 13:51:16,Revolut,Reddit
nuk13vj,1polskq,Revolut Mobile plans available now in Poland and UK,"Will be curious to check when it comes to NL, but they’ll have to more than match my discount that I get for bundling home internet with my mobile. ",mikepictor,2,2025-12-17 18:47:31,Revolut,Reddit
nv1yx5j,1polskq,Revolut Mobile plans available now in Poland and UK,140mbit/s on 5g. Working ok. Transferred number over like a maybe working day,zwierzux,2,2025-12-20 16:43:03,Revolut,Reddit
nvphq59,1polskq,Revolut Mobile plans available now in Poland and UK,Anybody else only getting 4g? I switched from Vodafone which was giving me 5g previously.,Happyhippo101,2,2025-12-24 12:30:02,Revolut,Reddit
nuhobhx,1polskq,Revolut Mobile plans available now in Poland and UK,"Good to know, ngl, 25 PLN for 50 Gb seems very cheap",Asmodevus,1,2025-12-17 10:36:06,Revolut,Reddit
nuholv3,1polskq,Revolut Mobile plans available now in Poland and UK,"I’m based in Poland but can’t find the Mobile plans page

I did a force restart of the app but it still doesn’t show. All I have is the usual eSIM page",reduxis,1,2025-12-17 10:38:47,Revolut,Reddit
nuigrja,1polskq,Revolut Mobile plans available now in Poland and UK,What about Lithuania?,tomasv93,1,2025-12-17 14:01:37,Revolut,Reddit
nujk3gx,1polskq,Revolut Mobile plans available now in Poland and UK,"How does the additional numbers for £2 work? I’m currently with EE and I also pay for an additional sim for my mum. 

If I get this new sim will it be £12.50 for my eSIM and £2 for an additional one for my mum??",landerson07,1,2025-12-17 17:22:28,Revolut,Reddit
nujuo5r,1polskq,Revolut Mobile plans available now in Poland and UK,Would love to use it but I need sim card :P,MartinPL,1,2025-12-17 18:15:12,Revolut,Reddit
nujy2vs,1polskq,Revolut Mobile plans available now in Poland and UK,Any support for Apple Watch anytime soon? u/RevolutSupport,RealKaroSolo,1,2025-12-17 18:32:20,Revolut,Reddit
nuke6k6,1polskq,Revolut Mobile plans available now in Poland and UK,"Mainly blocked switching by:
- Apple Watch network access
- TNT sports subscriptions that comes with EE (can’t find cheaper than £30 as a standalone)

Anyone have any good ideas how to tackle these?",therave21,1,2025-12-17 19:51:59,Revolut,Reddit
nukmbz7,1polskq,Revolut Mobile plans available now in Poland and UK,"Exciting, wonder what it will be like in Ireland, currently on a 20e a month for unlimited data, calls and texts, and 20gb EU roaming...",96-D-1000,1,2025-12-17 20:32:51,Revolut,Reddit
nul3yqb,1polskq,Revolut Mobile plans available now in Poland and UK,Anybody know how to activate the NordVPN with this plan?,Happyhippo101,1,2025-12-17 22:00:32,Revolut,Reddit
nuqu0w9,1polskq,Revolut Mobile plans available now in Poland and UK,Can I get this from the Czech republic? I live here and work in Poland so I go over the borders a lot and the data plan could be very useful,wetairhair,1,2025-12-18 20:36:27,Revolut,Reddit
nurpmcl,1polskq,Revolut Mobile plans available now in Poland and UK,do they support visual voicemail in the UK?,khurgan_,1,2025-12-18 23:22:15,Revolut,Reddit
nuudqnd,1polskq,Revolut Mobile plans available now in Poland and UK,Mobile plans in France are very low ; I wonder how they will approach our market because these prices are not competitive at all here.,tomm_yyyyy,1,2025-12-19 10:57:50,Revolut,Reddit
nuxeetp,1polskq,Revolut Mobile plans available now in Poland and UK,Don’t subscribe to this nonsense in the UK. An eSIM will be locked to one phone and there’s no way to transfer it.  Deleting it will also mean losing your number,Neuling_,1,2025-12-19 21:03:04,Revolut,Reddit
nuy0l9h,1polskq,Revolut Mobile plans available now in Poland and UK,"https://preview.redd.it/yg8j9c0jt88g1.jpeg?width=1290&amp;format=pjpg&amp;auto=webp&amp;s=b00ad3d3a5932ecf8303bbfdf56b9a7411987431

£12,50 monthly. I think it’s worth it.",Left_Butterscotch531,1,2025-12-19 23:13:44,Revolut,Reddit
nuy0n8m,1polskq,Revolut Mobile plans available now in Poland and UK,"![img](yg8j9c0jt88g1)

£12,50 monthly. I think it’s worth it.",Left_Butterscotch531,1,2025-12-19 23:14:44,Revolut,Reddit
nv229l7,1polskq,Revolut Mobile plans available now in Poland and UK,Was anyone able to find the roaming prices?,meshoo12,1,2025-12-20 17:00:54,Revolut,Reddit
nv6zans,1polskq,Revolut Mobile plans available now in Poland and UK,"The dealbreaker for me is in the UK it uses the Vodafone network. The 100Mbps is also not great. Shame really. I really wanted to shift across.

Is the £14.99 rise in March for everyone or just those who sign up at that time?",PRDUK,1,2025-12-21 13:16:53,Revolut,Reddit
nvjnp4e,1polskq,Revolut Mobile plans available now in Poland and UK,Did a number port and the whole process was smooth.,tao108,1,2025-12-23 14:07:22,Revolut,Reddit
nvsc265,1polskq,Revolut Mobile plans available now in Poland and UK,Anyone knowns anything about roaming costs outside of EU for voice calls and sms?,meshoo12,1,2025-12-24 22:25:22,Revolut,Reddit
nuty7ub,1polskq,Revolut Mobile plans available now in Poland and UK,"Another bullshit, you need app to write to helldesk, bootloader unlocked and app won't open ... Biggest scam i even seen...",theRealM10,0,2025-12-19 08:26:49,Revolut,Reddit
nuhykev,1polskq,Revolut Mobile plans available now in Poland and UK,My mobile provider is giving me unlimited internet acces unlimited text and cals national and 300mins international For 6 euro,Ok_Candidate_7597,-2,2025-12-17 12:03:57,Revolut,Reddit
